<?xml version="1.0" encoding="UTF-8"?>
<!-- Reference route (#167): the Alpenbrevet Gold 2026 from Andermatt over the Oberalp pass to
     Disentis, 33.6 km, as planned on Komoot: the Naetschen hairpins with the rack railway
     alongside, three road tunnels, the Oberalpsee drawn by the planner through the lake
     (#166), the summit tunnel, Tschamut, Sedrun and Disentis. Elevations are the planner's.
     Route geometry from OpenStreetMap via Komoot, (c) OpenStreetMap contributors, ODbL 1.0. -->
<gpx version="1.1" creator="Torqa test fixture" xmlns="http://www.topografix.com/GPX/1/1">
  <metadata><name>Oberalp</name></metadata>
  <trk><trkseg>
    <trkpt lat="46.637567" lon="8.592943"><ele>1435.1</ele></trkpt>
    <trkpt lat="46.638225" lon="8.592513"><ele>1435.1</ele></trkpt>
    <trkpt lat="46.638238" lon="8.592507"><ele>1435.1</ele></trkpt>
    <trkpt lat="46.638249" lon="8.592497"><ele>1435.1</ele></trkpt>
    <trkpt lat="46.638264" lon="8.592490"><ele>1435.1</ele></trkpt>
    <trkpt lat="46.638276" lon="8.592478"><ele>1435.1</ele></trkpt>
    <trkpt lat="46.638287" lon="8.592470"><ele>1435.1</ele></trkpt>
    <trkpt lat="46.638299" lon="8.592466"><ele>1435.1</ele></trkpt>
    <trkpt lat="46.638311" lon="8.592461"><ele>1435.1</ele></trkpt>
    <trkpt lat="46.638325" lon="8.592453"><ele>1435.1</ele></trkpt>
    <trkpt lat="46.638340" lon="8.592448"><ele>1435.1</ele></trkpt>
    <trkpt lat="46.638354" lon="8.592438"><ele>1435.1</ele></trkpt>
    <trkpt lat="46.638368" lon="8.592430"><ele>1435.1</ele></trkpt>
    <trkpt lat="46.638382" lon="8.592423"><ele>1435.1</ele></trkpt>
    <trkpt lat="46.638399" lon="8.592416"><ele>1435.1</ele></trkpt>
    <trkpt lat="46.638416" lon="8.592409"><ele>1435.1</ele></trkpt>
    <trkpt lat="46.638435" lon="8.592405"><ele>1435.2</ele></trkpt>
    <trkpt lat="46.638453" lon="8.592401"><ele>1435.2</ele></trkpt>
    <trkpt lat="46.638472" lon="8.592395"><ele>1435.2</ele></trkpt>
    <trkpt lat="46.638491" lon="8.592384"><ele>1435.2</ele></trkpt>
    <trkpt lat="46.638510" lon="8.592373"><ele>1435.2</ele></trkpt>
    <trkpt lat="46.638528" lon="8.592367"><ele>1435.2</ele></trkpt>
    <trkpt lat="46.638548" lon="8.592365"><ele>1435.2</ele></trkpt>
    <trkpt lat="46.638567" lon="8.592360"><ele>1435.2</ele></trkpt>
    <trkpt lat="46.638587" lon="8.592351"><ele>1435.2</ele></trkpt>
    <trkpt lat="46.638605" lon="8.592341"><ele>1435.2</ele></trkpt>
    <trkpt lat="46.638623" lon="8.592333"><ele>1435.2</ele></trkpt>
    <trkpt lat="46.638641" lon="8.592326"><ele>1435.2</ele></trkpt>
    <trkpt lat="46.638659" lon="8.592315"><ele>1435.2</ele></trkpt>
    <trkpt lat="46.638677" lon="8.592306"><ele>1435.2</ele></trkpt>
    <trkpt lat="46.638698" lon="8.592301"><ele>1435.2</ele></trkpt>
    <trkpt lat="46.638724" lon="8.592289"><ele>1435.2</ele></trkpt>
    <trkpt lat="46.638751" lon="8.592277"><ele>1435.2</ele></trkpt>
    <trkpt lat="46.638779" lon="8.592261"><ele>1435.2</ele></trkpt>
    <trkpt lat="46.638807" lon="8.592246"><ele>1435.2</ele></trkpt>
    <trkpt lat="46.638832" lon="8.592236"><ele>1435.2</ele></trkpt>
    <trkpt lat="46.638860" lon="8.592224"><ele>1435.2</ele></trkpt>
    <trkpt lat="46.638888" lon="8.592213"><ele>1435.2</ele></trkpt>
    <trkpt lat="46.638919" lon="8.592202"><ele>1435.2</ele></trkpt>
    <trkpt lat="46.638949" lon="8.592193"><ele>1435.2</ele></trkpt>
    <trkpt lat="46.638981" lon="8.592186"><ele>1435.2</ele></trkpt>
    <trkpt lat="46.639014" lon="8.592182"><ele>1435.2</ele></trkpt>
    <trkpt lat="46.639047" lon="8.592177"><ele>1435.2</ele></trkpt>
    <trkpt lat="46.639081" lon="8.592172"><ele>1435.2</ele></trkpt>
    <trkpt lat="46.639116" lon="8.592165"><ele>1435.2</ele></trkpt>
    <trkpt lat="46.639149" lon="8.592154"><ele>1435.2</ele></trkpt>
    <trkpt lat="46.639182" lon="8.592150"><ele>1435.3</ele></trkpt>
    <trkpt lat="46.639214" lon="8.592149"><ele>1435.3</ele></trkpt>
    <trkpt lat="46.639247" lon="8.592147"><ele>1435.3</ele></trkpt>
    <trkpt lat="46.639281" lon="8.592144"><ele>1435.3</ele></trkpt>
    <trkpt lat="46.639314" lon="8.592139"><ele>1435.3</ele></trkpt>
    <trkpt lat="46.639348" lon="8.592134"><ele>1435.3</ele></trkpt>
    <trkpt lat="46.639382" lon="8.592131"><ele>1435.3</ele></trkpt>
    <trkpt lat="46.639413" lon="8.592128"><ele>1435.3</ele></trkpt>
    <trkpt lat="46.639444" lon="8.592127"><ele>1435.3</ele></trkpt>
    <trkpt lat="46.639475" lon="8.592127"><ele>1435.3</ele></trkpt>
    <trkpt lat="46.639505" lon="8.592127"><ele>1435.3</ele></trkpt>
    <trkpt lat="46.639535" lon="8.592132"><ele>1435.3</ele></trkpt>
    <trkpt lat="46.639566" lon="8.592137"><ele>1435.3</ele></trkpt>
    <trkpt lat="46.639597" lon="8.592136"><ele>1435.3</ele></trkpt>
    <trkpt lat="46.639628" lon="8.592135"><ele>1435.3</ele></trkpt>
    <trkpt lat="46.639659" lon="8.592134"><ele>1435.3</ele></trkpt>
    <trkpt lat="46.639693" lon="8.592132"><ele>1435.3</ele></trkpt>
    <trkpt lat="46.639731" lon="8.592128"><ele>1435.3</ele></trkpt>
    <trkpt lat="46.639766" lon="8.592120"><ele>1435.3</ele></trkpt>
    <trkpt lat="46.639801" lon="8.592108"><ele>1435.3</ele></trkpt>
    <trkpt lat="46.639836" lon="8.592100"><ele>1435.3</ele></trkpt>
    <trkpt lat="46.639872" lon="8.592089"><ele>1435.3</ele></trkpt>
    <trkpt lat="46.639908" lon="8.592073"><ele>1435.3</ele></trkpt>
    <trkpt lat="46.639942" lon="8.592056"><ele>1435.4</ele></trkpt>
    <trkpt lat="46.639974" lon="8.592035"><ele>1435.4</ele></trkpt>
    <trkpt lat="46.640005" lon="8.592010"><ele>1435.4</ele></trkpt>
    <trkpt lat="46.640035" lon="8.591985"><ele>1435.4</ele></trkpt>
    <trkpt lat="46.640065" lon="8.591970"><ele>1435.4</ele></trkpt>
    <trkpt lat="46.640096" lon="8.591952"><ele>1435.4</ele></trkpt>
    <trkpt lat="46.640127" lon="8.591928"><ele>1435.4</ele></trkpt>
    <trkpt lat="46.640153" lon="8.591905"><ele>1435.4</ele></trkpt>
    <trkpt lat="46.640180" lon="8.591886"><ele>1435.4</ele></trkpt>
    <trkpt lat="46.640204" lon="8.591869"><ele>1435.5</ele></trkpt>
    <trkpt lat="46.640226" lon="8.591853"><ele>1435.5</ele></trkpt>
    <trkpt lat="46.640251" lon="8.591834"><ele>1435.5</ele></trkpt>
    <trkpt lat="46.640276" lon="8.591812"><ele>1435.5</ele></trkpt>
    <trkpt lat="46.640300" lon="8.591791"><ele>1435.6</ele></trkpt>
    <trkpt lat="46.640324" lon="8.591770"><ele>1435.6</ele></trkpt>
    <trkpt lat="46.640350" lon="8.591750"><ele>1435.6</ele></trkpt>
    <trkpt lat="46.640375" lon="8.591724"><ele>1435.6</ele></trkpt>
    <trkpt lat="46.640399" lon="8.591702"><ele>1435.7</ele></trkpt>
    <trkpt lat="46.640419" lon="8.591683"><ele>1435.7</ele></trkpt>
    <trkpt lat="46.640440" lon="8.591666"><ele>1435.7</ele></trkpt>
    <trkpt lat="46.640462" lon="8.591648"><ele>1435.7</ele></trkpt>
    <trkpt lat="46.640483" lon="8.591629"><ele>1435.8</ele></trkpt>
    <trkpt lat="46.640505" lon="8.591611"><ele>1435.8</ele></trkpt>
    <trkpt lat="46.640527" lon="8.591592"><ele>1435.8</ele></trkpt>
    <trkpt lat="46.640551" lon="8.591575"><ele>1435.8</ele></trkpt>
    <trkpt lat="46.640576" lon="8.591555"><ele>1435.9</ele></trkpt>
    <trkpt lat="46.640600" lon="8.591542"><ele>1435.9</ele></trkpt>
    <trkpt lat="46.640621" lon="8.591528"><ele>1435.9</ele></trkpt>
    <trkpt lat="46.640643" lon="8.591512"><ele>1435.9</ele></trkpt>
    <trkpt lat="46.640665" lon="8.591497"><ele>1435.9</ele></trkpt>
    <trkpt lat="46.640688" lon="8.591483"><ele>1436.0</ele></trkpt>
    <trkpt lat="46.640712" lon="8.591468"><ele>1436.0</ele></trkpt>
    <trkpt lat="46.640736" lon="8.591452"><ele>1436.0</ele></trkpt>
    <trkpt lat="46.640761" lon="8.591441"><ele>1436.0</ele></trkpt>
    <trkpt lat="46.640786" lon="8.591432"><ele>1436.1</ele></trkpt>
    <trkpt lat="46.640811" lon="8.591426"><ele>1436.1</ele></trkpt>
    <trkpt lat="46.640835" lon="8.591422"><ele>1436.1</ele></trkpt>
    <trkpt lat="46.640858" lon="8.591422"><ele>1436.1</ele></trkpt>
    <trkpt lat="46.640885" lon="8.591428"><ele>1436.2</ele></trkpt>
    <trkpt lat="46.640910" lon="8.591443"><ele>1436.2</ele></trkpt>
    <trkpt lat="46.640932" lon="8.591461"><ele>1436.2</ele></trkpt>
    <trkpt lat="46.640954" lon="8.591489"><ele>1436.2</ele></trkpt>
    <trkpt lat="46.640973" lon="8.591521"><ele>1436.3</ele></trkpt>
    <trkpt lat="46.640987" lon="8.591556"><ele>1436.3</ele></trkpt>
    <trkpt lat="46.640999" lon="8.591598"><ele>1436.3</ele></trkpt>
    <trkpt lat="46.641007" lon="8.591637"><ele>1436.3</ele></trkpt>
    <trkpt lat="46.641011" lon="8.591676"><ele>1436.4</ele></trkpt>
    <trkpt lat="46.641016" lon="8.591724"><ele>1436.4</ele></trkpt>
    <trkpt lat="46.641018" lon="8.591773"><ele>1436.4</ele></trkpt>
    <trkpt lat="46.641014" lon="8.591827"><ele>1436.5</ele></trkpt>
    <trkpt lat="46.641006" lon="8.591875"><ele>1436.5</ele></trkpt>
    <trkpt lat="46.640994" lon="8.591918"><ele>1436.5</ele></trkpt>
    <trkpt lat="46.640982" lon="8.591953"><ele>1436.6</ele></trkpt>
    <trkpt lat="46.640966" lon="8.591986"><ele>1436.6</ele></trkpt>
    <trkpt lat="46.640954" lon="8.592028"><ele>1436.6</ele></trkpt>
    <trkpt lat="46.640949" lon="8.592077"><ele>1436.6</ele></trkpt>
    <trkpt lat="46.640953" lon="8.592132"><ele>1436.7</ele></trkpt>
    <trkpt lat="46.640966" lon="8.592185"><ele>1436.7</ele></trkpt>
    <trkpt lat="46.640983" lon="8.592233"><ele>1436.8</ele></trkpt>
    <trkpt lat="46.640999" lon="8.592279"><ele>1436.8</ele></trkpt>
    <trkpt lat="46.641011" lon="8.592328"><ele>1436.8</ele></trkpt>
    <trkpt lat="46.641018" lon="8.592383"><ele>1436.9</ele></trkpt>
    <trkpt lat="46.641016" lon="8.592445"><ele>1436.9</ele></trkpt>
    <trkpt lat="46.641007" lon="8.592502"><ele>1436.9</ele></trkpt>
    <trkpt lat="46.640992" lon="8.592557"><ele>1437.0</ele></trkpt>
    <trkpt lat="46.640972" lon="8.592605"><ele>1437.0</ele></trkpt>
    <trkpt lat="46.640945" lon="8.592647"><ele>1437.0</ele></trkpt>
    <trkpt lat="46.640915" lon="8.592681"><ele>1437.1</ele></trkpt>
    <trkpt lat="46.640880" lon="8.592711"><ele>1437.0</ele></trkpt>
    <trkpt lat="46.640841" lon="8.592735"><ele>1437.0</ele></trkpt>
    <trkpt lat="46.640799" lon="8.592752"><ele>1437.0</ele></trkpt>
    <trkpt lat="46.640753" lon="8.592761"><ele>1437.0</ele></trkpt>
    <trkpt lat="46.640705" lon="8.592767"><ele>1436.9</ele></trkpt>
    <trkpt lat="46.640657" lon="8.592771"><ele>1436.9</ele></trkpt>
    <trkpt lat="46.640610" lon="8.592778"><ele>1436.9</ele></trkpt>
    <trkpt lat="46.640562" lon="8.592789"><ele>1436.9</ele></trkpt>
    <trkpt lat="46.640514" lon="8.592798"><ele>1436.9</ele></trkpt>
    <trkpt lat="46.640466" lon="8.592810"><ele>1436.8</ele></trkpt>
    <trkpt lat="46.640414" lon="8.592824"><ele>1436.8</ele></trkpt>
    <trkpt lat="46.640365" lon="8.592841"><ele>1436.8</ele></trkpt>
    <trkpt lat="46.640315" lon="8.592868"><ele>1436.7</ele></trkpt>
    <trkpt lat="46.640267" lon="8.592898"><ele>1436.7</ele></trkpt>
    <trkpt lat="46.640217" lon="8.592937"><ele>1436.7</ele></trkpt>
    <trkpt lat="46.640131" lon="8.593020"><ele>1436.6</ele></trkpt>
    <trkpt lat="46.640093" lon="8.593061"><ele>1436.6</ele></trkpt>
    <trkpt lat="46.640057" lon="8.593103"><ele>1436.6</ele></trkpt>
    <trkpt lat="46.640026" lon="8.593143"><ele>1436.6</ele></trkpt>
    <trkpt lat="46.639997" lon="8.593186"><ele>1436.5</ele></trkpt>
    <trkpt lat="46.639969" lon="8.593227"><ele>1436.5</ele></trkpt>
    <trkpt lat="46.639941" lon="8.593269"><ele>1436.5</ele></trkpt>
    <trkpt lat="46.639913" lon="8.593312"><ele>1436.5</ele></trkpt>
    <trkpt lat="46.639888" lon="8.593357"><ele>1436.5</ele></trkpt>
    <trkpt lat="46.639860" lon="8.593400"><ele>1436.4</ele></trkpt>
    <trkpt lat="46.639830" lon="8.593440"><ele>1436.4</ele></trkpt>
    <trkpt lat="46.639800" lon="8.593484"><ele>1436.4</ele></trkpt>
    <trkpt lat="46.639771" lon="8.593524"><ele>1436.4</ele></trkpt>
    <trkpt lat="46.639741" lon="8.593563"><ele>1436.4</ele></trkpt>
    <trkpt lat="46.639712" lon="8.593605"><ele>1436.3</ele></trkpt>
    <trkpt lat="46.639682" lon="8.593642"><ele>1436.3</ele></trkpt>
    <trkpt lat="46.639652" lon="8.593680"><ele>1436.3</ele></trkpt>
    <trkpt lat="46.639621" lon="8.593713"><ele>1436.3</ele></trkpt>
    <trkpt lat="46.639591" lon="8.593746"><ele>1436.3</ele></trkpt>
    <trkpt lat="46.639562" lon="8.593774"><ele>1436.2</ele></trkpt>
    <trkpt lat="46.639534" lon="8.593803"><ele>1436.2</ele></trkpt>
    <trkpt lat="46.639506" lon="8.593831"><ele>1436.2</ele></trkpt>
    <trkpt lat="46.639475" lon="8.593860"><ele>1436.2</ele></trkpt>
    <trkpt lat="46.639445" lon="8.593889"><ele>1436.2</ele></trkpt>
    <trkpt lat="46.639415" lon="8.593916"><ele>1436.2</ele></trkpt>
    <trkpt lat="46.639384" lon="8.593942"><ele>1436.2</ele></trkpt>
    <trkpt lat="46.639351" lon="8.593972"><ele>1436.3</ele></trkpt>
    <trkpt lat="46.639318" lon="8.594002"><ele>1436.3</ele></trkpt>
    <trkpt lat="46.639283" lon="8.594030"><ele>1436.4</ele></trkpt>
    <trkpt lat="46.639249" lon="8.594058"><ele>1436.4</ele></trkpt>
    <trkpt lat="46.639215" lon="8.594084"><ele>1436.5</ele></trkpt>
    <trkpt lat="46.639181" lon="8.594112"><ele>1436.6</ele></trkpt>
    <trkpt lat="46.639150" lon="8.594133"><ele>1436.6</ele></trkpt>
    <trkpt lat="46.639120" lon="8.594151"><ele>1436.7</ele></trkpt>
    <trkpt lat="46.639091" lon="8.594169"><ele>1436.7</ele></trkpt>
    <trkpt lat="46.639062" lon="8.594188"><ele>1436.8</ele></trkpt>
    <trkpt lat="46.639032" lon="8.594206"><ele>1436.8</ele></trkpt>
    <trkpt lat="46.639004" lon="8.594225"><ele>1436.9</ele></trkpt>
    <trkpt lat="46.638971" lon="8.594243"><ele>1436.9</ele></trkpt>
    <trkpt lat="46.638940" lon="8.594262"><ele>1437.0</ele></trkpt>
    <trkpt lat="46.638907" lon="8.594279"><ele>1437.0</ele></trkpt>
    <trkpt lat="46.638873" lon="8.594299"><ele>1437.1</ele></trkpt>
    <trkpt lat="46.638840" lon="8.594314"><ele>1437.1</ele></trkpt>
    <trkpt lat="46.638809" lon="8.594327"><ele>1437.2</ele></trkpt>
    <trkpt lat="46.638775" lon="8.594344"><ele>1437.2</ele></trkpt>
    <trkpt lat="46.638741" lon="8.594361"><ele>1437.3</ele></trkpt>
    <trkpt lat="46.638706" lon="8.594378"><ele>1437.3</ele></trkpt>
    <trkpt lat="46.638672" lon="8.594395"><ele>1437.4</ele></trkpt>
    <trkpt lat="46.638635" lon="8.594411"><ele>1437.5</ele></trkpt>
    <trkpt lat="46.638599" lon="8.594427"><ele>1437.5</ele></trkpt>
    <trkpt lat="46.638562" lon="8.594443"><ele>1437.6</ele></trkpt>
    <trkpt lat="46.638523" lon="8.594461"><ele>1437.6</ele></trkpt>
    <trkpt lat="46.638485" lon="8.594477"><ele>1437.7</ele></trkpt>
    <trkpt lat="46.638444" lon="8.594490"><ele>1437.8</ele></trkpt>
    <trkpt lat="46.638406" lon="8.594506"><ele>1437.8</ele></trkpt>
    <trkpt lat="46.638366" lon="8.594524"><ele>1437.9</ele></trkpt>
    <trkpt lat="46.638325" lon="8.594543"><ele>1437.9</ele></trkpt>
    <trkpt lat="46.638283" lon="8.594560"><ele>1438.0</ele></trkpt>
    <trkpt lat="46.638242" lon="8.594575"><ele>1438.1</ele></trkpt>
    <trkpt lat="46.638201" lon="8.594586"><ele>1438.1</ele></trkpt>
    <trkpt lat="46.638161" lon="8.594598"><ele>1438.2</ele></trkpt>
    <trkpt lat="46.638121" lon="8.594608"><ele>1438.3</ele></trkpt>
    <trkpt lat="46.638081" lon="8.594617"><ele>1438.3</ele></trkpt>
    <trkpt lat="46.638040" lon="8.594625"><ele>1438.4</ele></trkpt>
    <trkpt lat="46.637999" lon="8.594636"><ele>1438.5</ele></trkpt>
    <trkpt lat="46.637956" lon="8.594646"><ele>1438.5</ele></trkpt>
    <trkpt lat="46.637913" lon="8.594656"><ele>1438.6</ele></trkpt>
    <trkpt lat="46.637871" lon="8.594667"><ele>1438.7</ele></trkpt>
    <trkpt lat="46.637827" lon="8.594678"><ele>1438.7</ele></trkpt>
    <trkpt lat="46.637783" lon="8.594689"><ele>1438.8</ele></trkpt>
    <trkpt lat="46.637738" lon="8.594699"><ele>1438.9</ele></trkpt>
    <trkpt lat="46.637694" lon="8.594709"><ele>1438.9</ele></trkpt>
    <trkpt lat="46.637652" lon="8.594719"><ele>1439.0</ele></trkpt>
    <trkpt lat="46.637611" lon="8.594729"><ele>1439.0</ele></trkpt>
    <trkpt lat="46.637573" lon="8.594738"><ele>1439.1</ele></trkpt>
    <trkpt lat="46.637537" lon="8.594749"><ele>1439.1</ele></trkpt>
    <trkpt lat="46.637503" lon="8.594759"><ele>1439.2</ele></trkpt>
    <trkpt lat="46.637471" lon="8.594770"><ele>1439.2</ele></trkpt>
    <trkpt lat="46.637438" lon="8.594779"><ele>1439.3</ele></trkpt>
    <trkpt lat="46.637404" lon="8.594789"><ele>1439.3</ele></trkpt>
    <trkpt lat="46.637369" lon="8.594794"><ele>1439.4</ele></trkpt>
    <trkpt lat="46.637331" lon="8.594803"><ele>1439.4</ele></trkpt>
    <trkpt lat="46.637292" lon="8.594813"><ele>1439.5</ele></trkpt>
    <trkpt lat="46.637252" lon="8.594823"><ele>1439.5</ele></trkpt>
    <trkpt lat="46.637212" lon="8.594833"><ele>1439.6</ele></trkpt>
    <trkpt lat="46.637174" lon="8.594844"><ele>1439.6</ele></trkpt>
    <trkpt lat="46.637136" lon="8.594858"><ele>1439.7</ele></trkpt>
    <trkpt lat="46.637097" lon="8.594875"><ele>1439.7</ele></trkpt>
    <trkpt lat="46.637056" lon="8.594890"><ele>1439.8</ele></trkpt>
    <trkpt lat="46.637016" lon="8.594909"><ele>1439.8</ele></trkpt>
    <trkpt lat="46.636975" lon="8.594927"><ele>1439.9</ele></trkpt>
    <trkpt lat="46.636933" lon="8.594943"><ele>1439.9</ele></trkpt>
    <trkpt lat="46.636891" lon="8.594960"><ele>1440.0</ele></trkpt>
    <trkpt lat="46.636850" lon="8.594978"><ele>1440.0</ele></trkpt>
    <trkpt lat="46.636806" lon="8.594996"><ele>1440.1</ele></trkpt>
    <trkpt lat="46.636763" lon="8.595016"><ele>1440.2</ele></trkpt>
    <trkpt lat="46.636721" lon="8.595038"><ele>1440.2</ele></trkpt>
    <trkpt lat="46.636680" lon="8.595063"><ele>1440.3</ele></trkpt>
    <trkpt lat="46.636639" lon="8.595084"><ele>1440.3</ele></trkpt>
    <trkpt lat="46.636599" lon="8.595107"><ele>1440.4</ele></trkpt>
    <trkpt lat="46.636559" lon="8.595131"><ele>1440.4</ele></trkpt>
    <trkpt lat="46.636520" lon="8.595154"><ele>1440.5</ele></trkpt>
    <trkpt lat="46.636481" lon="8.595174"><ele>1440.5</ele></trkpt>
    <trkpt lat="46.636442" lon="8.595194"><ele>1440.6</ele></trkpt>
    <trkpt lat="46.636402" lon="8.595216"><ele>1440.6</ele></trkpt>
    <trkpt lat="46.636364" lon="8.595238"><ele>1440.7</ele></trkpt>
    <trkpt lat="46.636327" lon="8.595262"><ele>1440.8</ele></trkpt>
    <trkpt lat="46.636290" lon="8.595285"><ele>1440.8</ele></trkpt>
    <trkpt lat="46.636256" lon="8.595309"><ele>1440.9</ele></trkpt>
    <trkpt lat="46.636220" lon="8.595333"><ele>1440.9</ele></trkpt>
    <trkpt lat="46.636184" lon="8.595356"><ele>1441.0</ele></trkpt>
    <trkpt lat="46.636146" lon="8.595380"><ele>1441.0</ele></trkpt>
    <trkpt lat="46.636068" lon="8.595426"><ele>1441.1</ele></trkpt>
    <trkpt lat="46.636029" lon="8.595447"><ele>1441.2</ele></trkpt>
    <trkpt lat="46.635991" lon="8.595471"><ele>1441.2</ele></trkpt>
    <trkpt lat="46.635956" lon="8.595497"><ele>1441.4</ele></trkpt>
    <trkpt lat="46.635918" lon="8.595521"><ele>1441.5</ele></trkpt>
    <trkpt lat="46.635883" lon="8.595543"><ele>1441.7</ele></trkpt>
    <trkpt lat="46.635847" lon="8.595565"><ele>1441.8</ele></trkpt>
    <trkpt lat="46.635813" lon="8.595586"><ele>1442.0</ele></trkpt>
    <trkpt lat="46.635778" lon="8.595607"><ele>1442.1</ele></trkpt>
    <trkpt lat="46.635739" lon="8.595629"><ele>1442.2</ele></trkpt>
    <trkpt lat="46.635700" lon="8.595654"><ele>1442.4</ele></trkpt>
    <trkpt lat="46.635664" lon="8.595677"><ele>1442.6</ele></trkpt>
    <trkpt lat="46.635628" lon="8.595697"><ele>1442.7</ele></trkpt>
    <trkpt lat="46.635594" lon="8.595717"><ele>1442.8</ele></trkpt>
    <trkpt lat="46.635560" lon="8.595737"><ele>1443.0</ele></trkpt>
    <trkpt lat="46.635522" lon="8.595758"><ele>1443.1</ele></trkpt>
    <trkpt lat="46.635481" lon="8.595784"><ele>1443.3</ele></trkpt>
    <trkpt lat="46.635439" lon="8.595809"><ele>1443.5</ele></trkpt>
    <trkpt lat="46.635398" lon="8.595834"><ele>1443.6</ele></trkpt>
    <trkpt lat="46.635360" lon="8.595856"><ele>1443.8</ele></trkpt>
    <trkpt lat="46.635322" lon="8.595877"><ele>1443.9</ele></trkpt>
    <trkpt lat="46.635286" lon="8.595892"><ele>1444.1</ele></trkpt>
    <trkpt lat="46.635247" lon="8.595910"><ele>1444.2</ele></trkpt>
    <trkpt lat="46.635211" lon="8.595935"><ele>1444.4</ele></trkpt>
    <trkpt lat="46.635176" lon="8.595964"><ele>1444.5</ele></trkpt>
    <trkpt lat="46.635141" lon="8.595991"><ele>1444.7</ele></trkpt>
    <trkpt lat="46.635107" lon="8.596019"><ele>1444.8</ele></trkpt>
    <trkpt lat="46.635075" lon="8.596048"><ele>1444.9</ele></trkpt>
    <trkpt lat="46.635043" lon="8.596077"><ele>1445.1</ele></trkpt>
    <trkpt lat="46.635013" lon="8.596099"><ele>1445.2</ele></trkpt>
    <trkpt lat="46.634987" lon="8.596119"><ele>1445.3</ele></trkpt>
    <trkpt lat="46.634964" lon="8.596138"><ele>1445.4</ele></trkpt>
    <trkpt lat="46.634941" lon="8.596159"><ele>1445.5</ele></trkpt>
    <trkpt lat="46.634918" lon="8.596179"><ele>1445.6</ele></trkpt>
    <trkpt lat="46.634896" lon="8.596202"><ele>1445.7</ele></trkpt>
    <trkpt lat="46.634874" lon="8.596227"><ele>1445.8</ele></trkpt>
    <trkpt lat="46.634851" lon="8.596251"><ele>1445.9</ele></trkpt>
    <trkpt lat="46.634829" lon="8.596276"><ele>1446.0</ele></trkpt>
    <trkpt lat="46.634809" lon="8.596307"><ele>1446.1</ele></trkpt>
    <trkpt lat="46.634797" lon="8.596341"><ele>1446.2</ele></trkpt>
    <trkpt lat="46.634791" lon="8.596377"><ele>1446.3</ele></trkpt>
    <trkpt lat="46.634789" lon="8.596413"><ele>1446.4</ele></trkpt>
    <trkpt lat="46.634795" lon="8.596447"><ele>1446.5</ele></trkpt>
    <trkpt lat="46.634806" lon="8.596479"><ele>1446.6</ele></trkpt>
    <trkpt lat="46.634822" lon="8.596511"><ele>1446.7</ele></trkpt>
    <trkpt lat="46.634842" lon="8.596541"><ele>1446.8</ele></trkpt>
    <trkpt lat="46.634860" lon="8.596565"><ele>1446.9</ele></trkpt>
    <trkpt lat="46.634878" lon="8.596587"><ele>1447.0</ele></trkpt>
    <trkpt lat="46.634899" lon="8.596607"><ele>1447.1</ele></trkpt>
    <trkpt lat="46.634921" lon="8.596628"><ele>1447.2</ele></trkpt>
    <trkpt lat="46.634943" lon="8.596650"><ele>1447.3</ele></trkpt>
    <trkpt lat="46.634964" lon="8.596671"><ele>1447.4</ele></trkpt>
    <trkpt lat="46.634986" lon="8.596688"><ele>1447.5</ele></trkpt>
    <trkpt lat="46.635007" lon="8.596701"><ele>1447.5</ele></trkpt>
    <trkpt lat="46.635032" lon="8.596715"><ele>1447.6</ele></trkpt>
    <trkpt lat="46.635059" lon="8.596724"><ele>1447.7</ele></trkpt>
    <trkpt lat="46.635086" lon="8.596730"><ele>1447.8</ele></trkpt>
    <trkpt lat="46.635112" lon="8.596737"><ele>1448.0</ele></trkpt>
    <trkpt lat="46.635140" lon="8.596737"><ele>1448.2</ele></trkpt>
    <trkpt lat="46.635169" lon="8.596733"><ele>1448.4</ele></trkpt>
    <trkpt lat="46.635196" lon="8.596728"><ele>1448.6</ele></trkpt>
    <trkpt lat="46.635223" lon="8.596722"><ele>1448.8</ele></trkpt>
    <trkpt lat="46.635251" lon="8.596715"><ele>1449.0</ele></trkpt>
    <trkpt lat="46.635279" lon="8.596710"><ele>1449.2</ele></trkpt>
    <trkpt lat="46.635305" lon="8.596707"><ele>1449.3</ele></trkpt>
    <trkpt lat="46.635332" lon="8.596711"><ele>1449.5</ele></trkpt>
    <trkpt lat="46.635357" lon="8.596717"><ele>1449.7</ele></trkpt>
    <trkpt lat="46.635382" lon="8.596728"><ele>1449.9</ele></trkpt>
    <trkpt lat="46.635407" lon="8.596743"><ele>1450.1</ele></trkpt>
    <trkpt lat="46.635432" lon="8.596760"><ele>1450.3</ele></trkpt>
    <trkpt lat="46.635455" lon="8.596786"><ele>1450.5</ele></trkpt>
    <trkpt lat="46.635478" lon="8.596814"><ele>1450.7</ele></trkpt>
    <trkpt lat="46.635497" lon="8.596844"><ele>1450.9</ele></trkpt>
    <trkpt lat="46.635510" lon="8.596881"><ele>1451.1</ele></trkpt>
    <trkpt lat="46.635513" lon="8.596919"><ele>1451.3</ele></trkpt>
    <trkpt lat="46.635513" lon="8.596956"><ele>1451.4</ele></trkpt>
    <trkpt lat="46.635510" lon="8.596989"><ele>1451.6</ele></trkpt>
    <trkpt lat="46.635502" lon="8.597017"><ele>1451.7</ele></trkpt>
    <trkpt lat="46.635489" lon="8.597043"><ele>1451.9</ele></trkpt>
    <trkpt lat="46.635472" lon="8.597068"><ele>1452.1</ele></trkpt>
    <trkpt lat="46.635456" lon="8.597087"><ele>1452.2</ele></trkpt>
    <trkpt lat="46.635439" lon="8.597098"><ele>1452.3</ele></trkpt>
    <trkpt lat="46.635423" lon="8.597109"><ele>1452.5</ele></trkpt>
    <trkpt lat="46.635406" lon="8.597114"><ele>1452.6</ele></trkpt>
    <trkpt lat="46.635387" lon="8.597119"><ele>1452.7</ele></trkpt>
    <trkpt lat="46.635370" lon="8.597120"><ele>1452.8</ele></trkpt>
    <trkpt lat="46.635355" lon="8.597119"><ele>1452.9</ele></trkpt>
    <trkpt lat="46.635341" lon="8.597118"><ele>1453.0</ele></trkpt>
    <trkpt lat="46.635330" lon="8.597112"><ele>1453.1</ele></trkpt>
    <trkpt lat="46.635320" lon="8.597105"><ele>1453.2</ele></trkpt>
    <trkpt lat="46.635308" lon="8.597102"><ele>1453.3</ele></trkpt>
    <trkpt lat="46.635298" lon="8.597099"><ele>1453.3</ele></trkpt>
    <trkpt lat="46.635292" lon="8.597094"><ele>1453.4</ele></trkpt>
    <trkpt lat="46.635285" lon="8.597091"><ele>1453.4</ele></trkpt>
    <trkpt lat="46.635279" lon="8.597085"><ele>1453.5</ele></trkpt>
    <trkpt lat="46.635270" lon="8.597079"><ele>1453.6</ele></trkpt>
    <trkpt lat="46.635262" lon="8.597074"><ele>1453.6</ele></trkpt>
    <trkpt lat="46.635255" lon="8.597069"><ele>1453.7</ele></trkpt>
    <trkpt lat="46.635247" lon="8.597061"><ele>1453.7</ele></trkpt>
    <trkpt lat="46.635236" lon="8.597056"><ele>1453.8</ele></trkpt>
    <trkpt lat="46.635225" lon="8.597051"><ele>1453.9</ele></trkpt>
    <trkpt lat="46.635215" lon="8.597042"><ele>1454.0</ele></trkpt>
    <trkpt lat="46.635205" lon="8.597029"><ele>1454.1</ele></trkpt>
    <trkpt lat="46.635193" lon="8.597018"><ele>1454.2</ele></trkpt>
    <trkpt lat="46.635182" lon="8.597003"><ele>1454.3</ele></trkpt>
    <trkpt lat="46.635172" lon="8.596994"><ele>1454.4</ele></trkpt>
    <trkpt lat="46.635163" lon="8.596984"><ele>1454.4</ele></trkpt>
    <trkpt lat="46.635152" lon="8.596973"><ele>1454.5</ele></trkpt>
    <trkpt lat="46.635141" lon="8.596962"><ele>1454.6</ele></trkpt>
    <trkpt lat="46.635130" lon="8.596952"><ele>1454.7</ele></trkpt>
    <trkpt lat="46.635118" lon="8.596943"><ele>1454.8</ele></trkpt>
    <trkpt lat="46.635109" lon="8.596933"><ele>1454.9</ele></trkpt>
    <trkpt lat="46.635100" lon="8.596925"><ele>1455.0</ele></trkpt>
    <trkpt lat="46.635091" lon="8.596917"><ele>1455.0</ele></trkpt>
    <trkpt lat="46.635080" lon="8.596911"><ele>1455.1</ele></trkpt>
    <trkpt lat="46.635066" lon="8.596906"><ele>1455.2</ele></trkpt>
    <trkpt lat="46.635057" lon="8.596897"><ele>1455.3</ele></trkpt>
    <trkpt lat="46.635046" lon="8.596891"><ele>1455.4</ele></trkpt>
    <trkpt lat="46.635034" lon="8.596885"><ele>1455.5</ele></trkpt>
    <trkpt lat="46.635021" lon="8.596878"><ele>1455.6</ele></trkpt>
    <trkpt lat="46.635012" lon="8.596871"><ele>1455.6</ele></trkpt>
    <trkpt lat="46.635001" lon="8.596866"><ele>1455.7</ele></trkpt>
    <trkpt lat="46.634990" lon="8.596864"><ele>1455.8</ele></trkpt>
    <trkpt lat="46.634977" lon="8.596859"><ele>1455.9</ele></trkpt>
    <trkpt lat="46.634967" lon="8.596855"><ele>1456.0</ele></trkpt>
    <trkpt lat="46.634956" lon="8.596856"><ele>1456.0</ele></trkpt>
    <trkpt lat="46.634943" lon="8.596855"><ele>1456.1</ele></trkpt>
    <trkpt lat="46.634930" lon="8.596852"><ele>1456.2</ele></trkpt>
    <trkpt lat="46.634917" lon="8.596851"><ele>1456.3</ele></trkpt>
    <trkpt lat="46.634904" lon="8.596851"><ele>1456.4</ele></trkpt>
    <trkpt lat="46.634891" lon="8.596850"><ele>1456.5</ele></trkpt>
    <trkpt lat="46.634880" lon="8.596850"><ele>1456.6</ele></trkpt>
    <trkpt lat="46.634870" lon="8.596848"><ele>1456.6</ele></trkpt>
    <trkpt lat="46.634861" lon="8.596845"><ele>1456.7</ele></trkpt>
    <trkpt lat="46.634851" lon="8.596844"><ele>1456.8</ele></trkpt>
    <trkpt lat="46.634851" lon="8.596844"><ele>1456.8</ele></trkpt>
    <trkpt lat="46.634828" lon="8.596841"><ele>1456.9</ele></trkpt>
    <trkpt lat="46.634816" lon="8.596843"><ele>1457.0</ele></trkpt>
    <trkpt lat="46.634805" lon="8.596847"><ele>1457.1</ele></trkpt>
    <trkpt lat="46.634793" lon="8.596854"><ele>1457.2</ele></trkpt>
    <trkpt lat="46.634779" lon="8.596860"><ele>1457.3</ele></trkpt>
    <trkpt lat="46.634764" lon="8.596865"><ele>1457.4</ele></trkpt>
    <trkpt lat="46.634752" lon="8.596869"><ele>1457.5</ele></trkpt>
    <trkpt lat="46.634740" lon="8.596870"><ele>1457.6</ele></trkpt>
    <trkpt lat="46.634728" lon="8.596877"><ele>1457.6</ele></trkpt>
    <trkpt lat="46.634717" lon="8.596884"><ele>1457.7</ele></trkpt>
    <trkpt lat="46.634704" lon="8.596893"><ele>1457.8</ele></trkpt>
    <trkpt lat="46.634690" lon="8.596896"><ele>1457.9</ele></trkpt>
    <trkpt lat="46.634678" lon="8.596901"><ele>1458.0</ele></trkpt>
    <trkpt lat="46.634666" lon="8.596907"><ele>1458.1</ele></trkpt>
    <trkpt lat="46.634652" lon="8.596917"><ele>1458.2</ele></trkpt>
    <trkpt lat="46.634637" lon="8.596928"><ele>1458.3</ele></trkpt>
    <trkpt lat="46.634623" lon="8.596939"><ele>1458.4</ele></trkpt>
    <trkpt lat="46.634610" lon="8.596953"><ele>1458.6</ele></trkpt>
    <trkpt lat="46.634595" lon="8.596966"><ele>1458.7</ele></trkpt>
    <trkpt lat="46.634579" lon="8.596980"><ele>1458.8</ele></trkpt>
    <trkpt lat="46.634567" lon="8.596990"><ele>1458.9</ele></trkpt>
    <trkpt lat="46.634557" lon="8.597005"><ele>1459.0</ele></trkpt>
    <trkpt lat="46.634546" lon="8.597018"><ele>1459.1</ele></trkpt>
    <trkpt lat="46.634537" lon="8.597034"><ele>1459.2</ele></trkpt>
    <trkpt lat="46.634527" lon="8.597049"><ele>1459.3</ele></trkpt>
    <trkpt lat="46.634516" lon="8.597063"><ele>1459.4</ele></trkpt>
    <trkpt lat="46.634508" lon="8.597081"><ele>1459.5</ele></trkpt>
    <trkpt lat="46.634502" lon="8.597099"><ele>1459.6</ele></trkpt>
    <trkpt lat="46.634493" lon="8.597112"><ele>1459.7</ele></trkpt>
    <trkpt lat="46.634485" lon="8.597127"><ele>1459.8</ele></trkpt>
    <trkpt lat="46.634478" lon="8.597145"><ele>1459.9</ele></trkpt>
    <trkpt lat="46.634473" lon="8.597162"><ele>1460.0</ele></trkpt>
    <trkpt lat="46.634468" lon="8.597178"><ele>1460.0</ele></trkpt>
    <trkpt lat="46.634462" lon="8.597194"><ele>1460.1</ele></trkpt>
    <trkpt lat="46.634454" lon="8.597210"><ele>1460.2</ele></trkpt>
    <trkpt lat="46.634449" lon="8.597230"><ele>1460.3</ele></trkpt>
    <trkpt lat="46.634444" lon="8.597242"><ele>1460.4</ele></trkpt>
    <trkpt lat="46.634437" lon="8.597255"><ele>1460.5</ele></trkpt>
    <trkpt lat="46.634432" lon="8.597271"><ele>1460.6</ele></trkpt>
    <trkpt lat="46.634426" lon="8.597285"><ele>1460.7</ele></trkpt>
    <trkpt lat="46.634421" lon="8.597299"><ele>1460.7</ele></trkpt>
    <trkpt lat="46.634416" lon="8.597316"><ele>1460.8</ele></trkpt>
    <trkpt lat="46.634414" lon="8.597332"><ele>1460.9</ele></trkpt>
    <trkpt lat="46.634410" lon="8.597346"><ele>1461.0</ele></trkpt>
    <trkpt lat="46.634405" lon="8.597362"><ele>1461.1</ele></trkpt>
    <trkpt lat="46.634401" lon="8.597381"><ele>1461.2</ele></trkpt>
    <trkpt lat="46.634398" lon="8.597397"><ele>1461.3</ele></trkpt>
    <trkpt lat="46.634396" lon="8.597416"><ele>1461.4</ele></trkpt>
    <trkpt lat="46.634393" lon="8.597432"><ele>1461.5</ele></trkpt>
    <trkpt lat="46.634392" lon="8.597450"><ele>1461.5</ele></trkpt>
    <trkpt lat="46.634393" lon="8.597465"><ele>1461.6</ele></trkpt>
    <trkpt lat="46.634394" lon="8.597480"><ele>1461.7</ele></trkpt>
    <trkpt lat="46.634394" lon="8.597494"><ele>1461.8</ele></trkpt>
    <trkpt lat="46.634393" lon="8.597510"><ele>1461.9</ele></trkpt>
    <trkpt lat="46.634392" lon="8.597527"><ele>1461.9</ele></trkpt>
    <trkpt lat="46.634390" lon="8.597539"><ele>1462.0</ele></trkpt>
    <trkpt lat="46.634387" lon="8.597552"><ele>1462.1</ele></trkpt>
    <trkpt lat="46.634384" lon="8.597566"><ele>1462.1</ele></trkpt>
    <trkpt lat="46.634384" lon="8.597582"><ele>1462.2</ele></trkpt>
    <trkpt lat="46.634384" lon="8.597597"><ele>1462.3</ele></trkpt>
    <trkpt lat="46.634383" lon="8.597616"><ele>1462.4</ele></trkpt>
    <trkpt lat="46.634383" lon="8.597633"><ele>1462.5</ele></trkpt>
    <trkpt lat="46.634381" lon="8.597651"><ele>1462.6</ele></trkpt>
    <trkpt lat="46.634380" lon="8.597669"><ele>1462.7</ele></trkpt>
    <trkpt lat="46.634379" lon="8.597684"><ele>1462.8</ele></trkpt>
    <trkpt lat="46.634377" lon="8.597698"><ele>1462.8</ele></trkpt>
    <trkpt lat="46.634375" lon="8.597715"><ele>1462.9</ele></trkpt>
    <trkpt lat="46.634375" lon="8.597733"><ele>1463.0</ele></trkpt>
    <trkpt lat="46.634378" lon="8.597750"><ele>1463.1</ele></trkpt>
    <trkpt lat="46.634376" lon="8.597766"><ele>1463.2</ele></trkpt>
    <trkpt lat="46.634374" lon="8.597786"><ele>1463.3</ele></trkpt>
    <trkpt lat="46.634374" lon="8.597802"><ele>1463.4</ele></trkpt>
    <trkpt lat="46.634374" lon="8.597820"><ele>1463.5</ele></trkpt>
    <trkpt lat="46.634372" lon="8.597838"><ele>1463.6</ele></trkpt>
    <trkpt lat="46.634373" lon="8.597851"><ele>1463.6</ele></trkpt>
    <trkpt lat="46.634372" lon="8.597866"><ele>1463.7</ele></trkpt>
    <trkpt lat="46.634372" lon="8.597880"><ele>1463.8</ele></trkpt>
    <trkpt lat="46.634374" lon="8.597893"><ele>1463.8</ele></trkpt>
    <trkpt lat="46.634374" lon="8.597909"><ele>1463.9</ele></trkpt>
    <trkpt lat="46.634375" lon="8.597926"><ele>1464.0</ele></trkpt>
    <trkpt lat="46.634374" lon="8.597943"><ele>1464.1</ele></trkpt>
    <trkpt lat="46.634377" lon="8.597956"><ele>1464.2</ele></trkpt>
    <trkpt lat="46.634377" lon="8.597968"><ele>1464.2</ele></trkpt>
    <trkpt lat="46.634379" lon="8.597977"><ele>1464.3</ele></trkpt>
    <trkpt lat="46.634379" lon="8.597989"><ele>1464.3</ele></trkpt>
    <trkpt lat="46.634381" lon="8.598001"><ele>1464.4</ele></trkpt>
    <trkpt lat="46.634380" lon="8.598018"><ele>1464.5</ele></trkpt>
    <trkpt lat="46.634379" lon="8.598031"><ele>1464.6</ele></trkpt>
    <trkpt lat="46.634381" lon="8.598047"><ele>1464.6</ele></trkpt>
    <trkpt lat="46.634384" lon="8.598060"><ele>1464.7</ele></trkpt>
    <trkpt lat="46.634386" lon="8.598075"><ele>1464.8</ele></trkpt>
    <trkpt lat="46.634387" lon="8.598088"><ele>1464.9</ele></trkpt>
    <trkpt lat="46.634387" lon="8.598100"><ele>1464.9</ele></trkpt>
    <trkpt lat="46.634387" lon="8.598117"><ele>1465.0</ele></trkpt>
    <trkpt lat="46.634388" lon="8.598130"><ele>1465.1</ele></trkpt>
    <trkpt lat="46.634391" lon="8.598143"><ele>1465.1</ele></trkpt>
    <trkpt lat="46.634392" lon="8.598156"><ele>1465.2</ele></trkpt>
    <trkpt lat="46.634397" lon="8.598171"><ele>1465.3</ele></trkpt>
    <trkpt lat="46.634399" lon="8.598183"><ele>1465.4</ele></trkpt>
    <trkpt lat="46.634402" lon="8.598197"><ele>1465.4</ele></trkpt>
    <trkpt lat="46.634402" lon="8.598209"><ele>1465.5</ele></trkpt>
    <trkpt lat="46.634403" lon="8.598224"><ele>1465.6</ele></trkpt>
    <trkpt lat="46.634407" lon="8.598242"><ele>1465.7</ele></trkpt>
    <trkpt lat="46.634410" lon="8.598260"><ele>1465.8</ele></trkpt>
    <trkpt lat="46.634412" lon="8.598276"><ele>1465.8</ele></trkpt>
    <trkpt lat="46.634414" lon="8.598289"><ele>1465.9</ele></trkpt>
    <trkpt lat="46.634418" lon="8.598320"><ele>1466.1</ele></trkpt>
    <trkpt lat="46.634420" lon="8.598328"><ele>1466.1</ele></trkpt>
    <trkpt lat="46.634420" lon="8.598346"><ele>1466.2</ele></trkpt>
    <trkpt lat="46.634423" lon="8.598362"><ele>1466.3</ele></trkpt>
    <trkpt lat="46.634427" lon="8.598384"><ele>1466.4</ele></trkpt>
    <trkpt lat="46.634432" lon="8.598409"><ele>1466.5</ele></trkpt>
    <trkpt lat="46.634441" lon="8.598439"><ele>1466.7</ele></trkpt>
    <trkpt lat="46.634446" lon="8.598468"><ele>1466.9</ele></trkpt>
    <trkpt lat="46.634454" lon="8.598494"><ele>1467.0</ele></trkpt>
    <trkpt lat="46.634463" lon="8.598516"><ele>1467.1</ele></trkpt>
    <trkpt lat="46.634471" lon="8.598537"><ele>1467.3</ele></trkpt>
    <trkpt lat="46.634481" lon="8.598558"><ele>1467.4</ele></trkpt>
    <trkpt lat="46.634490" lon="8.598580"><ele>1467.5</ele></trkpt>
    <trkpt lat="46.634498" lon="8.598602"><ele>1467.7</ele></trkpt>
    <trkpt lat="46.634508" lon="8.598620"><ele>1467.8</ele></trkpt>
    <trkpt lat="46.634520" lon="8.598648"><ele>1467.9</ele></trkpt>
    <trkpt lat="46.634528" lon="8.598674"><ele>1468.1</ele></trkpt>
    <trkpt lat="46.634536" lon="8.598695"><ele>1468.2</ele></trkpt>
    <trkpt lat="46.634545" lon="8.598714"><ele>1468.3</ele></trkpt>
    <trkpt lat="46.634550" lon="8.598731"><ele>1468.4</ele></trkpt>
    <trkpt lat="46.634559" lon="8.598749"><ele>1468.5</ele></trkpt>
    <trkpt lat="46.634570" lon="8.598768"><ele>1468.7</ele></trkpt>
    <trkpt lat="46.634582" lon="8.598790"><ele>1468.8</ele></trkpt>
    <trkpt lat="46.634592" lon="8.598813"><ele>1469.0</ele></trkpt>
    <trkpt lat="46.634605" lon="8.598833"><ele>1469.1</ele></trkpt>
    <trkpt lat="46.634617" lon="8.598856"><ele>1469.2</ele></trkpt>
    <trkpt lat="46.634629" lon="8.598879"><ele>1469.4</ele></trkpt>
    <trkpt lat="46.634640" lon="8.598903"><ele>1469.5</ele></trkpt>
    <trkpt lat="46.634653" lon="8.598928"><ele>1469.7</ele></trkpt>
    <trkpt lat="46.634666" lon="8.598947"><ele>1469.8</ele></trkpt>
    <trkpt lat="46.634681" lon="8.598966"><ele>1470.0</ele></trkpt>
    <trkpt lat="46.634695" lon="8.598986"><ele>1470.1</ele></trkpt>
    <trkpt lat="46.634707" lon="8.599004"><ele>1470.3</ele></trkpt>
    <trkpt lat="46.634719" lon="8.599024"><ele>1470.4</ele></trkpt>
    <trkpt lat="46.634731" lon="8.599044"><ele>1470.5</ele></trkpt>
    <trkpt lat="46.634744" lon="8.599064"><ele>1470.7</ele></trkpt>
    <trkpt lat="46.634758" lon="8.599082"><ele>1470.8</ele></trkpt>
    <trkpt lat="46.634771" lon="8.599097"><ele>1470.9</ele></trkpt>
    <trkpt lat="46.634784" lon="8.599114"><ele>1471.1</ele></trkpt>
    <trkpt lat="46.634800" lon="8.599133"><ele>1471.2</ele></trkpt>
    <trkpt lat="46.634818" lon="8.599152"><ele>1471.4</ele></trkpt>
    <trkpt lat="46.634836" lon="8.599165"><ele>1471.5</ele></trkpt>
    <trkpt lat="46.634851" lon="8.599177"><ele>1471.7</ele></trkpt>
    <trkpt lat="46.634865" lon="8.599189"><ele>1471.8</ele></trkpt>
    <trkpt lat="46.634881" lon="8.599203"><ele>1471.9</ele></trkpt>
    <trkpt lat="46.634896" lon="8.599217"><ele>1472.1</ele></trkpt>
    <trkpt lat="46.634913" lon="8.599232"><ele>1472.2</ele></trkpt>
    <trkpt lat="46.634930" lon="8.599249"><ele>1472.4</ele></trkpt>
    <trkpt lat="46.634945" lon="8.599263"><ele>1472.5</ele></trkpt>
    <trkpt lat="46.634960" lon="8.599275"><ele>1472.6</ele></trkpt>
    <trkpt lat="46.634975" lon="8.599290"><ele>1472.8</ele></trkpt>
    <trkpt lat="46.634990" lon="8.599304"><ele>1472.9</ele></trkpt>
    <trkpt lat="46.635005" lon="8.599321"><ele>1473.0</ele></trkpt>
    <trkpt lat="46.635022" lon="8.599337"><ele>1473.2</ele></trkpt>
    <trkpt lat="46.635039" lon="8.599349"><ele>1473.3</ele></trkpt>
    <trkpt lat="46.635054" lon="8.599363"><ele>1473.5</ele></trkpt>
    <trkpt lat="46.635069" lon="8.599377"><ele>1473.6</ele></trkpt>
    <trkpt lat="46.635085" lon="8.599389"><ele>1473.7</ele></trkpt>
    <trkpt lat="46.635101" lon="8.599399"><ele>1473.9</ele></trkpt>
    <trkpt lat="46.635116" lon="8.599411"><ele>1474.0</ele></trkpt>
    <trkpt lat="46.635131" lon="8.599424"><ele>1474.2</ele></trkpt>
    <trkpt lat="46.635148" lon="8.599436"><ele>1474.3</ele></trkpt>
    <trkpt lat="46.635164" lon="8.599450"><ele>1474.5</ele></trkpt>
    <trkpt lat="46.635179" lon="8.599467"><ele>1474.7</ele></trkpt>
    <trkpt lat="46.635195" lon="8.599482"><ele>1474.8</ele></trkpt>
    <trkpt lat="46.635211" lon="8.599500"><ele>1475.0</ele></trkpt>
    <trkpt lat="46.635228" lon="8.599516"><ele>1475.2</ele></trkpt>
    <trkpt lat="46.635244" lon="8.599534"><ele>1475.4</ele></trkpt>
    <trkpt lat="46.635259" lon="8.599547"><ele>1475.5</ele></trkpt>
    <trkpt lat="46.635273" lon="8.599563"><ele>1475.7</ele></trkpt>
    <trkpt lat="46.635288" lon="8.599577"><ele>1475.8</ele></trkpt>
    <trkpt lat="46.635304" lon="8.599585"><ele>1476.0</ele></trkpt>
    <trkpt lat="46.635321" lon="8.599599"><ele>1476.1</ele></trkpt>
    <trkpt lat="46.635337" lon="8.599617"><ele>1476.3</ele></trkpt>
    <trkpt lat="46.635352" lon="8.599633"><ele>1476.5</ele></trkpt>
    <trkpt lat="46.635368" lon="8.599652"><ele>1476.7</ele></trkpt>
    <trkpt lat="46.635383" lon="8.599668"><ele>1476.8</ele></trkpt>
    <trkpt lat="46.635397" lon="8.599683"><ele>1477.0</ele></trkpt>
    <trkpt lat="46.635413" lon="8.599698"><ele>1477.1</ele></trkpt>
    <trkpt lat="46.635427" lon="8.599717"><ele>1477.3</ele></trkpt>
    <trkpt lat="46.635442" lon="8.599738"><ele>1477.5</ele></trkpt>
    <trkpt lat="46.635456" lon="8.599761"><ele>1477.7</ele></trkpt>
    <trkpt lat="46.635470" lon="8.599783"><ele>1477.9</ele></trkpt>
    <trkpt lat="46.635482" lon="8.599806"><ele>1478.0</ele></trkpt>
    <trkpt lat="46.635495" lon="8.599828"><ele>1478.2</ele></trkpt>
    <trkpt lat="46.635508" lon="8.599854"><ele>1478.4</ele></trkpt>
    <trkpt lat="46.635520" lon="8.599882"><ele>1478.6</ele></trkpt>
    <trkpt lat="46.635532" lon="8.599907"><ele>1478.8</ele></trkpt>
    <trkpt lat="46.635540" lon="8.599934"><ele>1479.0</ele></trkpt>
    <trkpt lat="46.635550" lon="8.599961"><ele>1479.2</ele></trkpt>
    <trkpt lat="46.635556" lon="8.599988"><ele>1479.3</ele></trkpt>
    <trkpt lat="46.635561" lon="8.600015"><ele>1479.5</ele></trkpt>
    <trkpt lat="46.635567" lon="8.600040"><ele>1479.7</ele></trkpt>
    <trkpt lat="46.635572" lon="8.600066"><ele>1479.8</ele></trkpt>
    <trkpt lat="46.635577" lon="8.600093"><ele>1480.0</ele></trkpt>
    <trkpt lat="46.635581" lon="8.600121"><ele>1480.2</ele></trkpt>
    <trkpt lat="46.635586" lon="8.600148"><ele>1480.3</ele></trkpt>
    <trkpt lat="46.635590" lon="8.600176"><ele>1480.5</ele></trkpt>
    <trkpt lat="46.635591" lon="8.600205"><ele>1480.7</ele></trkpt>
    <trkpt lat="46.635593" lon="8.600230"><ele>1480.8</ele></trkpt>
    <trkpt lat="46.635594" lon="8.600255"><ele>1481.0</ele></trkpt>
    <trkpt lat="46.635593" lon="8.600279"><ele>1481.1</ele></trkpt>
    <trkpt lat="46.635592" lon="8.600306"><ele>1481.3</ele></trkpt>
    <trkpt lat="46.635590" lon="8.600331"><ele>1481.4</ele></trkpt>
    <trkpt lat="46.635588" lon="8.600358"><ele>1481.6</ele></trkpt>
    <trkpt lat="46.635587" lon="8.600384"><ele>1481.8</ele></trkpt>
    <trkpt lat="46.635585" lon="8.600413"><ele>1481.9</ele></trkpt>
    <trkpt lat="46.635581" lon="8.600438"><ele>1482.1</ele></trkpt>
    <trkpt lat="46.635579" lon="8.600468"><ele>1482.3</ele></trkpt>
    <trkpt lat="46.635577" lon="8.600496"><ele>1482.4</ele></trkpt>
    <trkpt lat="46.635571" lon="8.600523"><ele>1482.6</ele></trkpt>
    <trkpt lat="46.635569" lon="8.600548"><ele>1482.8</ele></trkpt>
    <trkpt lat="46.635564" lon="8.600574"><ele>1482.9</ele></trkpt>
    <trkpt lat="46.635561" lon="8.600598"><ele>1483.1</ele></trkpt>
    <trkpt lat="46.635554" lon="8.600624"><ele>1483.2</ele></trkpt>
    <trkpt lat="46.635544" lon="8.600653"><ele>1483.4</ele></trkpt>
    <trkpt lat="46.635534" lon="8.600682"><ele>1483.6</ele></trkpt>
    <trkpt lat="46.635525" lon="8.600714"><ele>1483.8</ele></trkpt>
    <trkpt lat="46.635515" lon="8.600742"><ele>1484.0</ele></trkpt>
    <trkpt lat="46.635505" lon="8.600771"><ele>1484.2</ele></trkpt>
    <trkpt lat="46.635494" lon="8.600800"><ele>1484.4</ele></trkpt>
    <trkpt lat="46.635483" lon="8.600826"><ele>1484.6</ele></trkpt>
    <trkpt lat="46.635472" lon="8.600849"><ele>1484.8</ele></trkpt>
    <trkpt lat="46.635463" lon="8.600877"><ele>1485.0</ele></trkpt>
    <trkpt lat="46.635453" lon="8.600903"><ele>1485.1</ele></trkpt>
    <trkpt lat="46.635443" lon="8.600927"><ele>1485.3</ele></trkpt>
    <trkpt lat="46.635432" lon="8.600953"><ele>1485.5</ele></trkpt>
    <trkpt lat="46.635422" lon="8.600980"><ele>1485.7</ele></trkpt>
    <trkpt lat="46.635411" lon="8.601007"><ele>1485.9</ele></trkpt>
    <trkpt lat="46.635403" lon="8.601034"><ele>1486.0</ele></trkpt>
    <trkpt lat="46.635394" lon="8.601060"><ele>1486.2</ele></trkpt>
    <trkpt lat="46.635385" lon="8.601087"><ele>1486.4</ele></trkpt>
    <trkpt lat="46.635378" lon="8.601117"><ele>1486.6</ele></trkpt>
    <trkpt lat="46.635369" lon="8.601144"><ele>1486.8</ele></trkpt>
    <trkpt lat="46.635362" lon="8.601173"><ele>1487.0</ele></trkpt>
    <trkpt lat="46.635351" lon="8.601203"><ele>1487.2</ele></trkpt>
    <trkpt lat="46.635343" lon="8.601233"><ele>1487.4</ele></trkpt>
    <trkpt lat="46.635335" lon="8.601261"><ele>1487.5</ele></trkpt>
    <trkpt lat="46.635330" lon="8.601287"><ele>1487.7</ele></trkpt>
    <trkpt lat="46.635325" lon="8.601313"><ele>1487.9</ele></trkpt>
    <trkpt lat="46.635321" lon="8.601340"><ele>1488.0</ele></trkpt>
    <trkpt lat="46.635316" lon="8.601371"><ele>1488.2</ele></trkpt>
    <trkpt lat="46.635312" lon="8.601401"><ele>1488.4</ele></trkpt>
    <trkpt lat="46.635309" lon="8.601431"><ele>1488.6</ele></trkpt>
    <trkpt lat="46.635306" lon="8.601459"><ele>1488.8</ele></trkpt>
    <trkpt lat="46.635303" lon="8.601490"><ele>1488.9</ele></trkpt>
    <trkpt lat="46.635301" lon="8.601521"><ele>1489.1</ele></trkpt>
    <trkpt lat="46.635303" lon="8.601547"><ele>1489.3</ele></trkpt>
    <trkpt lat="46.635303" lon="8.601575"><ele>1489.5</ele></trkpt>
    <trkpt lat="46.635305" lon="8.601605"><ele>1489.6</ele></trkpt>
    <trkpt lat="46.635307" lon="8.601637"><ele>1489.8</ele></trkpt>
    <trkpt lat="46.635311" lon="8.601667"><ele>1490.0</ele></trkpt>
    <trkpt lat="46.635315" lon="8.601698"><ele>1490.2</ele></trkpt>
    <trkpt lat="46.635320" lon="8.601726"><ele>1490.4</ele></trkpt>
    <trkpt lat="46.635325" lon="8.601757"><ele>1490.5</ele></trkpt>
    <trkpt lat="46.635331" lon="8.601787"><ele>1490.7</ele></trkpt>
    <trkpt lat="46.635337" lon="8.601815"><ele>1490.9</ele></trkpt>
    <trkpt lat="46.635344" lon="8.601841"><ele>1491.1</ele></trkpt>
    <trkpt lat="46.635353" lon="8.601871"><ele>1491.2</ele></trkpt>
    <trkpt lat="46.635361" lon="8.601897"><ele>1491.4</ele></trkpt>
    <trkpt lat="46.635372" lon="8.601925"><ele>1491.6</ele></trkpt>
    <trkpt lat="46.635383" lon="8.601950"><ele>1491.8</ele></trkpt>
    <trkpt lat="46.635394" lon="8.601977"><ele>1491.9</ele></trkpt>
    <trkpt lat="46.635405" lon="8.602000"><ele>1492.1</ele></trkpt>
    <trkpt lat="46.635415" lon="8.602027"><ele>1492.3</ele></trkpt>
    <trkpt lat="46.635426" lon="8.602052"><ele>1492.5</ele></trkpt>
    <trkpt lat="46.635438" lon="8.602073"><ele>1492.6</ele></trkpt>
    <trkpt lat="46.635449" lon="8.602095"><ele>1492.8</ele></trkpt>
    <trkpt lat="46.635464" lon="8.602119"><ele>1493.0</ele></trkpt>
    <trkpt lat="46.635479" lon="8.602138"><ele>1493.1</ele></trkpt>
    <trkpt lat="46.635495" lon="8.602160"><ele>1493.3</ele></trkpt>
    <trkpt lat="46.635510" lon="8.602181"><ele>1493.5</ele></trkpt>
    <trkpt lat="46.635528" lon="8.602199"><ele>1493.7</ele></trkpt>
    <trkpt lat="46.635547" lon="8.602214"><ele>1493.9</ele></trkpt>
    <trkpt lat="46.635567" lon="8.602233"><ele>1494.1</ele></trkpt>
    <trkpt lat="46.635587" lon="8.602247"><ele>1494.3</ele></trkpt>
    <trkpt lat="46.635607" lon="8.602261"><ele>1494.4</ele></trkpt>
    <trkpt lat="46.635626" lon="8.602275"><ele>1494.6</ele></trkpt>
    <trkpt lat="46.635645" lon="8.602285"><ele>1494.8</ele></trkpt>
    <trkpt lat="46.635662" lon="8.602295"><ele>1495.0</ele></trkpt>
    <trkpt lat="46.635679" lon="8.602309"><ele>1495.1</ele></trkpt>
    <trkpt lat="46.635699" lon="8.602318"><ele>1495.3</ele></trkpt>
    <trkpt lat="46.635719" lon="8.602324"><ele>1495.5</ele></trkpt>
    <trkpt lat="46.635740" lon="8.602334"><ele>1495.7</ele></trkpt>
    <trkpt lat="46.635760" lon="8.602339"><ele>1495.8</ele></trkpt>
    <trkpt lat="46.635781" lon="8.602345"><ele>1496.0</ele></trkpt>
    <trkpt lat="46.635803" lon="8.602347"><ele>1496.2</ele></trkpt>
    <trkpt lat="46.635826" lon="8.602347"><ele>1496.4</ele></trkpt>
    <trkpt lat="46.635849" lon="8.602346"><ele>1496.6</ele></trkpt>
    <trkpt lat="46.635870" lon="8.602344"><ele>1496.8</ele></trkpt>
    <trkpt lat="46.635892" lon="8.602342"><ele>1496.9</ele></trkpt>
    <trkpt lat="46.635913" lon="8.602339"><ele>1497.1</ele></trkpt>
    <trkpt lat="46.635929" lon="8.602334"><ele>1497.3</ele></trkpt>
    <trkpt lat="46.635945" lon="8.602331"><ele>1497.4</ele></trkpt>
    <trkpt lat="46.635965" lon="8.602318"><ele>1497.6</ele></trkpt>
    <trkpt lat="46.635987" lon="8.602312"><ele>1497.8</ele></trkpt>
    <trkpt lat="46.636013" lon="8.602306"><ele>1498.0</ele></trkpt>
    <trkpt lat="46.636036" lon="8.602297"><ele>1498.2</ele></trkpt>
    <trkpt lat="46.636058" lon="8.602287"><ele>1498.4</ele></trkpt>
    <trkpt lat="46.636078" lon="8.602276"><ele>1498.6</ele></trkpt>
    <trkpt lat="46.636097" lon="8.602266"><ele>1498.7</ele></trkpt>
    <trkpt lat="46.636114" lon="8.602252"><ele>1498.9</ele></trkpt>
    <trkpt lat="46.636135" lon="8.602237"><ele>1499.1</ele></trkpt>
    <trkpt lat="46.636155" lon="8.602220"><ele>1499.3</ele></trkpt>
    <trkpt lat="46.636174" lon="8.602201"><ele>1499.5</ele></trkpt>
    <trkpt lat="46.636191" lon="8.602181"><ele>1499.7</ele></trkpt>
    <trkpt lat="46.636208" lon="8.602162"><ele>1499.9</ele></trkpt>
    <trkpt lat="46.636226" lon="8.602143"><ele>1500.1</ele></trkpt>
    <trkpt lat="46.636245" lon="8.602121"><ele>1500.3</ele></trkpt>
    <trkpt lat="46.636263" lon="8.602100"><ele>1500.5</ele></trkpt>
    <trkpt lat="46.636281" lon="8.602080"><ele>1500.6</ele></trkpt>
    <trkpt lat="46.636298" lon="8.602060"><ele>1500.8</ele></trkpt>
    <trkpt lat="46.636314" lon="8.602036"><ele>1501.0</ele></trkpt>
    <trkpt lat="46.636331" lon="8.602014"><ele>1501.2</ele></trkpt>
    <trkpt lat="46.636345" lon="8.601992"><ele>1501.4</ele></trkpt>
    <trkpt lat="46.636360" lon="8.601969"><ele>1501.6</ele></trkpt>
    <trkpt lat="46.636376" lon="8.601946"><ele>1501.8</ele></trkpt>
    <trkpt lat="46.636392" lon="8.601924"><ele>1502.0</ele></trkpt>
    <trkpt lat="46.636405" lon="8.601896"><ele>1502.1</ele></trkpt>
    <trkpt lat="46.636418" lon="8.601865"><ele>1502.4</ele></trkpt>
    <trkpt lat="46.636432" lon="8.601834"><ele>1502.6</ele></trkpt>
    <trkpt lat="46.636445" lon="8.601803"><ele>1502.8</ele></trkpt>
    <trkpt lat="46.636458" lon="8.601773"><ele>1503.0</ele></trkpt>
    <trkpt lat="46.636467" lon="8.601743"><ele>1503.2</ele></trkpt>
    <trkpt lat="46.636477" lon="8.601715"><ele>1503.4</ele></trkpt>
    <trkpt lat="46.636488" lon="8.601684"><ele>1503.6</ele></trkpt>
    <trkpt lat="46.636499" lon="8.601653"><ele>1503.8</ele></trkpt>
    <trkpt lat="46.636509" lon="8.601621"><ele>1504.0</ele></trkpt>
    <trkpt lat="46.636509" lon="8.601621"><ele>1504.0</ele></trkpt>
    <trkpt lat="46.636527" lon="8.601554"><ele>1504.4</ele></trkpt>
    <trkpt lat="46.636535" lon="8.601520"><ele>1504.6</ele></trkpt>
    <trkpt lat="46.636541" lon="8.601489"><ele>1504.8</ele></trkpt>
    <trkpt lat="46.636546" lon="8.601457"><ele>1505.0</ele></trkpt>
    <trkpt lat="46.636553" lon="8.601424"><ele>1505.1</ele></trkpt>
    <trkpt lat="46.636559" lon="8.601392"><ele>1505.3</ele></trkpt>
    <trkpt lat="46.636566" lon="8.601358"><ele>1505.5</ele></trkpt>
    <trkpt lat="46.636574" lon="8.601328"><ele>1505.6</ele></trkpt>
    <trkpt lat="46.636579" lon="8.601294"><ele>1505.8</ele></trkpt>
    <trkpt lat="46.636584" lon="8.601261"><ele>1506.0</ele></trkpt>
    <trkpt lat="46.636588" lon="8.601230"><ele>1506.1</ele></trkpt>
    <trkpt lat="46.636592" lon="8.601196"><ele>1506.3</ele></trkpt>
    <trkpt lat="46.636597" lon="8.601163"><ele>1506.4</ele></trkpt>
    <trkpt lat="46.636601" lon="8.601130"><ele>1506.6</ele></trkpt>
    <trkpt lat="46.636606" lon="8.601098"><ele>1506.8</ele></trkpt>
    <trkpt lat="46.636608" lon="8.601067"><ele>1506.9</ele></trkpt>
    <trkpt lat="46.636611" lon="8.601037"><ele>1507.1</ele></trkpt>
    <trkpt lat="46.636613" lon="8.601005"><ele>1507.2</ele></trkpt>
    <trkpt lat="46.636616" lon="8.600972"><ele>1507.4</ele></trkpt>
    <trkpt lat="46.636621" lon="8.600936"><ele>1507.6</ele></trkpt>
    <trkpt lat="46.636624" lon="8.600900"><ele>1507.8</ele></trkpt>
    <trkpt lat="46.636629" lon="8.600865"><ele>1507.9</ele></trkpt>
    <trkpt lat="46.636634" lon="8.600830"><ele>1508.1</ele></trkpt>
    <trkpt lat="46.636638" lon="8.600795"><ele>1508.3</ele></trkpt>
    <trkpt lat="46.636639" lon="8.600763"><ele>1508.4</ele></trkpt>
    <trkpt lat="46.636641" lon="8.600728"><ele>1508.6</ele></trkpt>
    <trkpt lat="46.636644" lon="8.600693"><ele>1508.8</ele></trkpt>
    <trkpt lat="46.636648" lon="8.600659"><ele>1509.0</ele></trkpt>
    <trkpt lat="46.636653" lon="8.600628"><ele>1509.1</ele></trkpt>
    <trkpt lat="46.636656" lon="8.600598"><ele>1509.3</ele></trkpt>
    <trkpt lat="46.636659" lon="8.600564"><ele>1509.4</ele></trkpt>
    <trkpt lat="46.636663" lon="8.600530"><ele>1509.6</ele></trkpt>
    <trkpt lat="46.636666" lon="8.600499"><ele>1509.7</ele></trkpt>
    <trkpt lat="46.636669" lon="8.600465"><ele>1509.9</ele></trkpt>
    <trkpt lat="46.636672" lon="8.600432"><ele>1510.1</ele></trkpt>
    <trkpt lat="46.636676" lon="8.600399"><ele>1510.2</ele></trkpt>
    <trkpt lat="46.636679" lon="8.600366"><ele>1510.4</ele></trkpt>
    <trkpt lat="46.636681" lon="8.600332"><ele>1510.6</ele></trkpt>
    <trkpt lat="46.636684" lon="8.600300"><ele>1510.7</ele></trkpt>
    <trkpt lat="46.636687" lon="8.600268"><ele>1510.9</ele></trkpt>
    <trkpt lat="46.636689" lon="8.600237"><ele>1511.0</ele></trkpt>
    <trkpt lat="46.636695" lon="8.600201"><ele>1511.2</ele></trkpt>
    <trkpt lat="46.636702" lon="8.600167"><ele>1511.4</ele></trkpt>
    <trkpt lat="46.636708" lon="8.600134"><ele>1511.6</ele></trkpt>
    <trkpt lat="46.636715" lon="8.600098"><ele>1511.8</ele></trkpt>
    <trkpt lat="46.636724" lon="8.600064"><ele>1511.9</ele></trkpt>
    <trkpt lat="46.636733" lon="8.600034"><ele>1512.1</ele></trkpt>
    <trkpt lat="46.636742" lon="8.600004"><ele>1512.3</ele></trkpt>
    <trkpt lat="46.636751" lon="8.599974"><ele>1512.4</ele></trkpt>
    <trkpt lat="46.636761" lon="8.599943"><ele>1512.6</ele></trkpt>
    <trkpt lat="46.636770" lon="8.599914"><ele>1512.7</ele></trkpt>
    <trkpt lat="46.636779" lon="8.599886"><ele>1512.9</ele></trkpt>
    <trkpt lat="46.636791" lon="8.599859"><ele>1513.0</ele></trkpt>
    <trkpt lat="46.636805" lon="8.599830"><ele>1513.2</ele></trkpt>
    <trkpt lat="46.636820" lon="8.599800"><ele>1513.4</ele></trkpt>
    <trkpt lat="46.636836" lon="8.599778"><ele>1513.6</ele></trkpt>
    <trkpt lat="46.636853" lon="8.599756"><ele>1513.7</ele></trkpt>
    <trkpt lat="46.636869" lon="8.599735"><ele>1513.9</ele></trkpt>
    <trkpt lat="46.636886" lon="8.599717"><ele>1514.0</ele></trkpt>
    <trkpt lat="46.636904" lon="8.599698"><ele>1514.2</ele></trkpt>
    <trkpt lat="46.636922" lon="8.599679"><ele>1514.3</ele></trkpt>
    <trkpt lat="46.636940" lon="8.599661"><ele>1514.5</ele></trkpt>
    <trkpt lat="46.636960" lon="8.599647"><ele>1514.7</ele></trkpt>
    <trkpt lat="46.636981" lon="8.599632"><ele>1514.8</ele></trkpt>
    <trkpt lat="46.637000" lon="8.599618"><ele>1515.0</ele></trkpt>
    <trkpt lat="46.637021" lon="8.599606"><ele>1515.1</ele></trkpt>
    <trkpt lat="46.637043" lon="8.599603"><ele>1515.3</ele></trkpt>
    <trkpt lat="46.637066" lon="8.599601"><ele>1515.5</ele></trkpt>
    <trkpt lat="46.637091" lon="8.599598"><ele>1515.6</ele></trkpt>
    <trkpt lat="46.637115" lon="8.599596"><ele>1515.8</ele></trkpt>
    <trkpt lat="46.637136" lon="8.599595"><ele>1516.0</ele></trkpt>
    <trkpt lat="46.637159" lon="8.599593"><ele>1516.1</ele></trkpt>
    <trkpt lat="46.637181" lon="8.599597"><ele>1516.3</ele></trkpt>
    <trkpt lat="46.637203" lon="8.599604"><ele>1516.4</ele></trkpt>
    <trkpt lat="46.637225" lon="8.599610"><ele>1516.6</ele></trkpt>
    <trkpt lat="46.637245" lon="8.599618"><ele>1516.8</ele></trkpt>
    <trkpt lat="46.637266" lon="8.599630"><ele>1516.9</ele></trkpt>
    <trkpt lat="46.637287" lon="8.599640"><ele>1517.1</ele></trkpt>
    <trkpt lat="46.637309" lon="8.599656"><ele>1517.3</ele></trkpt>
    <trkpt lat="46.637330" lon="8.599670"><ele>1517.4</ele></trkpt>
    <trkpt lat="46.637349" lon="8.599686"><ele>1517.6</ele></trkpt>
    <trkpt lat="46.637366" lon="8.599705"><ele>1517.7</ele></trkpt>
    <trkpt lat="46.637382" lon="8.599724"><ele>1517.9</ele></trkpt>
    <trkpt lat="46.637398" lon="8.599744"><ele>1518.1</ele></trkpt>
    <trkpt lat="46.637414" lon="8.599771"><ele>1518.3</ele></trkpt>
    <trkpt lat="46.637431" lon="8.599799"><ele>1518.5</ele></trkpt>
    <trkpt lat="46.637448" lon="8.599829"><ele>1518.7</ele></trkpt>
    <trkpt lat="46.637460" lon="8.599858"><ele>1518.9</ele></trkpt>
    <trkpt lat="46.637471" lon="8.599888"><ele>1519.1</ele></trkpt>
    <trkpt lat="46.637481" lon="8.599918"><ele>1519.3</ele></trkpt>
    <trkpt lat="46.637491" lon="8.599953"><ele>1519.5</ele></trkpt>
    <trkpt lat="46.637501" lon="8.599987"><ele>1519.7</ele></trkpt>
    <trkpt lat="46.637510" lon="8.600017"><ele>1519.9</ele></trkpt>
    <trkpt lat="46.637516" lon="8.600050"><ele>1520.0</ele></trkpt>
    <trkpt lat="46.637521" lon="8.600084"><ele>1520.2</ele></trkpt>
    <trkpt lat="46.637525" lon="8.600116"><ele>1520.4</ele></trkpt>
    <trkpt lat="46.637526" lon="8.600149"><ele>1520.6</ele></trkpt>
    <trkpt lat="46.637527" lon="8.600181"><ele>1520.8</ele></trkpt>
    <trkpt lat="46.637528" lon="8.600213"><ele>1521.0</ele></trkpt>
    <trkpt lat="46.637526" lon="8.600245"><ele>1521.1</ele></trkpt>
    <trkpt lat="46.637524" lon="8.600277"><ele>1521.3</ele></trkpt>
    <trkpt lat="46.637522" lon="8.600307"><ele>1521.5</ele></trkpt>
    <trkpt lat="46.637519" lon="8.600339"><ele>1521.7</ele></trkpt>
    <trkpt lat="46.637516" lon="8.600372"><ele>1521.9</ele></trkpt>
    <trkpt lat="46.637511" lon="8.600402"><ele>1522.0</ele></trkpt>
    <trkpt lat="46.637506" lon="8.600437"><ele>1522.2</ele></trkpt>
    <trkpt lat="46.637501" lon="8.600467"><ele>1522.4</ele></trkpt>
    <trkpt lat="46.637494" lon="8.600500"><ele>1522.6</ele></trkpt>
    <trkpt lat="46.637488" lon="8.600532"><ele>1522.8</ele></trkpt>
    <trkpt lat="46.637480" lon="8.600556"><ele>1522.9</ele></trkpt>
    <trkpt lat="46.637473" lon="8.600584"><ele>1523.1</ele></trkpt>
    <trkpt lat="46.637466" lon="8.600619"><ele>1523.3</ele></trkpt>
    <trkpt lat="46.637456" lon="8.600647"><ele>1523.5</ele></trkpt>
    <trkpt lat="46.637447" lon="8.600680"><ele>1523.7</ele></trkpt>
    <trkpt lat="46.637438" lon="8.600713"><ele>1523.9</ele></trkpt>
    <trkpt lat="46.637431" lon="8.600744"><ele>1524.0</ele></trkpt>
    <trkpt lat="46.637424" lon="8.600773"><ele>1524.2</ele></trkpt>
    <trkpt lat="46.637418" lon="8.600801"><ele>1524.4</ele></trkpt>
    <trkpt lat="46.637411" lon="8.600830"><ele>1524.5</ele></trkpt>
    <trkpt lat="46.637403" lon="8.600862"><ele>1524.7</ele></trkpt>
    <trkpt lat="46.637395" lon="8.600891"><ele>1524.9</ele></trkpt>
    <trkpt lat="46.637387" lon="8.600919"><ele>1525.1</ele></trkpt>
    <trkpt lat="46.637377" lon="8.600950"><ele>1525.3</ele></trkpt>
    <trkpt lat="46.637369" lon="8.600977"><ele>1525.4</ele></trkpt>
    <trkpt lat="46.637360" lon="8.601006"><ele>1525.6</ele></trkpt>
    <trkpt lat="46.637350" lon="8.601037"><ele>1525.8</ele></trkpt>
    <trkpt lat="46.637342" lon="8.601067"><ele>1526.0</ele></trkpt>
    <trkpt lat="46.637334" lon="8.601094"><ele>1526.1</ele></trkpt>
    <trkpt lat="46.637325" lon="8.601118"><ele>1526.3</ele></trkpt>
    <trkpt lat="46.637316" lon="8.601145"><ele>1526.5</ele></trkpt>
    <trkpt lat="46.637306" lon="8.601175"><ele>1526.7</ele></trkpt>
    <trkpt lat="46.637298" lon="8.601205"><ele>1526.8</ele></trkpt>
    <trkpt lat="46.637290" lon="8.601235"><ele>1527.0</ele></trkpt>
    <trkpt lat="46.637281" lon="8.601265"><ele>1527.2</ele></trkpt>
    <trkpt lat="46.637272" lon="8.601290"><ele>1527.3</ele></trkpt>
    <trkpt lat="46.637264" lon="8.601315"><ele>1527.5</ele></trkpt>
    <trkpt lat="46.637254" lon="8.601341"><ele>1527.7</ele></trkpt>
    <trkpt lat="46.637248" lon="8.601369"><ele>1527.8</ele></trkpt>
    <trkpt lat="46.637242" lon="8.601393"><ele>1528.0</ele></trkpt>
    <trkpt lat="46.637235" lon="8.601421"><ele>1528.1</ele></trkpt>
    <trkpt lat="46.637227" lon="8.601448"><ele>1528.3</ele></trkpt>
    <trkpt lat="46.637216" lon="8.601478"><ele>1528.5</ele></trkpt>
    <trkpt lat="46.637205" lon="8.601506"><ele>1528.7</ele></trkpt>
    <trkpt lat="46.637197" lon="8.601530"><ele>1528.8</ele></trkpt>
    <trkpt lat="46.637188" lon="8.601557"><ele>1529.0</ele></trkpt>
    <trkpt lat="46.637179" lon="8.601585"><ele>1529.2</ele></trkpt>
    <trkpt lat="46.637169" lon="8.601613"><ele>1529.3</ele></trkpt>
    <trkpt lat="46.637158" lon="8.601643"><ele>1529.5</ele></trkpt>
    <trkpt lat="46.637148" lon="8.601673"><ele>1529.7</ele></trkpt>
    <trkpt lat="46.637138" lon="8.601702"><ele>1529.9</ele></trkpt>
    <trkpt lat="46.637128" lon="8.601727"><ele>1530.1</ele></trkpt>
    <trkpt lat="46.637120" lon="8.601752"><ele>1530.2</ele></trkpt>
    <trkpt lat="46.637111" lon="8.601781"><ele>1530.4</ele></trkpt>
    <trkpt lat="46.637100" lon="8.601810"><ele>1530.6</ele></trkpt>
    <trkpt lat="46.637090" lon="8.601837"><ele>1530.7</ele></trkpt>
    <trkpt lat="46.637080" lon="8.601869"><ele>1530.9</ele></trkpt>
    <trkpt lat="46.637070" lon="8.601902"><ele>1531.1</ele></trkpt>
    <trkpt lat="46.637060" lon="8.601928"><ele>1531.3</ele></trkpt>
    <trkpt lat="46.637050" lon="8.601954"><ele>1531.5</ele></trkpt>
    <trkpt lat="46.637039" lon="8.601986"><ele>1531.7</ele></trkpt>
    <trkpt lat="46.637027" lon="8.602018"><ele>1531.9</ele></trkpt>
    <trkpt lat="46.637017" lon="8.602049"><ele>1532.1</ele></trkpt>
    <trkpt lat="46.637008" lon="8.602079"><ele>1532.2</ele></trkpt>
    <trkpt lat="46.636998" lon="8.602107"><ele>1532.4</ele></trkpt>
    <trkpt lat="46.636989" lon="8.602135"><ele>1532.6</ele></trkpt>
    <trkpt lat="46.636980" lon="8.602162"><ele>1532.8</ele></trkpt>
    <trkpt lat="46.636968" lon="8.602192"><ele>1533.0</ele></trkpt>
    <trkpt lat="46.636957" lon="8.602222"><ele>1533.2</ele></trkpt>
    <trkpt lat="46.636945" lon="8.602252"><ele>1533.4</ele></trkpt>
    <trkpt lat="46.636932" lon="8.602286"><ele>1533.6</ele></trkpt>
    <trkpt lat="46.636919" lon="8.602316"><ele>1533.8</ele></trkpt>
    <trkpt lat="46.636905" lon="8.602352"><ele>1534.1</ele></trkpt>
    <trkpt lat="46.636892" lon="8.602390"><ele>1534.3</ele></trkpt>
    <trkpt lat="46.636878" lon="8.602423"><ele>1534.5</ele></trkpt>
    <trkpt lat="46.636864" lon="8.602456"><ele>1534.8</ele></trkpt>
    <trkpt lat="46.636853" lon="8.602486"><ele>1535.0</ele></trkpt>
    <trkpt lat="46.636841" lon="8.602518"><ele>1535.2</ele></trkpt>
    <trkpt lat="46.636829" lon="8.602545"><ele>1535.4</ele></trkpt>
    <trkpt lat="46.636818" lon="8.602572"><ele>1535.6</ele></trkpt>
    <trkpt lat="46.636805" lon="8.602600"><ele>1535.8</ele></trkpt>
    <trkpt lat="46.636789" lon="8.602629"><ele>1536.0</ele></trkpt>
    <trkpt lat="46.636775" lon="8.602658"><ele>1536.2</ele></trkpt>
    <trkpt lat="46.636762" lon="8.602687"><ele>1536.4</ele></trkpt>
    <trkpt lat="46.636752" lon="8.602713"><ele>1536.6</ele></trkpt>
    <trkpt lat="46.636741" lon="8.602741"><ele>1536.7</ele></trkpt>
    <trkpt lat="46.636730" lon="8.602767"><ele>1536.9</ele></trkpt>
    <trkpt lat="46.636718" lon="8.602798"><ele>1537.1</ele></trkpt>
    <trkpt lat="46.636706" lon="8.602829"><ele>1537.3</ele></trkpt>
    <trkpt lat="46.636695" lon="8.602856"><ele>1537.5</ele></trkpt>
    <trkpt lat="46.636684" lon="8.602882"><ele>1537.7</ele></trkpt>
    <trkpt lat="46.636673" lon="8.602904"><ele>1537.9</ele></trkpt>
    <trkpt lat="46.636661" lon="8.602931"><ele>1538.1</ele></trkpt>
    <trkpt lat="46.636650" lon="8.602956"><ele>1538.2</ele></trkpt>
    <trkpt lat="46.636638" lon="8.602984"><ele>1538.4</ele></trkpt>
    <trkpt lat="46.636625" lon="8.603015"><ele>1538.6</ele></trkpt>
    <trkpt lat="46.636613" lon="8.603047"><ele>1538.8</ele></trkpt>
    <trkpt lat="46.636601" lon="8.603077"><ele>1539.1</ele></trkpt>
    <trkpt lat="46.636589" lon="8.603105"><ele>1539.2</ele></trkpt>
    <trkpt lat="46.636576" lon="8.603134"><ele>1539.4</ele></trkpt>
    <trkpt lat="46.636563" lon="8.603161"><ele>1539.6</ele></trkpt>
    <trkpt lat="46.636550" lon="8.603191"><ele>1539.8</ele></trkpt>
    <trkpt lat="46.636537" lon="8.603222"><ele>1540.1</ele></trkpt>
    <trkpt lat="46.636525" lon="8.603251"><ele>1540.3</ele></trkpt>
    <trkpt lat="46.636512" lon="8.603281"><ele>1540.5</ele></trkpt>
    <trkpt lat="46.636500" lon="8.603308"><ele>1540.7</ele></trkpt>
    <trkpt lat="46.636488" lon="8.603335"><ele>1540.8</ele></trkpt>
    <trkpt lat="46.636476" lon="8.603366"><ele>1541.1</ele></trkpt>
    <trkpt lat="46.636464" lon="8.603396"><ele>1541.3</ele></trkpt>
    <trkpt lat="46.636451" lon="8.603424"><ele>1541.5</ele></trkpt>
    <trkpt lat="46.636437" lon="8.603451"><ele>1541.7</ele></trkpt>
    <trkpt lat="46.636424" lon="8.603480"><ele>1541.9</ele></trkpt>
    <trkpt lat="46.636411" lon="8.603511"><ele>1542.1</ele></trkpt>
    <trkpt lat="46.636396" lon="8.603539"><ele>1542.3</ele></trkpt>
    <trkpt lat="46.636381" lon="8.603572"><ele>1542.5</ele></trkpt>
    <trkpt lat="46.636367" lon="8.603602"><ele>1542.7</ele></trkpt>
    <trkpt lat="46.636356" lon="8.603634"><ele>1542.9</ele></trkpt>
    <trkpt lat="46.636345" lon="8.603667"><ele>1543.1</ele></trkpt>
    <trkpt lat="46.636334" lon="8.603697"><ele>1543.3</ele></trkpt>
    <trkpt lat="46.636323" lon="8.603725"><ele>1543.5</ele></trkpt>
    <trkpt lat="46.636314" lon="8.603751"><ele>1543.7</ele></trkpt>
    <trkpt lat="46.636303" lon="8.603783"><ele>1543.9</ele></trkpt>
    <trkpt lat="46.636294" lon="8.603811"><ele>1544.1</ele></trkpt>
    <trkpt lat="46.636283" lon="8.603840"><ele>1544.3</ele></trkpt>
    <trkpt lat="46.636273" lon="8.603874"><ele>1544.5</ele></trkpt>
    <trkpt lat="46.636264" lon="8.603906"><ele>1544.7</ele></trkpt>
    <trkpt lat="46.636255" lon="8.603939"><ele>1544.9</ele></trkpt>
    <trkpt lat="46.636247" lon="8.603975"><ele>1545.1</ele></trkpt>
    <trkpt lat="46.636240" lon="8.604005"><ele>1545.3</ele></trkpt>
    <trkpt lat="46.636232" lon="8.604037"><ele>1545.5</ele></trkpt>
    <trkpt lat="46.636227" lon="8.604069"><ele>1545.7</ele></trkpt>
    <trkpt lat="46.636220" lon="8.604102"><ele>1545.9</ele></trkpt>
    <trkpt lat="46.636213" lon="8.604135"><ele>1546.1</ele></trkpt>
    <trkpt lat="46.636207" lon="8.604165"><ele>1546.3</ele></trkpt>
    <trkpt lat="46.636202" lon="8.604195"><ele>1546.5</ele></trkpt>
    <trkpt lat="46.636198" lon="8.604226"><ele>1546.7</ele></trkpt>
    <trkpt lat="46.636195" lon="8.604256"><ele>1546.8</ele></trkpt>
    <trkpt lat="46.636192" lon="8.604287"><ele>1547.0</ele></trkpt>
    <trkpt lat="46.636187" lon="8.604318"><ele>1547.2</ele></trkpt>
    <trkpt lat="46.636186" lon="8.604351"><ele>1547.4</ele></trkpt>
    <trkpt lat="46.636185" lon="8.604384"><ele>1547.6</ele></trkpt>
    <trkpt lat="46.636180" lon="8.604418"><ele>1547.8</ele></trkpt>
    <trkpt lat="46.636174" lon="8.604452"><ele>1547.9</ele></trkpt>
    <trkpt lat="46.636169" lon="8.604484"><ele>1548.1</ele></trkpt>
    <trkpt lat="46.636164" lon="8.604520"><ele>1548.3</ele></trkpt>
    <trkpt lat="46.636162" lon="8.604553"><ele>1548.4</ele></trkpt>
    <trkpt lat="46.636158" lon="8.604586"><ele>1548.6</ele></trkpt>
    <trkpt lat="46.636155" lon="8.604619"><ele>1548.8</ele></trkpt>
    <trkpt lat="46.636151" lon="8.604650"><ele>1548.9</ele></trkpt>
    <trkpt lat="46.636147" lon="8.604685"><ele>1549.1</ele></trkpt>
    <trkpt lat="46.636144" lon="8.604714"><ele>1549.2</ele></trkpt>
    <trkpt lat="46.636143" lon="8.604747"><ele>1549.4</ele></trkpt>
    <trkpt lat="46.636141" lon="8.604780"><ele>1549.5</ele></trkpt>
    <trkpt lat="46.636139" lon="8.604808"><ele>1549.7</ele></trkpt>
    <trkpt lat="46.636136" lon="8.604837"><ele>1549.8</ele></trkpt>
    <trkpt lat="46.636131" lon="8.604866"><ele>1550.0</ele></trkpt>
    <trkpt lat="46.636126" lon="8.604899"><ele>1550.1</ele></trkpt>
    <trkpt lat="46.636123" lon="8.604929"><ele>1550.3</ele></trkpt>
    <trkpt lat="46.636122" lon="8.604956"><ele>1550.4</ele></trkpt>
    <trkpt lat="46.636120" lon="8.604984"><ele>1550.5</ele></trkpt>
    <trkpt lat="46.636117" lon="8.605011"><ele>1550.7</ele></trkpt>
    <trkpt lat="46.636114" lon="8.605041"><ele>1550.8</ele></trkpt>
    <trkpt lat="46.636111" lon="8.605068"><ele>1551.0</ele></trkpt>
    <trkpt lat="46.636106" lon="8.605099"><ele>1551.1</ele></trkpt>
    <trkpt lat="46.636100" lon="8.605130"><ele>1551.3</ele></trkpt>
    <trkpt lat="46.636095" lon="8.605161"><ele>1551.4</ele></trkpt>
    <trkpt lat="46.636091" lon="8.605190"><ele>1551.6</ele></trkpt>
    <trkpt lat="46.636084" lon="8.605218"><ele>1551.7</ele></trkpt>
    <trkpt lat="46.636079" lon="8.605245"><ele>1551.8</ele></trkpt>
    <trkpt lat="46.636072" lon="8.605272"><ele>1552.0</ele></trkpt>
    <trkpt lat="46.636063" lon="8.605304"><ele>1552.2</ele></trkpt>
    <trkpt lat="46.636054" lon="8.605331"><ele>1552.3</ele></trkpt>
    <trkpt lat="46.636045" lon="8.605358"><ele>1552.4</ele></trkpt>
    <trkpt lat="46.636037" lon="8.605384"><ele>1552.6</ele></trkpt>
    <trkpt lat="46.636026" lon="8.605412"><ele>1552.7</ele></trkpt>
    <trkpt lat="46.636017" lon="8.605437"><ele>1552.9</ele></trkpt>
    <trkpt lat="46.636007" lon="8.605464"><ele>1553.0</ele></trkpt>
    <trkpt lat="46.635996" lon="8.605487"><ele>1553.2</ele></trkpt>
    <trkpt lat="46.635984" lon="8.605512"><ele>1553.3</ele></trkpt>
    <trkpt lat="46.635971" lon="8.605540"><ele>1553.5</ele></trkpt>
    <trkpt lat="46.635959" lon="8.605567"><ele>1553.6</ele></trkpt>
    <trkpt lat="46.635947" lon="8.605591"><ele>1553.8</ele></trkpt>
    <trkpt lat="46.635934" lon="8.605615"><ele>1553.9</ele></trkpt>
    <trkpt lat="46.635920" lon="8.605639"><ele>1554.1</ele></trkpt>
    <trkpt lat="46.635905" lon="8.605662"><ele>1554.2</ele></trkpt>
    <trkpt lat="46.635892" lon="8.605689"><ele>1554.4</ele></trkpt>
    <trkpt lat="46.635878" lon="8.605713"><ele>1554.5</ele></trkpt>
    <trkpt lat="46.635862" lon="8.605734"><ele>1554.7</ele></trkpt>
    <trkpt lat="46.635847" lon="8.605755"><ele>1554.8</ele></trkpt>
    <trkpt lat="46.635829" lon="8.605777"><ele>1555.0</ele></trkpt>
    <trkpt lat="46.635810" lon="8.605800"><ele>1555.2</ele></trkpt>
    <trkpt lat="46.635795" lon="8.605820"><ele>1555.3</ele></trkpt>
    <trkpt lat="46.635777" lon="8.605843"><ele>1555.5</ele></trkpt>
    <trkpt lat="46.635762" lon="8.605864"><ele>1555.6</ele></trkpt>
    <trkpt lat="46.635744" lon="8.605885"><ele>1555.8</ele></trkpt>
    <trkpt lat="46.635727" lon="8.605907"><ele>1556.0</ele></trkpt>
    <trkpt lat="46.635711" lon="8.605929"><ele>1556.1</ele></trkpt>
    <trkpt lat="46.635694" lon="8.605951"><ele>1556.3</ele></trkpt>
    <trkpt lat="46.635676" lon="8.605973"><ele>1556.4</ele></trkpt>
    <trkpt lat="46.635659" lon="8.605996"><ele>1556.6</ele></trkpt>
    <trkpt lat="46.635642" lon="8.606014"><ele>1556.8</ele></trkpt>
    <trkpt lat="46.635625" lon="8.606037"><ele>1556.9</ele></trkpt>
    <trkpt lat="46.635604" lon="8.606056"><ele>1557.1</ele></trkpt>
    <trkpt lat="46.635586" lon="8.606076"><ele>1557.3</ele></trkpt>
    <trkpt lat="46.635567" lon="8.606099"><ele>1557.4</ele></trkpt>
    <trkpt lat="46.635550" lon="8.606120"><ele>1557.6</ele></trkpt>
    <trkpt lat="46.635535" lon="8.606143"><ele>1557.7</ele></trkpt>
    <trkpt lat="46.635518" lon="8.606164"><ele>1557.9</ele></trkpt>
    <trkpt lat="46.635502" lon="8.606188"><ele>1558.1</ele></trkpt>
    <trkpt lat="46.635485" lon="8.606215"><ele>1558.2</ele></trkpt>
    <trkpt lat="46.635470" lon="8.606242"><ele>1558.4</ele></trkpt>
    <trkpt lat="46.635456" lon="8.606272"><ele>1558.6</ele></trkpt>
    <trkpt lat="46.635444" lon="8.606304"><ele>1558.8</ele></trkpt>
    <trkpt lat="46.635432" lon="8.606335"><ele>1558.9</ele></trkpt>
    <trkpt lat="46.635421" lon="8.606366"><ele>1559.1</ele></trkpt>
    <trkpt lat="46.635412" lon="8.606397"><ele>1559.3</ele></trkpt>
    <trkpt lat="46.635404" lon="8.606430"><ele>1559.4</ele></trkpt>
    <trkpt lat="46.635398" lon="8.606467"><ele>1559.6</ele></trkpt>
    <trkpt lat="46.635395" lon="8.606503"><ele>1559.8</ele></trkpt>
    <trkpt lat="46.635395" lon="8.606540"><ele>1560.0</ele></trkpt>
    <trkpt lat="46.635398" lon="8.606577"><ele>1560.1</ele></trkpt>
    <trkpt lat="46.635402" lon="8.606610"><ele>1560.3</ele></trkpt>
    <trkpt lat="46.635408" lon="8.606646"><ele>1560.5</ele></trkpt>
    <trkpt lat="46.635417" lon="8.606678"><ele>1560.7</ele></trkpt>
    <trkpt lat="46.635427" lon="8.606713"><ele>1560.8</ele></trkpt>
    <trkpt lat="46.635440" lon="8.606745"><ele>1561.0</ele></trkpt>
    <trkpt lat="46.635453" lon="8.606774"><ele>1561.2</ele></trkpt>
    <trkpt lat="46.635467" lon="8.606801"><ele>1561.3</ele></trkpt>
    <trkpt lat="46.635482" lon="8.606828"><ele>1561.5</ele></trkpt>
    <trkpt lat="46.635499" lon="8.606852"><ele>1561.7</ele></trkpt>
    <trkpt lat="46.635519" lon="8.606874"><ele>1561.8</ele></trkpt>
    <trkpt lat="46.635541" lon="8.606889"><ele>1562.0</ele></trkpt>
    <trkpt lat="46.635563" lon="8.606907"><ele>1562.2</ele></trkpt>
    <trkpt lat="46.635586" lon="8.606919"><ele>1562.4</ele></trkpt>
    <trkpt lat="46.635608" lon="8.606927"><ele>1562.5</ele></trkpt>
    <trkpt lat="46.635628" lon="8.606933"><ele>1562.7</ele></trkpt>
    <trkpt lat="46.635647" lon="8.606935"><ele>1562.8</ele></trkpt>
    <trkpt lat="46.635667" lon="8.606934"><ele>1562.9</ele></trkpt>
    <trkpt lat="46.635688" lon="8.606930"><ele>1563.1</ele></trkpt>
    <trkpt lat="46.635714" lon="8.606927"><ele>1563.3</ele></trkpt>
    <trkpt lat="46.635739" lon="8.606925"><ele>1563.4</ele></trkpt>
    <trkpt lat="46.635764" lon="8.606919"><ele>1563.6</ele></trkpt>
    <trkpt lat="46.635788" lon="8.606909"><ele>1563.8</ele></trkpt>
    <trkpt lat="46.635811" lon="8.606896"><ele>1564.0</ele></trkpt>
    <trkpt lat="46.635832" lon="8.606880"><ele>1564.1</ele></trkpt>
    <trkpt lat="46.635853" lon="8.606864"><ele>1564.3</ele></trkpt>
    <trkpt lat="46.635873" lon="8.606841"><ele>1564.5</ele></trkpt>
    <trkpt lat="46.635892" lon="8.606815"><ele>1564.6</ele></trkpt>
    <trkpt lat="46.635909" lon="8.606789"><ele>1564.8</ele></trkpt>
    <trkpt lat="46.635927" lon="8.606759"><ele>1565.0</ele></trkpt>
    <trkpt lat="46.635943" lon="8.606730"><ele>1565.2</ele></trkpt>
    <trkpt lat="46.635959" lon="8.606702"><ele>1565.4</ele></trkpt>
    <trkpt lat="46.635972" lon="8.606674"><ele>1565.5</ele></trkpt>
    <trkpt lat="46.635984" lon="8.606648"><ele>1565.7</ele></trkpt>
    <trkpt lat="46.635996" lon="8.606621"><ele>1565.8</ele></trkpt>
    <trkpt lat="46.636007" lon="8.606587"><ele>1566.0</ele></trkpt>
    <trkpt lat="46.636021" lon="8.606554"><ele>1566.2</ele></trkpt>
    <trkpt lat="46.636033" lon="8.606521"><ele>1566.4</ele></trkpt>
    <trkpt lat="46.636043" lon="8.606490"><ele>1566.5</ele></trkpt>
    <trkpt lat="46.636051" lon="8.606459"><ele>1566.7</ele></trkpt>
    <trkpt lat="46.636061" lon="8.606429"><ele>1566.8</ele></trkpt>
    <trkpt lat="46.636071" lon="8.606399"><ele>1567.0</ele></trkpt>
    <trkpt lat="46.636081" lon="8.606365"><ele>1567.2</ele></trkpt>
    <trkpt lat="46.636091" lon="8.606333"><ele>1567.4</ele></trkpt>
    <trkpt lat="46.636103" lon="8.606301"><ele>1567.5</ele></trkpt>
    <trkpt lat="46.636112" lon="8.606270"><ele>1567.7</ele></trkpt>
    <trkpt lat="46.636120" lon="8.606241"><ele>1567.8</ele></trkpt>
    <trkpt lat="46.636129" lon="8.606210"><ele>1568.0</ele></trkpt>
    <trkpt lat="46.636138" lon="8.606180"><ele>1568.2</ele></trkpt>
    <trkpt lat="46.636147" lon="8.606149"><ele>1568.3</ele></trkpt>
    <trkpt lat="46.636157" lon="8.606120"><ele>1568.5</ele></trkpt>
    <trkpt lat="46.636168" lon="8.606094"><ele>1568.6</ele></trkpt>
    <trkpt lat="46.636179" lon="8.606067"><ele>1568.8</ele></trkpt>
    <trkpt lat="46.636188" lon="8.606037"><ele>1568.9</ele></trkpt>
    <trkpt lat="46.636196" lon="8.606007"><ele>1569.1</ele></trkpt>
    <trkpt lat="46.636204" lon="8.605977"><ele>1569.2</ele></trkpt>
    <trkpt lat="46.636211" lon="8.605946"><ele>1569.4</ele></trkpt>
    <trkpt lat="46.636216" lon="8.605920"><ele>1569.5</ele></trkpt>
    <trkpt lat="46.636222" lon="8.605891"><ele>1569.7</ele></trkpt>
    <trkpt lat="46.636230" lon="8.605869"><ele>1569.8</ele></trkpt>
    <trkpt lat="46.636238" lon="8.605837"><ele>1569.9</ele></trkpt>
    <trkpt lat="46.636248" lon="8.605804"><ele>1570.1</ele></trkpt>
    <trkpt lat="46.636257" lon="8.605778"><ele>1570.3</ele></trkpt>
    <trkpt lat="46.636265" lon="8.605755"><ele>1570.4</ele></trkpt>
    <trkpt lat="46.636272" lon="8.605725"><ele>1570.5</ele></trkpt>
    <trkpt lat="46.636281" lon="8.605696"><ele>1570.7</ele></trkpt>
    <trkpt lat="46.636290" lon="8.605667"><ele>1570.8</ele></trkpt>
    <trkpt lat="46.636296" lon="8.605634"><ele>1571.0</ele></trkpt>
    <trkpt lat="46.636304" lon="8.605605"><ele>1571.1</ele></trkpt>
    <trkpt lat="46.636312" lon="8.605577"><ele>1571.3</ele></trkpt>
    <trkpt lat="46.636320" lon="8.605551"><ele>1571.4</ele></trkpt>
    <trkpt lat="46.636329" lon="8.605527"><ele>1571.6</ele></trkpt>
    <trkpt lat="46.636338" lon="8.605500"><ele>1571.7</ele></trkpt>
    <trkpt lat="46.636346" lon="8.605474"><ele>1571.8</ele></trkpt>
    <trkpt lat="46.636354" lon="8.605449"><ele>1572.0</ele></trkpt>
    <trkpt lat="46.636361" lon="8.605425"><ele>1572.1</ele></trkpt>
    <trkpt lat="46.636370" lon="8.605401"><ele>1572.2</ele></trkpt>
    <trkpt lat="46.636380" lon="8.605374"><ele>1572.4</ele></trkpt>
    <trkpt lat="46.636380" lon="8.605374"><ele>1572.4</ele></trkpt>
    <trkpt lat="46.636396" lon="8.605322"><ele>1572.6</ele></trkpt>
    <trkpt lat="46.636404" lon="8.605295"><ele>1572.8</ele></trkpt>
    <trkpt lat="46.636414" lon="8.605266"><ele>1573.0</ele></trkpt>
    <trkpt lat="46.636420" lon="8.605237"><ele>1573.1</ele></trkpt>
    <trkpt lat="46.636431" lon="8.605210"><ele>1573.3</ele></trkpt>
    <trkpt lat="46.636440" lon="8.605184"><ele>1573.5</ele></trkpt>
    <trkpt lat="46.636451" lon="8.605157"><ele>1573.6</ele></trkpt>
    <trkpt lat="46.636458" lon="8.605129"><ele>1573.8</ele></trkpt>
    <trkpt lat="46.636466" lon="8.605104"><ele>1574.0</ele></trkpt>
    <trkpt lat="46.636476" lon="8.605079"><ele>1574.1</ele></trkpt>
    <trkpt lat="46.636485" lon="8.605052"><ele>1574.3</ele></trkpt>
    <trkpt lat="46.636494" lon="8.605029"><ele>1574.5</ele></trkpt>
    <trkpt lat="46.636504" lon="8.605005"><ele>1574.6</ele></trkpt>
    <trkpt lat="46.636515" lon="8.604976"><ele>1574.8</ele></trkpt>
    <trkpt lat="46.636526" lon="8.604945"><ele>1575.0</ele></trkpt>
    <trkpt lat="46.636536" lon="8.604915"><ele>1575.2</ele></trkpt>
    <trkpt lat="46.636546" lon="8.604889"><ele>1575.3</ele></trkpt>
    <trkpt lat="46.636557" lon="8.604865"><ele>1575.5</ele></trkpt>
    <trkpt lat="46.636568" lon="8.604840"><ele>1575.7</ele></trkpt>
    <trkpt lat="46.636579" lon="8.604811"><ele>1575.9</ele></trkpt>
    <trkpt lat="46.636588" lon="8.604781"><ele>1576.0</ele></trkpt>
    <trkpt lat="46.636597" lon="8.604756"><ele>1576.2</ele></trkpt>
    <trkpt lat="46.636609" lon="8.604725"><ele>1576.4</ele></trkpt>
    <trkpt lat="46.636621" lon="8.604700"><ele>1576.6</ele></trkpt>
    <trkpt lat="46.636632" lon="8.604675"><ele>1576.7</ele></trkpt>
    <trkpt lat="46.636646" lon="8.604646"><ele>1576.9</ele></trkpt>
    <trkpt lat="46.636658" lon="8.604618"><ele>1577.1</ele></trkpt>
    <trkpt lat="46.636668" lon="8.604592"><ele>1577.3</ele></trkpt>
    <trkpt lat="46.636678" lon="8.604568"><ele>1577.5</ele></trkpt>
    <trkpt lat="46.636687" lon="8.604545"><ele>1577.6</ele></trkpt>
    <trkpt lat="46.636697" lon="8.604518"><ele>1577.8</ele></trkpt>
    <trkpt lat="46.636708" lon="8.604490"><ele>1578.0</ele></trkpt>
    <trkpt lat="46.636720" lon="8.604464"><ele>1578.1</ele></trkpt>
    <trkpt lat="46.636733" lon="8.604442"><ele>1578.3</ele></trkpt>
    <trkpt lat="46.636744" lon="8.604413"><ele>1578.5</ele></trkpt>
    <trkpt lat="46.636757" lon="8.604388"><ele>1578.7</ele></trkpt>
    <trkpt lat="46.636770" lon="8.604360"><ele>1578.9</ele></trkpt>
    <trkpt lat="46.636784" lon="8.604335"><ele>1579.0</ele></trkpt>
    <trkpt lat="46.636795" lon="8.604309"><ele>1579.2</ele></trkpt>
    <trkpt lat="46.636807" lon="8.604286"><ele>1579.4</ele></trkpt>
    <trkpt lat="46.636820" lon="8.604262"><ele>1579.5</ele></trkpt>
    <trkpt lat="46.636833" lon="8.604238"><ele>1579.7</ele></trkpt>
    <trkpt lat="46.636845" lon="8.604213"><ele>1579.9</ele></trkpt>
    <trkpt lat="46.636859" lon="8.604187"><ele>1580.1</ele></trkpt>
    <trkpt lat="46.636872" lon="8.604162"><ele>1580.2</ele></trkpt>
    <trkpt lat="46.636885" lon="8.604140"><ele>1580.4</ele></trkpt>
    <trkpt lat="46.636898" lon="8.604116"><ele>1580.6</ele></trkpt>
    <trkpt lat="46.636912" lon="8.604092"><ele>1580.8</ele></trkpt>
    <trkpt lat="46.636926" lon="8.604070"><ele>1580.9</ele></trkpt>
    <trkpt lat="46.636941" lon="8.604047"><ele>1581.1</ele></trkpt>
    <trkpt lat="46.636956" lon="8.604028"><ele>1581.3</ele></trkpt>
    <trkpt lat="46.636970" lon="8.604004"><ele>1581.4</ele></trkpt>
    <trkpt lat="46.636983" lon="8.603982"><ele>1581.6</ele></trkpt>
    <trkpt lat="46.636999" lon="8.603961"><ele>1581.8</ele></trkpt>
    <trkpt lat="46.637011" lon="8.603938"><ele>1582.0</ele></trkpt>
    <trkpt lat="46.637026" lon="8.603914"><ele>1582.1</ele></trkpt>
    <trkpt lat="46.637043" lon="8.603891"><ele>1582.3</ele></trkpt>
    <trkpt lat="46.637059" lon="8.603868"><ele>1582.5</ele></trkpt>
    <trkpt lat="46.637074" lon="8.603847"><ele>1582.7</ele></trkpt>
    <trkpt lat="46.637088" lon="8.603825"><ele>1582.8</ele></trkpt>
    <trkpt lat="46.637102" lon="8.603802"><ele>1583.0</ele></trkpt>
    <trkpt lat="46.637118" lon="8.603779"><ele>1583.2</ele></trkpt>
    <trkpt lat="46.637133" lon="8.603755"><ele>1583.4</ele></trkpt>
    <trkpt lat="46.637149" lon="8.603735"><ele>1583.6</ele></trkpt>
    <trkpt lat="46.637167" lon="8.603714"><ele>1583.8</ele></trkpt>
    <trkpt lat="46.637183" lon="8.603693"><ele>1583.9</ele></trkpt>
    <trkpt lat="46.637196" lon="8.603673"><ele>1584.1</ele></trkpt>
    <trkpt lat="46.637212" lon="8.603654"><ele>1584.3</ele></trkpt>
    <trkpt lat="46.637227" lon="8.603635"><ele>1584.4</ele></trkpt>
    <trkpt lat="46.637245" lon="8.603613"><ele>1584.6</ele></trkpt>
    <trkpt lat="46.637262" lon="8.603591"><ele>1584.8</ele></trkpt>
    <trkpt lat="46.637279" lon="8.603570"><ele>1585.0</ele></trkpt>
    <trkpt lat="46.637295" lon="8.603549"><ele>1585.2</ele></trkpt>
    <trkpt lat="46.637309" lon="8.603530"><ele>1585.3</ele></trkpt>
    <trkpt lat="46.637324" lon="8.603511"><ele>1585.5</ele></trkpt>
    <trkpt lat="46.637338" lon="8.603492"><ele>1585.6</ele></trkpt>
    <trkpt lat="46.637350" lon="8.603474"><ele>1585.8</ele></trkpt>
    <trkpt lat="46.637364" lon="8.603456"><ele>1585.9</ele></trkpt>
    <trkpt lat="46.637378" lon="8.603436"><ele>1586.1</ele></trkpt>
    <trkpt lat="46.637393" lon="8.603419"><ele>1586.2</ele></trkpt>
    <trkpt lat="46.637409" lon="8.603400"><ele>1586.4</ele></trkpt>
    <trkpt lat="46.637424" lon="8.603383"><ele>1586.6</ele></trkpt>
    <trkpt lat="46.637438" lon="8.603361"><ele>1586.7</ele></trkpt>
    <trkpt lat="46.637454" lon="8.603344"><ele>1586.9</ele></trkpt>
    <trkpt lat="46.637470" lon="8.603325"><ele>1587.1</ele></trkpt>
    <trkpt lat="46.637486" lon="8.603305"><ele>1587.2</ele></trkpt>
    <trkpt lat="46.637502" lon="8.603284"><ele>1587.4</ele></trkpt>
    <trkpt lat="46.637518" lon="8.603263"><ele>1587.6</ele></trkpt>
    <trkpt lat="46.637531" lon="8.603243"><ele>1587.7</ele></trkpt>
    <trkpt lat="46.637546" lon="8.603222"><ele>1587.9</ele></trkpt>
    <trkpt lat="46.637561" lon="8.603201"><ele>1588.1</ele></trkpt>
    <trkpt lat="46.637579" lon="8.603179"><ele>1588.2</ele></trkpt>
    <trkpt lat="46.637592" lon="8.603159"><ele>1588.4</ele></trkpt>
    <trkpt lat="46.637606" lon="8.603136"><ele>1588.5</ele></trkpt>
    <trkpt lat="46.637620" lon="8.603115"><ele>1588.7</ele></trkpt>
    <trkpt lat="46.637636" lon="8.603095"><ele>1588.9</ele></trkpt>
    <trkpt lat="46.637649" lon="8.603075"><ele>1589.0</ele></trkpt>
    <trkpt lat="46.637663" lon="8.603056"><ele>1589.1</ele></trkpt>
    <trkpt lat="46.637675" lon="8.603035"><ele>1589.3</ele></trkpt>
    <trkpt lat="46.637688" lon="8.603016"><ele>1589.4</ele></trkpt>
    <trkpt lat="46.637699" lon="8.602999"><ele>1589.6</ele></trkpt>
    <trkpt lat="46.637711" lon="8.602978"><ele>1589.7</ele></trkpt>
    <trkpt lat="46.637725" lon="8.602957"><ele>1589.8</ele></trkpt>
    <trkpt lat="46.637738" lon="8.602934"><ele>1590.0</ele></trkpt>
    <trkpt lat="46.637752" lon="8.602913"><ele>1590.2</ele></trkpt>
    <trkpt lat="46.637764" lon="8.602890"><ele>1590.3</ele></trkpt>
    <trkpt lat="46.637774" lon="8.602870"><ele>1590.4</ele></trkpt>
    <trkpt lat="46.637788" lon="8.602846"><ele>1590.6</ele></trkpt>
    <trkpt lat="46.637802" lon="8.602823"><ele>1590.8</ele></trkpt>
    <trkpt lat="46.637814" lon="8.602801"><ele>1590.9</ele></trkpt>
    <trkpt lat="46.637827" lon="8.602777"><ele>1591.1</ele></trkpt>
    <trkpt lat="46.637839" lon="8.602754"><ele>1591.2</ele></trkpt>
    <trkpt lat="46.637851" lon="8.602733"><ele>1591.4</ele></trkpt>
    <trkpt lat="46.637864" lon="8.602712"><ele>1591.5</ele></trkpt>
    <trkpt lat="46.637878" lon="8.602690"><ele>1591.7</ele></trkpt>
    <trkpt lat="46.637892" lon="8.602669"><ele>1591.8</ele></trkpt>
    <trkpt lat="46.637904" lon="8.602648"><ele>1592.0</ele></trkpt>
    <trkpt lat="46.637916" lon="8.602623"><ele>1592.1</ele></trkpt>
    <trkpt lat="46.637929" lon="8.602598"><ele>1592.3</ele></trkpt>
    <trkpt lat="46.637942" lon="8.602574"><ele>1592.5</ele></trkpt>
    <trkpt lat="46.637957" lon="8.602550"><ele>1592.6</ele></trkpt>
    <trkpt lat="46.637969" lon="8.602525"><ele>1592.8</ele></trkpt>
    <trkpt lat="46.637980" lon="8.602504"><ele>1592.9</ele></trkpt>
    <trkpt lat="46.637993" lon="8.602478"><ele>1593.1</ele></trkpt>
    <trkpt lat="46.638005" lon="8.602456"><ele>1593.2</ele></trkpt>
    <trkpt lat="46.638017" lon="8.602433"><ele>1593.4</ele></trkpt>
    <trkpt lat="46.638030" lon="8.602410"><ele>1593.5</ele></trkpt>
    <trkpt lat="46.638044" lon="8.602383"><ele>1593.7</ele></trkpt>
    <trkpt lat="46.638059" lon="8.602358"><ele>1593.9</ele></trkpt>
    <trkpt lat="46.638073" lon="8.602332"><ele>1594.1</ele></trkpt>
    <trkpt lat="46.638086" lon="8.602304"><ele>1594.3</ele></trkpt>
    <trkpt lat="46.638099" lon="8.602278"><ele>1594.4</ele></trkpt>
    <trkpt lat="46.638114" lon="8.602255"><ele>1594.6</ele></trkpt>
    <trkpt lat="46.638128" lon="8.602226"><ele>1594.8</ele></trkpt>
    <trkpt lat="46.638142" lon="8.602198"><ele>1595.0</ele></trkpt>
    <trkpt lat="46.638158" lon="8.602175"><ele>1595.1</ele></trkpt>
    <trkpt lat="46.638175" lon="8.602152"><ele>1595.3</ele></trkpt>
    <trkpt lat="46.638190" lon="8.602129"><ele>1595.5</ele></trkpt>
    <trkpt lat="46.638205" lon="8.602105"><ele>1595.6</ele></trkpt>
    <trkpt lat="46.638220" lon="8.602079"><ele>1595.8</ele></trkpt>
    <trkpt lat="46.638238" lon="8.602054"><ele>1596.0</ele></trkpt>
    <trkpt lat="46.638253" lon="8.602029"><ele>1596.2</ele></trkpt>
    <trkpt lat="46.638269" lon="8.602006"><ele>1596.4</ele></trkpt>
    <trkpt lat="46.638283" lon="8.601985"><ele>1596.5</ele></trkpt>
    <trkpt lat="46.638299" lon="8.601961"><ele>1596.7</ele></trkpt>
    <trkpt lat="46.638314" lon="8.601935"><ele>1596.9</ele></trkpt>
    <trkpt lat="46.638329" lon="8.601910"><ele>1597.0</ele></trkpt>
    <trkpt lat="46.638345" lon="8.601886"><ele>1597.2</ele></trkpt>
    <trkpt lat="46.638362" lon="8.601862"><ele>1597.4</ele></trkpt>
    <trkpt lat="46.638380" lon="8.601839"><ele>1597.6</ele></trkpt>
    <trkpt lat="46.638397" lon="8.601815"><ele>1597.8</ele></trkpt>
    <trkpt lat="46.638413" lon="8.601795"><ele>1597.9</ele></trkpt>
    <trkpt lat="46.638431" lon="8.601774"><ele>1598.1</ele></trkpt>
    <trkpt lat="46.638449" lon="8.601750"><ele>1598.3</ele></trkpt>
    <trkpt lat="46.638466" lon="8.601727"><ele>1598.5</ele></trkpt>
    <trkpt lat="46.638483" lon="8.601706"><ele>1598.6</ele></trkpt>
    <trkpt lat="46.638501" lon="8.601689"><ele>1598.8</ele></trkpt>
    <trkpt lat="46.638520" lon="8.601668"><ele>1599.0</ele></trkpt>
    <trkpt lat="46.638540" lon="8.601647"><ele>1599.2</ele></trkpt>
    <trkpt lat="46.638560" lon="8.601625"><ele>1599.4</ele></trkpt>
    <trkpt lat="46.638579" lon="8.601604"><ele>1599.5</ele></trkpt>
    <trkpt lat="46.638597" lon="8.601584"><ele>1599.7</ele></trkpt>
    <trkpt lat="46.638615" lon="8.601565"><ele>1599.9</ele></trkpt>
    <trkpt lat="46.638634" lon="8.601543"><ele>1600.1</ele></trkpt>
    <trkpt lat="46.638652" lon="8.601521"><ele>1600.2</ele></trkpt>
    <trkpt lat="46.638672" lon="8.601503"><ele>1600.4</ele></trkpt>
    <trkpt lat="46.638691" lon="8.601483"><ele>1600.6</ele></trkpt>
    <trkpt lat="46.638710" lon="8.601463"><ele>1600.8</ele></trkpt>
    <trkpt lat="46.638730" lon="8.601445"><ele>1601.0</ele></trkpt>
    <trkpt lat="46.638750" lon="8.601428"><ele>1601.1</ele></trkpt>
    <trkpt lat="46.638769" lon="8.601409"><ele>1601.3</ele></trkpt>
    <trkpt lat="46.638789" lon="8.601389"><ele>1601.5</ele></trkpt>
    <trkpt lat="46.638808" lon="8.601370"><ele>1601.7</ele></trkpt>
    <trkpt lat="46.638827" lon="8.601353"><ele>1601.8</ele></trkpt>
    <trkpt lat="46.638845" lon="8.601337"><ele>1602.0</ele></trkpt>
    <trkpt lat="46.638864" lon="8.601320"><ele>1602.2</ele></trkpt>
    <trkpt lat="46.638884" lon="8.601306"><ele>1602.3</ele></trkpt>
    <trkpt lat="46.638905" lon="8.601293"><ele>1602.5</ele></trkpt>
    <trkpt lat="46.638926" lon="8.601277"><ele>1602.7</ele></trkpt>
    <trkpt lat="46.638947" lon="8.601260"><ele>1602.9</ele></trkpt>
    <trkpt lat="46.638966" lon="8.601248"><ele>1603.0</ele></trkpt>
    <trkpt lat="46.638985" lon="8.601235"><ele>1603.2</ele></trkpt>
    <trkpt lat="46.639005" lon="8.601221"><ele>1603.3</ele></trkpt>
    <trkpt lat="46.639027" lon="8.601206"><ele>1603.5</ele></trkpt>
    <trkpt lat="46.639048" lon="8.601190"><ele>1603.7</ele></trkpt>
    <trkpt lat="46.639068" lon="8.601175"><ele>1603.9</ele></trkpt>
    <trkpt lat="46.639090" lon="8.601158"><ele>1604.1</ele></trkpt>
    <trkpt lat="46.639112" lon="8.601142"><ele>1604.2</ele></trkpt>
    <trkpt lat="46.639134" lon="8.601129"><ele>1604.4</ele></trkpt>
    <trkpt lat="46.639156" lon="8.601116"><ele>1604.6</ele></trkpt>
    <trkpt lat="46.639177" lon="8.601102"><ele>1604.8</ele></trkpt>
    <trkpt lat="46.639200" lon="8.601090"><ele>1605.0</ele></trkpt>
    <trkpt lat="46.639224" lon="8.601081"><ele>1605.1</ele></trkpt>
    <trkpt lat="46.639247" lon="8.601073"><ele>1605.3</ele></trkpt>
    <trkpt lat="46.639270" lon="8.601065"><ele>1605.5</ele></trkpt>
    <trkpt lat="46.639293" lon="8.601058"><ele>1605.7</ele></trkpt>
    <trkpt lat="46.639319" lon="8.601055"><ele>1605.9</ele></trkpt>
    <trkpt lat="46.639345" lon="8.601049"><ele>1606.1</ele></trkpt>
    <trkpt lat="46.639372" lon="8.601048"><ele>1606.3</ele></trkpt>
    <trkpt lat="46.639401" lon="8.601058"><ele>1606.5</ele></trkpt>
    <trkpt lat="46.639429" lon="8.601068"><ele>1606.7</ele></trkpt>
    <trkpt lat="46.639457" lon="8.601081"><ele>1606.9</ele></trkpt>
    <trkpt lat="46.639483" lon="8.601098"><ele>1607.1</ele></trkpt>
    <trkpt lat="46.639505" lon="8.601117"><ele>1607.3</ele></trkpt>
    <trkpt lat="46.639525" lon="8.601139"><ele>1607.5</ele></trkpt>
    <trkpt lat="46.639545" lon="8.601158"><ele>1607.7</ele></trkpt>
    <trkpt lat="46.639562" lon="8.601183"><ele>1607.9</ele></trkpt>
    <trkpt lat="46.639579" lon="8.601212"><ele>1608.1</ele></trkpt>
    <trkpt lat="46.639592" lon="8.601240"><ele>1608.3</ele></trkpt>
    <trkpt lat="46.639606" lon="8.601261"><ele>1608.4</ele></trkpt>
    <trkpt lat="46.639626" lon="8.601282"><ele>1608.6</ele></trkpt>
    <trkpt lat="46.639643" lon="8.601295"><ele>1608.7</ele></trkpt>
    <trkpt lat="46.639662" lon="8.601304"><ele>1608.9</ele></trkpt>
    <trkpt lat="46.639682" lon="8.601311"><ele>1609.0</ele></trkpt>
    <trkpt lat="46.639706" lon="8.601311"><ele>1609.2</ele></trkpt>
    <trkpt lat="46.639715" lon="8.601299"><ele>1609.3</ele></trkpt>
    <trkpt lat="46.639700" lon="8.601261"><ele>1609.5</ele></trkpt>
    <trkpt lat="46.639695" lon="8.601247"><ele>1609.6</ele></trkpt>
    <trkpt lat="46.639691" lon="8.601243"><ele>1609.7</ele></trkpt>
    <trkpt lat="46.639690" lon="8.601234"><ele>1609.7</ele></trkpt>
    <trkpt lat="46.639690" lon="8.601234"><ele>1609.7</ele></trkpt>
    <trkpt lat="46.639690" lon="8.601234"><ele>1609.7</ele></trkpt>
    <trkpt lat="46.639690" lon="8.601234"><ele>1609.7</ele></trkpt>
    <trkpt lat="46.639690" lon="8.601234"><ele>1609.7</ele></trkpt>
    <trkpt lat="46.639690" lon="8.601234"><ele>1609.7</ele></trkpt>
    <trkpt lat="46.639690" lon="8.601234"><ele>1609.7</ele></trkpt>
    <trkpt lat="46.639690" lon="8.601234"><ele>1609.7</ele></trkpt>
    <trkpt lat="46.639690" lon="8.601234"><ele>1609.7</ele></trkpt>
    <trkpt lat="46.639690" lon="8.601234"><ele>1609.7</ele></trkpt>
    <trkpt lat="46.639690" lon="8.601234"><ele>1609.7</ele></trkpt>
    <trkpt lat="46.639690" lon="8.601234"><ele>1609.7</ele></trkpt>
    <trkpt lat="46.639690" lon="8.601234"><ele>1609.7</ele></trkpt>
    <trkpt lat="46.639690" lon="8.601234"><ele>1609.7</ele></trkpt>
    <trkpt lat="46.639690" lon="8.601234"><ele>1609.7</ele></trkpt>
    <trkpt lat="46.639690" lon="8.601234"><ele>1609.7</ele></trkpt>
    <trkpt lat="46.639690" lon="8.601234"><ele>1609.7</ele></trkpt>
    <trkpt lat="46.639690" lon="8.601234"><ele>1609.7</ele></trkpt>
    <trkpt lat="46.639690" lon="8.601234"><ele>1609.7</ele></trkpt>
    <trkpt lat="46.639690" lon="8.601234"><ele>1609.7</ele></trkpt>
    <trkpt lat="46.639690" lon="8.601234"><ele>1609.7</ele></trkpt>
    <trkpt lat="46.639690" lon="8.601234"><ele>1609.7</ele></trkpt>
    <trkpt lat="46.639690" lon="8.601234"><ele>1609.7</ele></trkpt>
    <trkpt lat="46.639690" lon="8.601234"><ele>1609.7</ele></trkpt>
    <trkpt lat="46.639690" lon="8.601234"><ele>1609.7</ele></trkpt>
    <trkpt lat="46.639690" lon="8.601234"><ele>1609.7</ele></trkpt>
    <trkpt lat="46.639690" lon="8.601234"><ele>1609.7</ele></trkpt>
    <trkpt lat="46.639690" lon="8.601234"><ele>1609.7</ele></trkpt>
    <trkpt lat="46.639690" lon="8.601234"><ele>1609.7</ele></trkpt>
    <trkpt lat="46.639690" lon="8.601234"><ele>1609.7</ele></trkpt>
    <trkpt lat="46.639690" lon="8.601234"><ele>1609.7</ele></trkpt>
    <trkpt lat="46.638779" lon="8.602272"><ele>1617.4</ele></trkpt>
    <trkpt lat="46.638585" lon="8.602367"><ele>1618.6</ele></trkpt>
    <trkpt lat="46.638622" lon="8.602361"><ele>1618.8</ele></trkpt>
    <trkpt lat="46.638632" lon="8.602335"><ele>1618.9</ele></trkpt>
    <trkpt lat="46.638612" lon="8.602345"><ele>1619.0</ele></trkpt>
    <trkpt lat="46.638590" lon="8.602348"><ele>1619.1</ele></trkpt>
    <trkpt lat="46.638560" lon="8.602378"><ele>1619.3</ele></trkpt>
    <trkpt lat="46.638543" lon="8.602401"><ele>1619.5</ele></trkpt>
    <trkpt lat="46.638525" lon="8.602425"><ele>1619.6</ele></trkpt>
    <trkpt lat="46.638504" lon="8.602456"><ele>1619.8</ele></trkpt>
    <trkpt lat="46.638487" lon="8.602478"><ele>1619.9</ele></trkpt>
    <trkpt lat="46.638473" lon="8.602499"><ele>1620.0</ele></trkpt>
    <trkpt lat="46.638458" lon="8.602525"><ele>1620.1</ele></trkpt>
    <trkpt lat="46.638442" lon="8.602551"><ele>1620.3</ele></trkpt>
    <trkpt lat="46.638427" lon="8.602575"><ele>1620.4</ele></trkpt>
    <trkpt lat="46.638413" lon="8.602605"><ele>1620.5</ele></trkpt>
    <trkpt lat="46.638398" lon="8.602634"><ele>1620.7</ele></trkpt>
    <trkpt lat="46.638380" lon="8.602666"><ele>1620.8</ele></trkpt>
    <trkpt lat="46.638361" lon="8.602699"><ele>1621.0</ele></trkpt>
    <trkpt lat="46.638346" lon="8.602736"><ele>1621.1</ele></trkpt>
    <trkpt lat="46.638332" lon="8.602767"><ele>1621.3</ele></trkpt>
    <trkpt lat="46.638314" lon="8.602801"><ele>1621.4</ele></trkpt>
    <trkpt lat="46.638299" lon="8.602828"><ele>1621.6</ele></trkpt>
    <trkpt lat="46.638286" lon="8.602854"><ele>1621.7</ele></trkpt>
    <trkpt lat="46.638269" lon="8.602877"><ele>1621.8</ele></trkpt>
    <trkpt lat="46.638256" lon="8.602909"><ele>1622.0</ele></trkpt>
    <trkpt lat="46.638242" lon="8.602936"><ele>1622.1</ele></trkpt>
    <trkpt lat="46.638231" lon="8.602965"><ele>1622.2</ele></trkpt>
    <trkpt lat="46.638217" lon="8.602991"><ele>1622.3</ele></trkpt>
    <trkpt lat="46.638205" lon="8.603017"><ele>1622.5</ele></trkpt>
    <trkpt lat="46.638191" lon="8.603046"><ele>1622.6</ele></trkpt>
    <trkpt lat="46.638178" lon="8.603070"><ele>1622.7</ele></trkpt>
    <trkpt lat="46.638164" lon="8.603100"><ele>1622.8</ele></trkpt>
    <trkpt lat="46.638150" lon="8.603128"><ele>1623.0</ele></trkpt>
    <trkpt lat="46.638134" lon="8.603156"><ele>1623.1</ele></trkpt>
    <trkpt lat="46.638122" lon="8.603189"><ele>1623.3</ele></trkpt>
    <trkpt lat="46.638107" lon="8.603211"><ele>1623.4</ele></trkpt>
    <trkpt lat="46.638095" lon="8.603238"><ele>1623.5</ele></trkpt>
    <trkpt lat="46.638081" lon="8.603264"><ele>1623.6</ele></trkpt>
    <trkpt lat="46.638066" lon="8.603291"><ele>1623.8</ele></trkpt>
    <trkpt lat="46.638052" lon="8.603321"><ele>1623.9</ele></trkpt>
    <trkpt lat="46.638040" lon="8.603349"><ele>1624.0</ele></trkpt>
    <trkpt lat="46.638026" lon="8.603374"><ele>1624.1</ele></trkpt>
    <trkpt lat="46.638012" lon="8.603399"><ele>1624.3</ele></trkpt>
    <trkpt lat="46.638002" lon="8.603427"><ele>1624.4</ele></trkpt>
    <trkpt lat="46.637986" lon="8.603460"><ele>1624.5</ele></trkpt>
    <trkpt lat="46.637970" lon="8.603487"><ele>1624.7</ele></trkpt>
    <trkpt lat="46.637954" lon="8.603517"><ele>1624.8</ele></trkpt>
    <trkpt lat="46.637941" lon="8.603549"><ele>1625.1</ele></trkpt>
    <trkpt lat="46.637930" lon="8.603577"><ele>1625.2</ele></trkpt>
    <trkpt lat="46.637916" lon="8.603605"><ele>1625.4</ele></trkpt>
    <trkpt lat="46.637903" lon="8.603631"><ele>1625.6</ele></trkpt>
    <trkpt lat="46.637890" lon="8.603657"><ele>1625.8</ele></trkpt>
    <trkpt lat="46.637876" lon="8.603684"><ele>1626.0</ele></trkpt>
    <trkpt lat="46.637864" lon="8.603708"><ele>1626.1</ele></trkpt>
    <trkpt lat="46.637853" lon="8.603734"><ele>1626.3</ele></trkpt>
    <trkpt lat="46.637842" lon="8.603763"><ele>1626.5</ele></trkpt>
    <trkpt lat="46.637830" lon="8.603788"><ele>1626.6</ele></trkpt>
    <trkpt lat="46.637816" lon="8.603814"><ele>1626.8</ele></trkpt>
    <trkpt lat="46.637800" lon="8.603841"><ele>1627.0</ele></trkpt>
    <trkpt lat="46.637784" lon="8.603867"><ele>1627.2</ele></trkpt>
    <trkpt lat="46.637771" lon="8.603897"><ele>1627.4</ele></trkpt>
    <trkpt lat="46.637756" lon="8.603927"><ele>1627.6</ele></trkpt>
    <trkpt lat="46.637742" lon="8.603952"><ele>1627.8</ele></trkpt>
    <trkpt lat="46.637728" lon="8.603980"><ele>1628.0</ele></trkpt>
    <trkpt lat="46.637717" lon="8.604008"><ele>1628.2</ele></trkpt>
    <trkpt lat="46.637703" lon="8.604034"><ele>1628.3</ele></trkpt>
    <trkpt lat="46.637690" lon="8.604061"><ele>1628.5</ele></trkpt>
    <trkpt lat="46.637675" lon="8.604086"><ele>1628.7</ele></trkpt>
    <trkpt lat="46.637661" lon="8.604112"><ele>1628.9</ele></trkpt>
    <trkpt lat="46.637647" lon="8.604142"><ele>1629.1</ele></trkpt>
    <trkpt lat="46.637634" lon="8.604170"><ele>1629.3</ele></trkpt>
    <trkpt lat="46.637621" lon="8.604196"><ele>1629.5</ele></trkpt>
    <trkpt lat="46.637607" lon="8.604225"><ele>1629.6</ele></trkpt>
    <trkpt lat="46.637595" lon="8.604252"><ele>1629.8</ele></trkpt>
    <trkpt lat="46.637580" lon="8.604275"><ele>1630.0</ele></trkpt>
    <trkpt lat="46.637565" lon="8.604303"><ele>1630.2</ele></trkpt>
    <trkpt lat="46.637552" lon="8.604331"><ele>1630.4</ele></trkpt>
    <trkpt lat="46.637538" lon="8.604364"><ele>1630.6</ele></trkpt>
    <trkpt lat="46.637527" lon="8.604394"><ele>1630.8</ele></trkpt>
    <trkpt lat="46.637515" lon="8.604424"><ele>1631.0</ele></trkpt>
    <trkpt lat="46.637502" lon="8.604458"><ele>1631.2</ele></trkpt>
    <trkpt lat="46.637489" lon="8.604489"><ele>1631.4</ele></trkpt>
    <trkpt lat="46.637477" lon="8.604517"><ele>1631.6</ele></trkpt>
    <trkpt lat="46.637467" lon="8.604544"><ele>1631.7</ele></trkpt>
    <trkpt lat="46.637458" lon="8.604573"><ele>1631.9</ele></trkpt>
    <trkpt lat="46.637450" lon="8.604602"><ele>1632.1</ele></trkpt>
    <trkpt lat="46.637441" lon="8.604633"><ele>1632.3</ele></trkpt>
    <trkpt lat="46.637428" lon="8.604667"><ele>1632.5</ele></trkpt>
    <trkpt lat="46.637420" lon="8.604693"><ele>1632.6</ele></trkpt>
    <trkpt lat="46.637410" lon="8.604721"><ele>1632.8</ele></trkpt>
    <trkpt lat="46.637403" lon="8.604751"><ele>1633.0</ele></trkpt>
    <trkpt lat="46.637396" lon="8.604780"><ele>1633.2</ele></trkpt>
    <trkpt lat="46.637387" lon="8.604811"><ele>1633.3</ele></trkpt>
    <trkpt lat="46.637378" lon="8.604845"><ele>1633.5</ele></trkpt>
    <trkpt lat="46.637370" lon="8.604877"><ele>1633.7</ele></trkpt>
    <trkpt lat="46.637363" lon="8.604906"><ele>1633.9</ele></trkpt>
    <trkpt lat="46.637357" lon="8.604937"><ele>1634.1</ele></trkpt>
    <trkpt lat="46.637353" lon="8.604964"><ele>1634.2</ele></trkpt>
    <trkpt lat="46.637349" lon="8.604991"><ele>1634.4</ele></trkpt>
    <trkpt lat="46.637344" lon="8.605026"><ele>1634.6</ele></trkpt>
    <trkpt lat="46.637342" lon="8.605057"><ele>1634.8</ele></trkpt>
    <trkpt lat="46.637339" lon="8.605089"><ele>1634.9</ele></trkpt>
    <trkpt lat="46.637336" lon="8.605122"><ele>1635.1</ele></trkpt>
    <trkpt lat="46.637332" lon="8.605153"><ele>1635.3</ele></trkpt>
    <trkpt lat="46.637330" lon="8.605187"><ele>1635.5</ele></trkpt>
    <trkpt lat="46.637329" lon="8.605217"><ele>1635.6</ele></trkpt>
    <trkpt lat="46.637327" lon="8.605249"><ele>1635.8</ele></trkpt>
    <trkpt lat="46.637326" lon="8.605284"><ele>1636.0</ele></trkpt>
    <trkpt lat="46.637326" lon="8.605315"><ele>1636.2</ele></trkpt>
    <trkpt lat="46.637326" lon="8.605348"><ele>1636.4</ele></trkpt>
    <trkpt lat="46.637327" lon="8.605379"><ele>1636.5</ele></trkpt>
    <trkpt lat="46.637330" lon="8.605408"><ele>1636.7</ele></trkpt>
    <trkpt lat="46.637330" lon="8.605438"><ele>1636.9</ele></trkpt>
    <trkpt lat="46.637332" lon="8.605471"><ele>1637.0</ele></trkpt>
    <trkpt lat="46.637334" lon="8.605504"><ele>1637.2</ele></trkpt>
    <trkpt lat="46.637336" lon="8.605534"><ele>1637.4</ele></trkpt>
    <trkpt lat="46.637339" lon="8.605563"><ele>1637.6</ele></trkpt>
    <trkpt lat="46.637343" lon="8.605594"><ele>1637.7</ele></trkpt>
    <trkpt lat="46.637347" lon="8.605627"><ele>1637.9</ele></trkpt>
    <trkpt lat="46.637354" lon="8.605660"><ele>1638.1</ele></trkpt>
    <trkpt lat="46.637361" lon="8.605689"><ele>1638.3</ele></trkpt>
    <trkpt lat="46.637369" lon="8.605715"><ele>1638.4</ele></trkpt>
    <trkpt lat="46.637379" lon="8.605749"><ele>1638.6</ele></trkpt>
    <trkpt lat="46.637385" lon="8.605777"><ele>1638.8</ele></trkpt>
    <trkpt lat="46.637391" lon="8.605806"><ele>1639.0</ele></trkpt>
    <trkpt lat="46.637398" lon="8.605835"><ele>1639.1</ele></trkpt>
    <trkpt lat="46.637405" lon="8.605864"><ele>1639.3</ele></trkpt>
    <trkpt lat="46.637414" lon="8.605890"><ele>1639.5</ele></trkpt>
    <trkpt lat="46.637424" lon="8.605914"><ele>1639.6</ele></trkpt>
    <trkpt lat="46.637433" lon="8.605945"><ele>1639.8</ele></trkpt>
    <trkpt lat="46.637442" lon="8.605973"><ele>1640.0</ele></trkpt>
    <trkpt lat="46.637451" lon="8.606001"><ele>1640.2</ele></trkpt>
    <trkpt lat="46.637461" lon="8.606024"><ele>1640.3</ele></trkpt>
    <trkpt lat="46.637472" lon="8.606048"><ele>1640.5</ele></trkpt>
    <trkpt lat="46.637483" lon="8.606075"><ele>1640.7</ele></trkpt>
    <trkpt lat="46.637496" lon="8.606099"><ele>1640.8</ele></trkpt>
    <trkpt lat="46.637508" lon="8.606128"><ele>1641.0</ele></trkpt>
    <trkpt lat="46.637522" lon="8.606157"><ele>1641.2</ele></trkpt>
    <trkpt lat="46.637534" lon="8.606183"><ele>1641.4</ele></trkpt>
    <trkpt lat="46.637545" lon="8.606209"><ele>1641.6</ele></trkpt>
    <trkpt lat="46.637558" lon="8.606232"><ele>1641.7</ele></trkpt>
    <trkpt lat="46.637569" lon="8.606255"><ele>1641.9</ele></trkpt>
    <trkpt lat="46.637581" lon="8.606280"><ele>1642.1</ele></trkpt>
    <trkpt lat="46.637592" lon="8.606307"><ele>1642.3</ele></trkpt>
    <trkpt lat="46.637603" lon="8.606333"><ele>1642.4</ele></trkpt>
    <trkpt lat="46.637613" lon="8.606360"><ele>1642.6</ele></trkpt>
    <trkpt lat="46.637622" lon="8.606388"><ele>1642.8</ele></trkpt>
    <trkpt lat="46.637633" lon="8.606411"><ele>1642.9</ele></trkpt>
    <trkpt lat="46.637644" lon="8.606437"><ele>1643.1</ele></trkpt>
    <trkpt lat="46.637656" lon="8.606467"><ele>1643.3</ele></trkpt>
    <trkpt lat="46.637668" lon="8.606496"><ele>1643.5</ele></trkpt>
    <trkpt lat="46.637681" lon="8.606526"><ele>1643.7</ele></trkpt>
    <trkpt lat="46.637690" lon="8.606555"><ele>1643.9</ele></trkpt>
    <trkpt lat="46.637702" lon="8.606583"><ele>1644.1</ele></trkpt>
    <trkpt lat="46.637712" lon="8.606611"><ele>1644.2</ele></trkpt>
    <trkpt lat="46.637723" lon="8.606636"><ele>1644.4</ele></trkpt>
    <trkpt lat="46.637736" lon="8.606663"><ele>1644.6</ele></trkpt>
    <trkpt lat="46.637749" lon="8.606688"><ele>1644.8</ele></trkpt>
    <trkpt lat="46.637757" lon="8.606715"><ele>1644.9</ele></trkpt>
    <trkpt lat="46.637768" lon="8.606743"><ele>1645.1</ele></trkpt>
    <trkpt lat="46.637777" lon="8.606771"><ele>1645.3</ele></trkpt>
    <trkpt lat="46.637785" lon="8.606799"><ele>1645.5</ele></trkpt>
    <trkpt lat="46.637793" lon="8.606825"><ele>1645.6</ele></trkpt>
    <trkpt lat="46.637801" lon="8.606853"><ele>1645.8</ele></trkpt>
    <trkpt lat="46.637809" lon="8.606879"><ele>1645.9</ele></trkpt>
    <trkpt lat="46.637818" lon="8.606910"><ele>1646.1</ele></trkpt>
    <trkpt lat="46.637825" lon="8.606939"><ele>1646.3</ele></trkpt>
    <trkpt lat="46.637832" lon="8.606969"><ele>1646.5</ele></trkpt>
    <trkpt lat="46.637838" lon="8.607001"><ele>1646.7</ele></trkpt>
    <trkpt lat="46.637843" lon="8.607033"><ele>1646.9</ele></trkpt>
    <trkpt lat="46.637849" lon="8.607063"><ele>1647.0</ele></trkpt>
    <trkpt lat="46.637855" lon="8.607092"><ele>1647.2</ele></trkpt>
    <trkpt lat="46.637860" lon="8.607121"><ele>1647.4</ele></trkpt>
    <trkpt lat="46.637866" lon="8.607151"><ele>1647.6</ele></trkpt>
    <trkpt lat="46.637871" lon="8.607178"><ele>1647.7</ele></trkpt>
    <trkpt lat="46.637876" lon="8.607205"><ele>1647.9</ele></trkpt>
    <trkpt lat="46.637880" lon="8.607233"><ele>1648.0</ele></trkpt>
    <trkpt lat="46.637883" lon="8.607260"><ele>1648.2</ele></trkpt>
    <trkpt lat="46.637885" lon="8.607287"><ele>1648.3</ele></trkpt>
    <trkpt lat="46.637888" lon="8.607316"><ele>1648.5</ele></trkpt>
    <trkpt lat="46.637893" lon="8.607348"><ele>1648.7</ele></trkpt>
    <trkpt lat="46.637896" lon="8.607379"><ele>1648.9</ele></trkpt>
    <trkpt lat="46.637896" lon="8.607413"><ele>1649.1</ele></trkpt>
    <trkpt lat="46.637896" lon="8.607442"><ele>1649.2</ele></trkpt>
    <trkpt lat="46.637896" lon="8.607472"><ele>1649.4</ele></trkpt>
    <trkpt lat="46.637898" lon="8.607501"><ele>1649.6</ele></trkpt>
    <trkpt lat="46.637899" lon="8.607532"><ele>1649.7</ele></trkpt>
    <trkpt lat="46.637900" lon="8.607561"><ele>1649.9</ele></trkpt>
    <trkpt lat="46.637901" lon="8.607589"><ele>1650.1</ele></trkpt>
    <trkpt lat="46.637899" lon="8.607620"><ele>1650.2</ele></trkpt>
    <trkpt lat="46.637901" lon="8.607649"><ele>1650.4</ele></trkpt>
    <trkpt lat="46.637903" lon="8.607678"><ele>1650.6</ele></trkpt>
    <trkpt lat="46.637899" lon="8.607707"><ele>1650.7</ele></trkpt>
    <trkpt lat="46.637898" lon="8.607739"><ele>1650.9</ele></trkpt>
    <trkpt lat="46.637896" lon="8.607765"><ele>1651.1</ele></trkpt>
    <trkpt lat="46.637892" lon="8.607793"><ele>1651.2</ele></trkpt>
    <trkpt lat="46.637890" lon="8.607824"><ele>1651.4</ele></trkpt>
    <trkpt lat="46.637888" lon="8.607851"><ele>1651.5</ele></trkpt>
    <trkpt lat="46.637886" lon="8.607879"><ele>1651.7</ele></trkpt>
    <trkpt lat="46.637884" lon="8.607909"><ele>1651.9</ele></trkpt>
    <trkpt lat="46.637881" lon="8.607943"><ele>1652.1</ele></trkpt>
    <trkpt lat="46.637876" lon="8.607971"><ele>1652.2</ele></trkpt>
    <trkpt lat="46.637870" lon="8.608001"><ele>1652.4</ele></trkpt>
    <trkpt lat="46.637863" lon="8.608033"><ele>1652.6</ele></trkpt>
    <trkpt lat="46.637858" lon="8.608062"><ele>1652.8</ele></trkpt>
    <trkpt lat="46.637853" lon="8.608088"><ele>1652.9</ele></trkpt>
    <trkpt lat="46.637845" lon="8.608119"><ele>1653.1</ele></trkpt>
    <trkpt lat="46.637837" lon="8.608148"><ele>1653.3</ele></trkpt>
    <trkpt lat="46.637831" lon="8.608180"><ele>1653.5</ele></trkpt>
    <trkpt lat="46.637825" lon="8.608209"><ele>1653.6</ele></trkpt>
    <trkpt lat="46.637821" lon="8.608237"><ele>1653.8</ele></trkpt>
    <trkpt lat="46.637812" lon="8.608266"><ele>1654.0</ele></trkpt>
    <trkpt lat="46.637804" lon="8.608294"><ele>1654.1</ele></trkpt>
    <trkpt lat="46.637795" lon="8.608324"><ele>1654.3</ele></trkpt>
    <trkpt lat="46.637787" lon="8.608355"><ele>1654.4</ele></trkpt>
    <trkpt lat="46.637777" lon="8.608381"><ele>1654.6</ele></trkpt>
    <trkpt lat="46.637766" lon="8.608409"><ele>1654.7</ele></trkpt>
    <trkpt lat="46.637757" lon="8.608440"><ele>1654.9</ele></trkpt>
    <trkpt lat="46.637747" lon="8.608470"><ele>1655.0</ele></trkpt>
    <trkpt lat="46.637736" lon="8.608500"><ele>1655.2</ele></trkpt>
    <trkpt lat="46.637726" lon="8.608533"><ele>1655.3</ele></trkpt>
    <trkpt lat="46.637717" lon="8.608560"><ele>1655.5</ele></trkpt>
    <trkpt lat="46.637708" lon="8.608586"><ele>1655.6</ele></trkpt>
    <trkpt lat="46.637699" lon="8.608615"><ele>1655.8</ele></trkpt>
    <trkpt lat="46.637688" lon="8.608641"><ele>1655.9</ele></trkpt>
    <trkpt lat="46.637677" lon="8.608666"><ele>1656.0</ele></trkpt>
    <trkpt lat="46.637665" lon="8.608696"><ele>1656.2</ele></trkpt>
    <trkpt lat="46.637652" lon="8.608728"><ele>1656.4</ele></trkpt>
    <trkpt lat="46.637641" lon="8.608756"><ele>1656.5</ele></trkpt>
    <trkpt lat="46.637630" lon="8.608783"><ele>1656.7</ele></trkpt>
    <trkpt lat="46.637617" lon="8.608812"><ele>1656.8</ele></trkpt>
    <trkpt lat="46.637605" lon="8.608840"><ele>1657.0</ele></trkpt>
    <trkpt lat="46.637593" lon="8.608871"><ele>1657.1</ele></trkpt>
    <trkpt lat="46.637582" lon="8.608901"><ele>1657.3</ele></trkpt>
    <trkpt lat="46.637571" lon="8.608930"><ele>1657.5</ele></trkpt>
    <trkpt lat="46.637558" lon="8.608961"><ele>1657.6</ele></trkpt>
    <trkpt lat="46.637546" lon="8.608988"><ele>1657.8</ele></trkpt>
    <trkpt lat="46.637532" lon="8.609016"><ele>1657.9</ele></trkpt>
    <trkpt lat="46.637518" lon="8.609046"><ele>1658.1</ele></trkpt>
    <trkpt lat="46.637506" lon="8.609079"><ele>1658.3</ele></trkpt>
    <trkpt lat="46.637493" lon="8.609109"><ele>1658.4</ele></trkpt>
    <trkpt lat="46.637479" lon="8.609138"><ele>1658.6</ele></trkpt>
    <trkpt lat="46.637466" lon="8.609172"><ele>1658.8</ele></trkpt>
    <trkpt lat="46.637453" lon="8.609203"><ele>1659.0</ele></trkpt>
    <trkpt lat="46.637441" lon="8.609232"><ele>1659.1</ele></trkpt>
    <trkpt lat="46.637429" lon="8.609265"><ele>1659.3</ele></trkpt>
    <trkpt lat="46.637415" lon="8.609300"><ele>1659.5</ele></trkpt>
    <trkpt lat="46.637405" lon="8.609335"><ele>1659.6</ele></trkpt>
    <trkpt lat="46.637394" lon="8.609369"><ele>1659.8</ele></trkpt>
    <trkpt lat="46.637388" lon="8.609403"><ele>1660.0</ele></trkpt>
    <trkpt lat="46.637381" lon="8.609439"><ele>1660.2</ele></trkpt>
    <trkpt lat="46.637377" lon="8.609478"><ele>1660.3</ele></trkpt>
    <trkpt lat="46.637378" lon="8.609514"><ele>1660.5</ele></trkpt>
    <trkpt lat="46.637380" lon="8.609550"><ele>1660.7</ele></trkpt>
    <trkpt lat="46.637386" lon="8.609586"><ele>1660.8</ele></trkpt>
    <trkpt lat="46.637396" lon="8.609625"><ele>1661.0</ele></trkpt>
    <trkpt lat="46.637407" lon="8.609662"><ele>1661.2</ele></trkpt>
    <trkpt lat="46.637422" lon="8.609693"><ele>1661.4</ele></trkpt>
    <trkpt lat="46.637441" lon="8.609722"><ele>1661.6</ele></trkpt>
    <trkpt lat="46.637464" lon="8.609745"><ele>1661.8</ele></trkpt>
    <trkpt lat="46.637490" lon="8.609764"><ele>1662.0</ele></trkpt>
    <trkpt lat="46.637516" lon="8.609778"><ele>1662.2</ele></trkpt>
    <trkpt lat="46.637541" lon="8.609787"><ele>1662.3</ele></trkpt>
    <trkpt lat="46.637568" lon="8.609787"><ele>1662.5</ele></trkpt>
    <trkpt lat="46.637595" lon="8.609785"><ele>1662.7</ele></trkpt>
    <trkpt lat="46.637621" lon="8.609780"><ele>1662.9</ele></trkpt>
    <trkpt lat="46.637650" lon="8.609771"><ele>1663.1</ele></trkpt>
    <trkpt lat="46.637678" lon="8.609759"><ele>1663.3</ele></trkpt>
    <trkpt lat="46.637705" lon="8.609740"><ele>1663.5</ele></trkpt>
    <trkpt lat="46.637727" lon="8.609709"><ele>1663.7</ele></trkpt>
    <trkpt lat="46.637748" lon="8.609676"><ele>1663.9</ele></trkpt>
    <trkpt lat="46.637768" lon="8.609643"><ele>1664.1</ele></trkpt>
    <trkpt lat="46.637784" lon="8.609610"><ele>1664.3</ele></trkpt>
    <trkpt lat="46.637797" lon="8.609578"><ele>1664.4</ele></trkpt>
    <trkpt lat="46.637805" lon="8.609545"><ele>1664.6</ele></trkpt>
    <trkpt lat="46.637811" lon="8.609514"><ele>1664.8</ele></trkpt>
    <trkpt lat="46.637819" lon="8.609477"><ele>1664.9</ele></trkpt>
    <trkpt lat="46.637825" lon="8.609440"><ele>1665.1</ele></trkpt>
    <trkpt lat="46.637829" lon="8.609402"><ele>1665.3</ele></trkpt>
    <trkpt lat="46.637832" lon="8.609368"><ele>1665.4</ele></trkpt>
    <trkpt lat="46.637835" lon="8.609333"><ele>1665.6</ele></trkpt>
    <trkpt lat="46.637839" lon="8.609301"><ele>1665.8</ele></trkpt>
    <trkpt lat="46.637843" lon="8.609264"><ele>1665.9</ele></trkpt>
    <trkpt lat="46.637848" lon="8.609230"><ele>1666.1</ele></trkpt>
    <trkpt lat="46.637853" lon="8.609193"><ele>1666.3</ele></trkpt>
    <trkpt lat="46.637859" lon="8.609160"><ele>1666.5</ele></trkpt>
    <trkpt lat="46.637865" lon="8.609125"><ele>1666.7</ele></trkpt>
    <trkpt lat="46.637870" lon="8.609092"><ele>1666.9</ele></trkpt>
    <trkpt lat="46.637877" lon="8.609062"><ele>1667.1</ele></trkpt>
    <trkpt lat="46.637883" lon="8.609033"><ele>1667.3</ele></trkpt>
    <trkpt lat="46.637891" lon="8.609000"><ele>1667.5</ele></trkpt>
    <trkpt lat="46.637898" lon="8.608973"><ele>1667.7</ele></trkpt>
    <trkpt lat="46.637905" lon="8.608944"><ele>1667.9</ele></trkpt>
    <trkpt lat="46.637914" lon="8.608910"><ele>1668.1</ele></trkpt>
    <trkpt lat="46.637923" lon="8.608883"><ele>1668.3</ele></trkpt>
    <trkpt lat="46.637932" lon="8.608857"><ele>1668.4</ele></trkpt>
    <trkpt lat="46.637941" lon="8.608828"><ele>1668.6</ele></trkpt>
    <trkpt lat="46.637951" lon="8.608798"><ele>1668.8</ele></trkpt>
    <trkpt lat="46.637961" lon="8.608767"><ele>1669.0</ele></trkpt>
    <trkpt lat="46.637970" lon="8.608740"><ele>1669.2</ele></trkpt>
    <trkpt lat="46.637982" lon="8.608711"><ele>1669.4</ele></trkpt>
    <trkpt lat="46.637992" lon="8.608681"><ele>1669.6</ele></trkpt>
    <trkpt lat="46.638002" lon="8.608657"><ele>1669.8</ele></trkpt>
    <trkpt lat="46.638013" lon="8.608632"><ele>1669.9</ele></trkpt>
    <trkpt lat="46.638024" lon="8.608606"><ele>1670.1</ele></trkpt>
    <trkpt lat="46.638036" lon="8.608581"><ele>1670.3</ele></trkpt>
    <trkpt lat="46.638047" lon="8.608556"><ele>1670.5</ele></trkpt>
    <trkpt lat="46.638057" lon="8.608532"><ele>1670.6</ele></trkpt>
    <trkpt lat="46.638070" lon="8.608508"><ele>1670.8</ele></trkpt>
    <trkpt lat="46.638083" lon="8.608484"><ele>1671.0</ele></trkpt>
    <trkpt lat="46.638098" lon="8.608462"><ele>1671.2</ele></trkpt>
    <trkpt lat="46.638111" lon="8.608437"><ele>1671.4</ele></trkpt>
    <trkpt lat="46.638124" lon="8.608412"><ele>1671.6</ele></trkpt>
    <trkpt lat="46.638138" lon="8.608391"><ele>1671.7</ele></trkpt>
    <trkpt lat="46.638150" lon="8.608369"><ele>1671.9</ele></trkpt>
    <trkpt lat="46.638164" lon="8.608345"><ele>1672.1</ele></trkpt>
    <trkpt lat="46.638176" lon="8.608322"><ele>1672.2</ele></trkpt>
    <trkpt lat="46.638188" lon="8.608301"><ele>1672.4</ele></trkpt>
    <trkpt lat="46.638200" lon="8.608280"><ele>1672.6</ele></trkpt>
    <trkpt lat="46.638212" lon="8.608258"><ele>1672.7</ele></trkpt>
    <trkpt lat="46.638223" lon="8.608238"><ele>1672.9</ele></trkpt>
    <trkpt lat="46.638235" lon="8.608218"><ele>1673.0</ele></trkpt>
    <trkpt lat="46.638248" lon="8.608200"><ele>1673.2</ele></trkpt>
    <trkpt lat="46.638260" lon="8.608179"><ele>1673.4</ele></trkpt>
    <trkpt lat="46.638272" lon="8.608157"><ele>1673.5</ele></trkpt>
    <trkpt lat="46.638285" lon="8.608138"><ele>1673.7</ele></trkpt>
    <trkpt lat="46.638298" lon="8.608118"><ele>1673.8</ele></trkpt>
    <trkpt lat="46.638310" lon="8.608096"><ele>1674.0</ele></trkpt>
    <trkpt lat="46.638323" lon="8.608073"><ele>1674.2</ele></trkpt>
    <trkpt lat="46.638335" lon="8.608051"><ele>1674.4</ele></trkpt>
    <trkpt lat="46.638350" lon="8.608027"><ele>1674.5</ele></trkpt>
    <trkpt lat="46.638364" lon="8.608004"><ele>1674.7</ele></trkpt>
    <trkpt lat="46.638380" lon="8.607981"><ele>1674.9</ele></trkpt>
    <trkpt lat="46.638393" lon="8.607958"><ele>1675.1</ele></trkpt>
    <trkpt lat="46.638407" lon="8.607936"><ele>1675.3</ele></trkpt>
    <trkpt lat="46.638420" lon="8.607916"><ele>1675.4</ele></trkpt>
    <trkpt lat="46.638435" lon="8.607896"><ele>1675.6</ele></trkpt>
    <trkpt lat="46.638451" lon="8.607874"><ele>1675.8</ele></trkpt>
    <trkpt lat="46.638463" lon="8.607850"><ele>1676.0</ele></trkpt>
    <trkpt lat="46.638477" lon="8.607829"><ele>1676.2</ele></trkpt>
    <trkpt lat="46.638489" lon="8.607812"><ele>1676.3</ele></trkpt>
    <trkpt lat="46.638506" lon="8.607777"><ele>1676.6</ele></trkpt>
    <trkpt lat="46.638516" lon="8.607748"><ele>1676.7</ele></trkpt>
    <trkpt lat="46.638528" lon="8.607721"><ele>1676.9</ele></trkpt>
    <trkpt lat="46.638536" lon="8.607695"><ele>1677.1</ele></trkpt>
    <trkpt lat="46.638542" lon="8.607675"><ele>1677.2</ele></trkpt>
    <trkpt lat="46.638550" lon="8.607645"><ele>1677.4</ele></trkpt>
    <trkpt lat="46.638557" lon="8.607621"><ele>1677.6</ele></trkpt>
    <trkpt lat="46.638563" lon="8.607592"><ele>1677.8</ele></trkpt>
    <trkpt lat="46.638570" lon="8.607566"><ele>1677.9</ele></trkpt>
    <trkpt lat="46.638577" lon="8.607538"><ele>1678.1</ele></trkpt>
    <trkpt lat="46.638584" lon="8.607508"><ele>1678.3</ele></trkpt>
    <trkpt lat="46.638589" lon="8.607480"><ele>1678.5</ele></trkpt>
    <trkpt lat="46.638594" lon="8.607447"><ele>1678.7</ele></trkpt>
    <trkpt lat="46.638600" lon="8.607416"><ele>1678.8</ele></trkpt>
    <trkpt lat="46.638604" lon="8.607388"><ele>1679.0</ele></trkpt>
    <trkpt lat="46.638608" lon="8.607358"><ele>1679.2</ele></trkpt>
    <trkpt lat="46.638612" lon="8.607324"><ele>1679.4</ele></trkpt>
    <trkpt lat="46.638616" lon="8.607290"><ele>1679.6</ele></trkpt>
    <trkpt lat="46.638617" lon="8.607256"><ele>1679.8</ele></trkpt>
    <trkpt lat="46.638622" lon="8.607228"><ele>1680.0</ele></trkpt>
    <trkpt lat="46.638625" lon="8.607197"><ele>1680.2</ele></trkpt>
    <trkpt lat="46.638628" lon="8.607161"><ele>1680.4</ele></trkpt>
    <trkpt lat="46.638629" lon="8.607128"><ele>1680.6</ele></trkpt>
    <trkpt lat="46.638631" lon="8.607097"><ele>1680.8</ele></trkpt>
    <trkpt lat="46.638632" lon="8.607065"><ele>1680.9</ele></trkpt>
    <trkpt lat="46.638634" lon="8.607036"><ele>1681.1</ele></trkpt>
    <trkpt lat="46.638635" lon="8.607005"><ele>1681.3</ele></trkpt>
    <trkpt lat="46.638638" lon="8.606967"><ele>1681.5</ele></trkpt>
    <trkpt lat="46.638640" lon="8.606934"><ele>1681.7</ele></trkpt>
    <trkpt lat="46.638643" lon="8.606906"><ele>1681.9</ele></trkpt>
    <trkpt lat="46.638645" lon="8.606875"><ele>1682.1</ele></trkpt>
    <trkpt lat="46.638647" lon="8.606845"><ele>1682.3</ele></trkpt>
    <trkpt lat="46.638650" lon="8.606815"><ele>1682.5</ele></trkpt>
    <trkpt lat="46.638655" lon="8.606783"><ele>1682.7</ele></trkpt>
    <trkpt lat="46.638660" lon="8.606756"><ele>1682.8</ele></trkpt>
    <trkpt lat="46.638663" lon="8.606724"><ele>1683.0</ele></trkpt>
    <trkpt lat="46.638668" lon="8.606694"><ele>1683.2</ele></trkpt>
    <trkpt lat="46.638673" lon="8.606662"><ele>1683.4</ele></trkpt>
    <trkpt lat="46.638678" lon="8.606634"><ele>1683.6</ele></trkpt>
    <trkpt lat="46.638683" lon="8.606603"><ele>1683.8</ele></trkpt>
    <trkpt lat="46.638689" lon="8.606575"><ele>1684.0</ele></trkpt>
    <trkpt lat="46.638695" lon="8.606547"><ele>1684.2</ele></trkpt>
    <trkpt lat="46.638703" lon="8.606520"><ele>1684.3</ele></trkpt>
    <trkpt lat="46.638710" lon="8.606491"><ele>1684.5</ele></trkpt>
    <trkpt lat="46.638719" lon="8.606460"><ele>1684.7</ele></trkpt>
    <trkpt lat="46.638727" lon="8.606428"><ele>1684.9</ele></trkpt>
    <trkpt lat="46.638737" lon="8.606399"><ele>1685.1</ele></trkpt>
    <trkpt lat="46.638747" lon="8.606370"><ele>1685.3</ele></trkpt>
    <trkpt lat="46.638758" lon="8.606340"><ele>1685.5</ele></trkpt>
    <trkpt lat="46.638768" lon="8.606312"><ele>1685.7</ele></trkpt>
    <trkpt lat="46.638779" lon="8.606282"><ele>1685.9</ele></trkpt>
    <trkpt lat="46.638791" lon="8.606250"><ele>1686.2</ele></trkpt>
    <trkpt lat="46.638801" lon="8.606222"><ele>1686.4</ele></trkpt>
    <trkpt lat="46.638810" lon="8.606195"><ele>1686.5</ele></trkpt>
    <trkpt lat="46.638821" lon="8.606167"><ele>1686.7</ele></trkpt>
    <trkpt lat="46.638833" lon="8.606137"><ele>1687.0</ele></trkpt>
    <trkpt lat="46.638844" lon="8.606108"><ele>1687.2</ele></trkpt>
    <trkpt lat="46.638853" lon="8.606079"><ele>1687.4</ele></trkpt>
    <trkpt lat="46.638864" lon="8.606053"><ele>1687.5</ele></trkpt>
    <trkpt lat="46.638876" lon="8.606024"><ele>1687.7</ele></trkpt>
    <trkpt lat="46.638888" lon="8.605996"><ele>1687.9</ele></trkpt>
    <trkpt lat="46.638899" lon="8.605967"><ele>1688.2</ele></trkpt>
    <trkpt lat="46.638908" lon="8.605939"><ele>1688.3</ele></trkpt>
    <trkpt lat="46.638915" lon="8.605913"><ele>1688.5</ele></trkpt>
    <trkpt lat="46.638924" lon="8.605889"><ele>1688.7</ele></trkpt>
    <trkpt lat="46.638932" lon="8.605865"><ele>1688.8</ele></trkpt>
    <trkpt lat="46.638937" lon="8.605837"><ele>1689.0</ele></trkpt>
    <trkpt lat="46.638945" lon="8.605805"><ele>1689.2</ele></trkpt>
    <trkpt lat="46.638952" lon="8.605773"><ele>1689.4</ele></trkpt>
    <trkpt lat="46.638960" lon="8.605740"><ele>1689.6</ele></trkpt>
    <trkpt lat="46.638968" lon="8.605709"><ele>1689.9</ele></trkpt>
    <trkpt lat="46.638974" lon="8.605675"><ele>1690.1</ele></trkpt>
    <trkpt lat="46.638980" lon="8.605641"><ele>1690.3</ele></trkpt>
    <trkpt lat="46.638988" lon="8.605611"><ele>1690.5</ele></trkpt>
    <trkpt lat="46.638995" lon="8.605582"><ele>1690.7</ele></trkpt>
    <trkpt lat="46.639000" lon="8.605554"><ele>1690.8</ele></trkpt>
    <trkpt lat="46.639006" lon="8.605524"><ele>1691.0</ele></trkpt>
    <trkpt lat="46.639011" lon="8.605496"><ele>1691.2</ele></trkpt>
    <trkpt lat="46.639014" lon="8.605466"><ele>1691.4</ele></trkpt>
    <trkpt lat="46.639019" lon="8.605433"><ele>1691.6</ele></trkpt>
    <trkpt lat="46.639024" lon="8.605397"><ele>1691.8</ele></trkpt>
    <trkpt lat="46.639029" lon="8.605361"><ele>1692.1</ele></trkpt>
    <trkpt lat="46.639036" lon="8.605329"><ele>1692.3</ele></trkpt>
    <trkpt lat="46.639039" lon="8.605297"><ele>1692.5</ele></trkpt>
    <trkpt lat="46.639043" lon="8.605265"><ele>1692.7</ele></trkpt>
    <trkpt lat="46.639046" lon="8.605234"><ele>1692.9</ele></trkpt>
    <trkpt lat="46.639047" lon="8.605203"><ele>1693.0</ele></trkpt>
    <trkpt lat="46.639049" lon="8.605171"><ele>1693.2</ele></trkpt>
    <trkpt lat="46.639052" lon="8.605137"><ele>1693.4</ele></trkpt>
    <trkpt lat="46.639059" lon="8.605106"><ele>1693.6</ele></trkpt>
    <trkpt lat="46.639064" lon="8.605077"><ele>1693.8</ele></trkpt>
    <trkpt lat="46.639068" lon="8.605046"><ele>1694.0</ele></trkpt>
    <trkpt lat="46.639070" lon="8.605017"><ele>1694.2</ele></trkpt>
    <trkpt lat="46.639071" lon="8.604985"><ele>1694.4</ele></trkpt>
    <trkpt lat="46.639075" lon="8.604956"><ele>1694.6</ele></trkpt>
    <trkpt lat="46.639079" lon="8.604927"><ele>1694.8</ele></trkpt>
    <trkpt lat="46.639085" lon="8.604899"><ele>1694.9</ele></trkpt>
    <trkpt lat="46.639087" lon="8.604866"><ele>1695.1</ele></trkpt>
    <trkpt lat="46.639093" lon="8.604836"><ele>1695.3</ele></trkpt>
    <trkpt lat="46.639097" lon="8.604805"><ele>1695.5</ele></trkpt>
    <trkpt lat="46.639101" lon="8.604774"><ele>1695.7</ele></trkpt>
    <trkpt lat="46.639108" lon="8.604743"><ele>1695.9</ele></trkpt>
    <trkpt lat="46.639113" lon="8.604716"><ele>1696.1</ele></trkpt>
    <trkpt lat="46.639117" lon="8.604690"><ele>1696.3</ele></trkpt>
    <trkpt lat="46.639117" lon="8.604661"><ele>1696.4</ele></trkpt>
    <trkpt lat="46.639123" lon="8.604638"><ele>1696.6</ele></trkpt>
    <trkpt lat="46.639129" lon="8.604605"><ele>1696.8</ele></trkpt>
    <trkpt lat="46.639136" lon="8.604572"><ele>1697.0</ele></trkpt>
    <trkpt lat="46.639143" lon="8.604540"><ele>1697.2</ele></trkpt>
    <trkpt lat="46.639149" lon="8.604515"><ele>1697.4</ele></trkpt>
    <trkpt lat="46.639156" lon="8.604488"><ele>1697.6</ele></trkpt>
    <trkpt lat="46.639161" lon="8.604461"><ele>1697.7</ele></trkpt>
    <trkpt lat="46.639170" lon="8.604434"><ele>1697.9</ele></trkpt>
    <trkpt lat="46.639180" lon="8.604406"><ele>1698.0</ele></trkpt>
    <trkpt lat="46.639189" lon="8.604376"><ele>1698.2</ele></trkpt>
    <trkpt lat="46.639196" lon="8.604345"><ele>1698.3</ele></trkpt>
    <trkpt lat="46.639204" lon="8.604319"><ele>1698.5</ele></trkpt>
    <trkpt lat="46.639209" lon="8.604288"><ele>1698.6</ele></trkpt>
    <trkpt lat="46.639217" lon="8.604263"><ele>1698.8</ele></trkpt>
    <trkpt lat="46.639226" lon="8.604236"><ele>1698.9</ele></trkpt>
    <trkpt lat="46.639236" lon="8.604209"><ele>1699.1</ele></trkpt>
    <trkpt lat="46.639243" lon="8.604178"><ele>1699.3</ele></trkpt>
    <trkpt lat="46.639251" lon="8.604154"><ele>1699.4</ele></trkpt>
    <trkpt lat="46.639259" lon="8.604125"><ele>1699.5</ele></trkpt>
    <trkpt lat="46.639267" lon="8.604098"><ele>1699.7</ele></trkpt>
    <trkpt lat="46.639276" lon="8.604071"><ele>1699.8</ele></trkpt>
    <trkpt lat="46.639286" lon="8.604043"><ele>1700.0</ele></trkpt>
    <trkpt lat="46.639295" lon="8.604016"><ele>1700.2</ele></trkpt>
    <trkpt lat="46.639303" lon="8.603990"><ele>1700.3</ele></trkpt>
    <trkpt lat="46.639311" lon="8.603964"><ele>1700.4</ele></trkpt>
    <trkpt lat="46.639320" lon="8.603936"><ele>1700.6</ele></trkpt>
    <trkpt lat="46.639327" lon="8.603914"><ele>1700.7</ele></trkpt>
    <trkpt lat="46.639334" lon="8.603885"><ele>1700.9</ele></trkpt>
    <trkpt lat="46.639344" lon="8.603857"><ele>1701.0</ele></trkpt>
    <trkpt lat="46.639352" lon="8.603830"><ele>1701.2</ele></trkpt>
    <trkpt lat="46.639364" lon="8.603802"><ele>1701.3</ele></trkpt>
    <trkpt lat="46.639376" lon="8.603769"><ele>1701.5</ele></trkpt>
    <trkpt lat="46.639385" lon="8.603742"><ele>1701.7</ele></trkpt>
    <trkpt lat="46.639394" lon="8.603713"><ele>1701.8</ele></trkpt>
    <trkpt lat="46.639405" lon="8.603686"><ele>1702.0</ele></trkpt>
    <trkpt lat="46.639415" lon="8.603658"><ele>1702.2</ele></trkpt>
    <trkpt lat="46.639425" lon="8.603630"><ele>1702.3</ele></trkpt>
    <trkpt lat="46.639436" lon="8.603602"><ele>1702.5</ele></trkpt>
    <trkpt lat="46.639446" lon="8.603573"><ele>1702.6</ele></trkpt>
    <trkpt lat="46.639457" lon="8.603544"><ele>1702.8</ele></trkpt>
    <trkpt lat="46.639468" lon="8.603517"><ele>1703.0</ele></trkpt>
    <trkpt lat="46.639480" lon="8.603487"><ele>1703.1</ele></trkpt>
    <trkpt lat="46.639490" lon="8.603455"><ele>1703.3</ele></trkpt>
    <trkpt lat="46.639501" lon="8.603421"><ele>1703.5</ele></trkpt>
    <trkpt lat="46.639511" lon="8.603390"><ele>1703.7</ele></trkpt>
    <trkpt lat="46.639523" lon="8.603361"><ele>1703.9</ele></trkpt>
    <trkpt lat="46.639534" lon="8.603332"><ele>1704.0</ele></trkpt>
    <trkpt lat="46.639544" lon="8.603304"><ele>1704.2</ele></trkpt>
    <trkpt lat="46.639555" lon="8.603276"><ele>1704.3</ele></trkpt>
    <trkpt lat="46.639567" lon="8.603249"><ele>1704.5</ele></trkpt>
    <trkpt lat="46.639580" lon="8.603219"><ele>1704.7</ele></trkpt>
    <trkpt lat="46.639591" lon="8.603190"><ele>1704.9</ele></trkpt>
    <trkpt lat="46.639603" lon="8.603157"><ele>1705.0</ele></trkpt>
    <trkpt lat="46.639616" lon="8.603125"><ele>1705.2</ele></trkpt>
    <trkpt lat="46.639629" lon="8.603092"><ele>1705.4</ele></trkpt>
    <trkpt lat="46.639643" lon="8.603063"><ele>1705.6</ele></trkpt>
    <trkpt lat="46.639656" lon="8.603040"><ele>1705.7</ele></trkpt>
    <trkpt lat="46.639673" lon="8.603018"><ele>1705.9</ele></trkpt>
    <trkpt lat="46.639690" lon="8.602997"><ele>1706.1</ele></trkpt>
    <trkpt lat="46.639711" lon="8.602976"><ele>1706.3</ele></trkpt>
    <trkpt lat="46.639732" lon="8.602959"><ele>1706.4</ele></trkpt>
    <trkpt lat="46.639753" lon="8.602946"><ele>1706.6</ele></trkpt>
    <trkpt lat="46.639774" lon="8.602935"><ele>1706.8</ele></trkpt>
    <trkpt lat="46.639799" lon="8.602932"><ele>1707.0</ele></trkpt>
    <trkpt lat="46.639826" lon="8.602934"><ele>1707.2</ele></trkpt>
    <trkpt lat="46.639854" lon="8.602942"><ele>1707.4</ele></trkpt>
    <trkpt lat="46.639880" lon="8.602950"><ele>1707.6</ele></trkpt>
    <trkpt lat="46.639901" lon="8.602969"><ele>1707.7</ele></trkpt>
    <trkpt lat="46.639920" lon="8.602994"><ele>1707.9</ele></trkpt>
    <trkpt lat="46.639939" lon="8.603020"><ele>1708.1</ele></trkpt>
    <trkpt lat="46.639955" lon="8.603047"><ele>1708.3</ele></trkpt>
    <trkpt lat="46.639967" lon="8.603073"><ele>1708.5</ele></trkpt>
    <trkpt lat="46.639974" lon="8.603105"><ele>1708.6</ele></trkpt>
    <trkpt lat="46.639980" lon="8.603142"><ele>1708.8</ele></trkpt>
    <trkpt lat="46.639983" lon="8.603180"><ele>1709.0</ele></trkpt>
    <trkpt lat="46.639986" lon="8.603212"><ele>1709.2</ele></trkpt>
    <trkpt lat="46.639986" lon="8.603245"><ele>1709.3</ele></trkpt>
    <trkpt lat="46.639983" lon="8.603278"><ele>1709.5</ele></trkpt>
    <trkpt lat="46.639978" lon="8.603312"><ele>1709.7</ele></trkpt>
    <trkpt lat="46.639972" lon="8.603346"><ele>1709.9</ele></trkpt>
    <trkpt lat="46.639965" lon="8.603381"><ele>1710.0</ele></trkpt>
    <trkpt lat="46.639957" lon="8.603412"><ele>1710.2</ele></trkpt>
    <trkpt lat="46.639952" lon="8.603445"><ele>1710.4</ele></trkpt>
    <trkpt lat="46.639947" lon="8.603476"><ele>1710.5</ele></trkpt>
    <trkpt lat="46.639940" lon="8.603506"><ele>1710.7</ele></trkpt>
    <trkpt lat="46.639932" lon="8.603534"><ele>1710.9</ele></trkpt>
    <trkpt lat="46.639922" lon="8.603562"><ele>1711.0</ele></trkpt>
    <trkpt lat="46.639915" lon="8.603591"><ele>1711.2</ele></trkpt>
    <trkpt lat="46.639909" lon="8.603618"><ele>1711.4</ele></trkpt>
    <trkpt lat="46.639900" lon="8.603647"><ele>1711.5</ele></trkpt>
    <trkpt lat="46.639891" lon="8.603677"><ele>1711.7</ele></trkpt>
    <trkpt lat="46.639881" lon="8.603711"><ele>1711.9</ele></trkpt>
    <trkpt lat="46.639873" lon="8.603740"><ele>1712.1</ele></trkpt>
    <trkpt lat="46.639865" lon="8.603772"><ele>1712.3</ele></trkpt>
    <trkpt lat="46.639859" lon="8.603802"><ele>1712.5</ele></trkpt>
    <trkpt lat="46.639851" lon="8.603832"><ele>1712.6</ele></trkpt>
    <trkpt lat="46.639845" lon="8.603859"><ele>1712.8</ele></trkpt>
    <trkpt lat="46.639837" lon="8.603889"><ele>1713.0</ele></trkpt>
    <trkpt lat="46.639829" lon="8.603922"><ele>1713.2</ele></trkpt>
    <trkpt lat="46.639823" lon="8.603954"><ele>1713.3</ele></trkpt>
    <trkpt lat="46.639814" lon="8.603984"><ele>1713.5</ele></trkpt>
    <trkpt lat="46.639808" lon="8.604015"><ele>1713.7</ele></trkpt>
    <trkpt lat="46.639802" lon="8.604046"><ele>1713.9</ele></trkpt>
    <trkpt lat="46.639794" lon="8.604076"><ele>1714.1</ele></trkpt>
    <trkpt lat="46.639786" lon="8.604108"><ele>1714.2</ele></trkpt>
    <trkpt lat="46.639782" lon="8.604137"><ele>1714.4</ele></trkpt>
    <trkpt lat="46.639775" lon="8.604167"><ele>1714.6</ele></trkpt>
    <trkpt lat="46.639768" lon="8.604199"><ele>1714.8</ele></trkpt>
    <trkpt lat="46.639762" lon="8.604232"><ele>1715.0</ele></trkpt>
    <trkpt lat="46.639756" lon="8.604259"><ele>1715.1</ele></trkpt>
    <trkpt lat="46.639750" lon="8.604288"><ele>1715.3</ele></trkpt>
    <trkpt lat="46.639744" lon="8.604318"><ele>1715.5</ele></trkpt>
    <trkpt lat="46.639740" lon="8.604347"><ele>1715.6</ele></trkpt>
    <trkpt lat="46.639735" lon="8.604375"><ele>1715.8</ele></trkpt>
    <trkpt lat="46.639727" lon="8.604406"><ele>1716.0</ele></trkpt>
    <trkpt lat="46.639722" lon="8.604437"><ele>1716.1</ele></trkpt>
    <trkpt lat="46.639716" lon="8.604465"><ele>1716.3</ele></trkpt>
    <trkpt lat="46.639713" lon="8.604497"><ele>1716.5</ele></trkpt>
    <trkpt lat="46.639710" lon="8.604523"><ele>1716.6</ele></trkpt>
    <trkpt lat="46.639705" lon="8.604551"><ele>1716.8</ele></trkpt>
    <trkpt lat="46.639699" lon="8.604583"><ele>1717.0</ele></trkpt>
    <trkpt lat="46.639694" lon="8.604611"><ele>1717.1</ele></trkpt>
    <trkpt lat="46.639688" lon="8.604645"><ele>1717.3</ele></trkpt>
    <trkpt lat="46.639684" lon="8.604675"><ele>1717.5</ele></trkpt>
    <trkpt lat="46.639680" lon="8.604707"><ele>1717.7</ele></trkpt>
    <trkpt lat="46.639675" lon="8.604737"><ele>1717.8</ele></trkpt>
    <trkpt lat="46.639671" lon="8.604772"><ele>1718.0</ele></trkpt>
    <trkpt lat="46.639667" lon="8.604803"><ele>1718.2</ele></trkpt>
    <trkpt lat="46.639665" lon="8.604838"><ele>1718.4</ele></trkpt>
    <trkpt lat="46.639661" lon="8.604871"><ele>1718.6</ele></trkpt>
    <trkpt lat="46.639657" lon="8.604903"><ele>1718.8</ele></trkpt>
    <trkpt lat="46.639654" lon="8.604936"><ele>1718.9</ele></trkpt>
    <trkpt lat="46.639652" lon="8.604969"><ele>1719.1</ele></trkpt>
    <trkpt lat="46.639651" lon="8.605004"><ele>1719.3</ele></trkpt>
    <trkpt lat="46.639649" lon="8.605037"><ele>1719.5</ele></trkpt>
    <trkpt lat="46.639645" lon="8.605068"><ele>1719.7</ele></trkpt>
    <trkpt lat="46.639643" lon="8.605099"><ele>1719.9</ele></trkpt>
    <trkpt lat="46.639641" lon="8.605130"><ele>1720.0</ele></trkpt>
    <trkpt lat="46.639640" lon="8.605157"><ele>1720.2</ele></trkpt>
    <trkpt lat="46.639639" lon="8.605190"><ele>1720.4</ele></trkpt>
    <trkpt lat="46.639639" lon="8.605223"><ele>1720.5</ele></trkpt>
    <trkpt lat="46.639638" lon="8.605256"><ele>1720.7</ele></trkpt>
    <trkpt lat="46.639640" lon="8.605287"><ele>1720.9</ele></trkpt>
    <trkpt lat="46.639637" lon="8.605318"><ele>1721.1</ele></trkpt>
    <trkpt lat="46.639635" lon="8.605351"><ele>1721.3</ele></trkpt>
    <trkpt lat="46.639633" lon="8.605384"><ele>1721.4</ele></trkpt>
    <trkpt lat="46.639634" lon="8.605415"><ele>1721.6</ele></trkpt>
    <trkpt lat="46.639634" lon="8.605447"><ele>1721.8</ele></trkpt>
    <trkpt lat="46.639632" lon="8.605478"><ele>1722.0</ele></trkpt>
    <trkpt lat="46.639632" lon="8.605507"><ele>1722.1</ele></trkpt>
    <trkpt lat="46.639630" lon="8.605538"><ele>1722.3</ele></trkpt>
    <trkpt lat="46.639631" lon="8.605570"><ele>1722.5</ele></trkpt>
    <trkpt lat="46.639629" lon="8.605604"><ele>1722.7</ele></trkpt>
    <trkpt lat="46.639631" lon="8.605638"><ele>1722.8</ele></trkpt>
    <trkpt lat="46.639630" lon="8.605672"><ele>1723.0</ele></trkpt>
    <trkpt lat="46.639631" lon="8.605704"><ele>1723.2</ele></trkpt>
    <trkpt lat="46.639633" lon="8.605734"><ele>1723.4</ele></trkpt>
    <trkpt lat="46.639636" lon="8.605765"><ele>1723.5</ele></trkpt>
    <trkpt lat="46.639637" lon="8.605796"><ele>1723.7</ele></trkpt>
    <trkpt lat="46.639640" lon="8.605827"><ele>1723.9</ele></trkpt>
    <trkpt lat="46.639641" lon="8.605857"><ele>1724.1</ele></trkpt>
    <trkpt lat="46.639641" lon="8.605889"><ele>1724.2</ele></trkpt>
    <trkpt lat="46.639643" lon="8.605919"><ele>1724.4</ele></trkpt>
    <trkpt lat="46.639644" lon="8.605946"><ele>1724.5</ele></trkpt>
    <trkpt lat="46.639646" lon="8.605977"><ele>1724.7</ele></trkpt>
    <trkpt lat="46.639648" lon="8.606007"><ele>1724.9</ele></trkpt>
    <trkpt lat="46.639650" lon="8.606038"><ele>1725.1</ele></trkpt>
    <trkpt lat="46.639653" lon="8.606068"><ele>1725.2</ele></trkpt>
    <trkpt lat="46.639654" lon="8.606095"><ele>1725.4</ele></trkpt>
    <trkpt lat="46.639658" lon="8.606126"><ele>1725.6</ele></trkpt>
    <trkpt lat="46.639661" lon="8.606156"><ele>1725.8</ele></trkpt>
    <trkpt lat="46.639663" lon="8.606187"><ele>1725.9</ele></trkpt>
    <trkpt lat="46.639665" lon="8.606221"><ele>1726.2</ele></trkpt>
    <trkpt lat="46.639668" lon="8.606253"><ele>1726.3</ele></trkpt>
    <trkpt lat="46.639672" lon="8.606283"><ele>1726.5</ele></trkpt>
    <trkpt lat="46.639675" lon="8.606312"><ele>1726.7</ele></trkpt>
    <trkpt lat="46.639678" lon="8.606344"><ele>1726.9</ele></trkpt>
    <trkpt lat="46.639679" lon="8.606376"><ele>1727.1</ele></trkpt>
    <trkpt lat="46.639681" lon="8.606409"><ele>1727.3</ele></trkpt>
    <trkpt lat="46.639682" lon="8.606439"><ele>1727.5</ele></trkpt>
    <trkpt lat="46.639684" lon="8.606471"><ele>1727.7</ele></trkpt>
    <trkpt lat="46.639686" lon="8.606501"><ele>1727.9</ele></trkpt>
    <trkpt lat="46.639688" lon="8.606531"><ele>1728.0</ele></trkpt>
    <trkpt lat="46.639690" lon="8.606560"><ele>1728.2</ele></trkpt>
    <trkpt lat="46.639693" lon="8.606591"><ele>1728.4</ele></trkpt>
    <trkpt lat="46.639697" lon="8.606621"><ele>1728.6</ele></trkpt>
    <trkpt lat="46.639699" lon="8.606650"><ele>1728.8</ele></trkpt>
    <trkpt lat="46.639699" lon="8.606682"><ele>1729.0</ele></trkpt>
    <trkpt lat="46.639700" lon="8.606714"><ele>1729.2</ele></trkpt>
    <trkpt lat="46.639701" lon="8.606746"><ele>1729.3</ele></trkpt>
    <trkpt lat="46.639704" lon="8.606778"><ele>1729.5</ele></trkpt>
    <trkpt lat="46.639707" lon="8.606809"><ele>1729.7</ele></trkpt>
    <trkpt lat="46.639710" lon="8.606842"><ele>1729.9</ele></trkpt>
    <trkpt lat="46.639708" lon="8.606872"><ele>1730.1</ele></trkpt>
    <trkpt lat="46.639709" lon="8.606904"><ele>1730.3</ele></trkpt>
    <trkpt lat="46.639711" lon="8.606938"><ele>1730.5</ele></trkpt>
    <trkpt lat="46.639712" lon="8.606968"><ele>1730.7</ele></trkpt>
    <trkpt lat="46.639715" lon="8.607000"><ele>1730.9</ele></trkpt>
    <trkpt lat="46.639716" lon="8.607032"><ele>1731.1</ele></trkpt>
    <trkpt lat="46.639716" lon="8.607060"><ele>1731.3</ele></trkpt>
    <trkpt lat="46.639718" lon="8.607090"><ele>1731.4</ele></trkpt>
    <trkpt lat="46.639720" lon="8.607123"><ele>1731.6</ele></trkpt>
    <trkpt lat="46.639721" lon="8.607154"><ele>1731.8</ele></trkpt>
    <trkpt lat="46.639723" lon="8.607183"><ele>1732.0</ele></trkpt>
    <trkpt lat="46.639723" lon="8.607213"><ele>1732.2</ele></trkpt>
    <trkpt lat="46.639724" lon="8.607244"><ele>1732.4</ele></trkpt>
    <trkpt lat="46.639725" lon="8.607276"><ele>1732.6</ele></trkpt>
    <trkpt lat="46.639726" lon="8.607308"><ele>1732.8</ele></trkpt>
    <trkpt lat="46.639725" lon="8.607339"><ele>1732.9</ele></trkpt>
    <trkpt lat="46.639724" lon="8.607369"><ele>1733.1</ele></trkpt>
    <trkpt lat="46.639723" lon="8.607398"><ele>1733.3</ele></trkpt>
    <trkpt lat="46.639726" lon="8.607427"><ele>1733.5</ele></trkpt>
    <trkpt lat="46.639726" lon="8.607457"><ele>1733.7</ele></trkpt>
    <trkpt lat="46.639726" lon="8.607493"><ele>1733.9</ele></trkpt>
    <trkpt lat="46.639725" lon="8.607520"><ele>1734.0</ele></trkpt>
    <trkpt lat="46.639723" lon="8.607546"><ele>1734.2</ele></trkpt>
    <trkpt lat="46.639721" lon="8.607573"><ele>1734.4</ele></trkpt>
    <trkpt lat="46.639720" lon="8.607602"><ele>1734.5</ele></trkpt>
    <trkpt lat="46.639719" lon="8.607632"><ele>1734.7</ele></trkpt>
    <trkpt lat="46.639718" lon="8.607662"><ele>1734.9</ele></trkpt>
    <trkpt lat="46.639717" lon="8.607695"><ele>1735.1</ele></trkpt>
    <trkpt lat="46.639715" lon="8.607724"><ele>1735.3</ele></trkpt>
    <trkpt lat="46.639712" lon="8.607752"><ele>1735.4</ele></trkpt>
    <trkpt lat="46.639708" lon="8.607781"><ele>1735.6</ele></trkpt>
    <trkpt lat="46.639707" lon="8.607809"><ele>1735.8</ele></trkpt>
    <trkpt lat="46.639706" lon="8.607836"><ele>1736.0</ele></trkpt>
    <trkpt lat="46.639705" lon="8.607868"><ele>1736.2</ele></trkpt>
    <trkpt lat="46.639704" lon="8.607901"><ele>1736.4</ele></trkpt>
    <trkpt lat="46.639703" lon="8.607929"><ele>1736.5</ele></trkpt>
    <trkpt lat="46.639702" lon="8.607961"><ele>1736.7</ele></trkpt>
    <trkpt lat="46.639702" lon="8.607988"><ele>1736.9</ele></trkpt>
    <trkpt lat="46.639701" lon="8.608019"><ele>1737.1</ele></trkpt>
    <trkpt lat="46.639699" lon="8.608047"><ele>1737.2</ele></trkpt>
    <trkpt lat="46.639697" lon="8.608078"><ele>1737.4</ele></trkpt>
    <trkpt lat="46.639695" lon="8.608110"><ele>1737.6</ele></trkpt>
    <trkpt lat="46.639694" lon="8.608135"><ele>1737.8</ele></trkpt>
    <trkpt lat="46.639693" lon="8.608169"><ele>1738.0</ele></trkpt>
    <trkpt lat="46.639692" lon="8.608200"><ele>1738.2</ele></trkpt>
    <trkpt lat="46.639692" lon="8.608234"><ele>1738.4</ele></trkpt>
    <trkpt lat="46.639690" lon="8.608268"><ele>1738.6</ele></trkpt>
    <trkpt lat="46.639687" lon="8.608298"><ele>1738.8</ele></trkpt>
    <trkpt lat="46.639684" lon="8.608325"><ele>1738.9</ele></trkpt>
    <trkpt lat="46.639681" lon="8.608356"><ele>1739.1</ele></trkpt>
    <trkpt lat="46.639677" lon="8.608385"><ele>1739.3</ele></trkpt>
    <trkpt lat="46.639673" lon="8.608416"><ele>1739.5</ele></trkpt>
    <trkpt lat="46.639670" lon="8.608453"><ele>1739.7</ele></trkpt>
    <trkpt lat="46.639667" lon="8.608483"><ele>1739.9</ele></trkpt>
    <trkpt lat="46.639665" lon="8.608514"><ele>1740.1</ele></trkpt>
    <trkpt lat="46.639663" lon="8.608547"><ele>1740.3</ele></trkpt>
    <trkpt lat="46.639660" lon="8.608581"><ele>1740.5</ele></trkpt>
    <trkpt lat="46.639657" lon="8.608611"><ele>1740.7</ele></trkpt>
    <trkpt lat="46.639653" lon="8.608643"><ele>1740.9</ele></trkpt>
    <trkpt lat="46.639648" lon="8.608674"><ele>1741.1</ele></trkpt>
    <trkpt lat="46.639644" lon="8.608704"><ele>1741.2</ele></trkpt>
    <trkpt lat="46.639640" lon="8.608734"><ele>1741.4</ele></trkpt>
    <trkpt lat="46.639639" lon="8.608767"><ele>1741.6</ele></trkpt>
    <trkpt lat="46.639639" lon="8.608799"><ele>1741.8</ele></trkpt>
    <trkpt lat="46.639637" lon="8.608830"><ele>1742.0</ele></trkpt>
    <trkpt lat="46.639637" lon="8.608857"><ele>1742.1</ele></trkpt>
    <trkpt lat="46.639635" lon="8.608886"><ele>1742.3</ele></trkpt>
    <trkpt lat="46.639634" lon="8.608916"><ele>1742.4</ele></trkpt>
    <trkpt lat="46.639632" lon="8.608949"><ele>1742.6</ele></trkpt>
    <trkpt lat="46.639630" lon="8.608977"><ele>1742.8</ele></trkpt>
    <trkpt lat="46.639628" lon="8.609007"><ele>1743.0</ele></trkpt>
    <trkpt lat="46.639626" lon="8.609037"><ele>1743.1</ele></trkpt>
    <trkpt lat="46.639624" lon="8.609064"><ele>1743.3</ele></trkpt>
    <trkpt lat="46.639621" lon="8.609095"><ele>1743.5</ele></trkpt>
    <trkpt lat="46.639620" lon="8.609126"><ele>1743.6</ele></trkpt>
    <trkpt lat="46.639620" lon="8.609157"><ele>1743.8</ele></trkpt>
    <trkpt lat="46.639621" lon="8.609187"><ele>1744.0</ele></trkpt>
    <trkpt lat="46.639622" lon="8.609217"><ele>1744.2</ele></trkpt>
    <trkpt lat="46.639620" lon="8.609248"><ele>1744.3</ele></trkpt>
    <trkpt lat="46.639620" lon="8.609279"><ele>1744.5</ele></trkpt>
    <trkpt lat="46.639622" lon="8.609312"><ele>1744.7</ele></trkpt>
    <trkpt lat="46.639622" lon="8.609343"><ele>1744.9</ele></trkpt>
    <trkpt lat="46.639624" lon="8.609372"><ele>1745.0</ele></trkpt>
    <trkpt lat="46.639626" lon="8.609398"><ele>1745.2</ele></trkpt>
    <trkpt lat="46.639625" lon="8.609427"><ele>1745.4</ele></trkpt>
    <trkpt lat="46.639625" lon="8.609457"><ele>1745.5</ele></trkpt>
    <trkpt lat="46.639628" lon="8.609488"><ele>1745.7</ele></trkpt>
    <trkpt lat="46.639630" lon="8.609520"><ele>1745.9</ele></trkpt>
    <trkpt lat="46.639634" lon="8.609547"><ele>1746.1</ele></trkpt>
    <trkpt lat="46.639637" lon="8.609579"><ele>1746.2</ele></trkpt>
    <trkpt lat="46.639637" lon="8.609612"><ele>1746.4</ele></trkpt>
    <trkpt lat="46.639639" lon="8.609642"><ele>1746.6</ele></trkpt>
    <trkpt lat="46.639642" lon="8.609671"><ele>1746.8</ele></trkpt>
    <trkpt lat="46.639643" lon="8.609703"><ele>1746.9</ele></trkpt>
    <trkpt lat="46.639646" lon="8.609734"><ele>1747.1</ele></trkpt>
    <trkpt lat="46.639648" lon="8.609769"><ele>1747.3</ele></trkpt>
    <trkpt lat="46.639651" lon="8.609799"><ele>1747.5</ele></trkpt>
    <trkpt lat="46.639655" lon="8.609832"><ele>1747.7</ele></trkpt>
    <trkpt lat="46.639656" lon="8.609864"><ele>1747.9</ele></trkpt>
    <trkpt lat="46.639662" lon="8.609893"><ele>1748.0</ele></trkpt>
    <trkpt lat="46.639664" lon="8.609925"><ele>1748.2</ele></trkpt>
    <trkpt lat="46.639666" lon="8.609957"><ele>1748.4</ele></trkpt>
    <trkpt lat="46.639670" lon="8.609988"><ele>1748.6</ele></trkpt>
    <trkpt lat="46.639673" lon="8.610020"><ele>1748.8</ele></trkpt>
    <trkpt lat="46.639675" lon="8.610050"><ele>1748.9</ele></trkpt>
    <trkpt lat="46.639678" lon="8.610080"><ele>1749.1</ele></trkpt>
    <trkpt lat="46.639683" lon="8.610110"><ele>1749.3</ele></trkpt>
    <trkpt lat="46.639686" lon="8.610138"><ele>1749.5</ele></trkpt>
    <trkpt lat="46.639690" lon="8.610167"><ele>1749.6</ele></trkpt>
    <trkpt lat="46.639693" lon="8.610197"><ele>1749.8</ele></trkpt>
    <trkpt lat="46.639697" lon="8.610225"><ele>1750.0</ele></trkpt>
    <trkpt lat="46.639703" lon="8.610252"><ele>1750.1</ele></trkpt>
    <trkpt lat="46.639709" lon="8.610283"><ele>1750.3</ele></trkpt>
    <trkpt lat="46.639715" lon="8.610314"><ele>1750.5</ele></trkpt>
    <trkpt lat="46.639721" lon="8.610343"><ele>1750.7</ele></trkpt>
    <trkpt lat="46.639727" lon="8.610372"><ele>1750.8</ele></trkpt>
    <trkpt lat="46.639734" lon="8.610403"><ele>1751.0</ele></trkpt>
    <trkpt lat="46.639741" lon="8.610431"><ele>1751.2</ele></trkpt>
    <trkpt lat="46.639749" lon="8.610460"><ele>1751.4</ele></trkpt>
    <trkpt lat="46.639756" lon="8.610490"><ele>1751.5</ele></trkpt>
    <trkpt lat="46.639763" lon="8.610522"><ele>1751.7</ele></trkpt>
    <trkpt lat="46.639769" lon="8.610555"><ele>1751.9</ele></trkpt>
    <trkpt lat="46.639778" lon="8.610587"><ele>1752.1</ele></trkpt>
    <trkpt lat="46.639785" lon="8.610619"><ele>1752.3</ele></trkpt>
    <trkpt lat="46.639793" lon="8.610648"><ele>1752.5</ele></trkpt>
    <trkpt lat="46.639798" lon="8.610678"><ele>1752.7</ele></trkpt>
    <trkpt lat="46.639804" lon="8.610709"><ele>1752.9</ele></trkpt>
    <trkpt lat="46.639808" lon="8.610738"><ele>1753.0</ele></trkpt>
    <trkpt lat="46.639812" lon="8.610770"><ele>1753.2</ele></trkpt>
    <trkpt lat="46.639817" lon="8.610801"><ele>1753.4</ele></trkpt>
    <trkpt lat="46.639826" lon="8.610829"><ele>1753.6</ele></trkpt>
    <trkpt lat="46.639835" lon="8.610858"><ele>1753.7</ele></trkpt>
    <trkpt lat="46.639845" lon="8.610890"><ele>1753.9</ele></trkpt>
    <trkpt lat="46.639852" lon="8.610921"><ele>1754.1</ele></trkpt>
    <trkpt lat="46.639861" lon="8.610949"><ele>1754.3</ele></trkpt>
    <trkpt lat="46.639868" lon="8.610978"><ele>1754.5</ele></trkpt>
    <trkpt lat="46.639875" lon="8.611008"><ele>1754.7</ele></trkpt>
    <trkpt lat="46.639882" lon="8.611038"><ele>1754.8</ele></trkpt>
    <trkpt lat="46.639888" lon="8.611067"><ele>1755.0</ele></trkpt>
    <trkpt lat="46.639896" lon="8.611098"><ele>1755.2</ele></trkpt>
    <trkpt lat="46.639902" lon="8.611129"><ele>1755.4</ele></trkpt>
    <trkpt lat="46.639909" lon="8.611159"><ele>1755.6</ele></trkpt>
    <trkpt lat="46.639917" lon="8.611190"><ele>1755.8</ele></trkpt>
    <trkpt lat="46.639925" lon="8.611218"><ele>1755.9</ele></trkpt>
    <trkpt lat="46.639934" lon="8.611244"><ele>1756.1</ele></trkpt>
    <trkpt lat="46.639943" lon="8.611272"><ele>1756.2</ele></trkpt>
    <trkpt lat="46.639951" lon="8.611301"><ele>1756.4</ele></trkpt>
    <trkpt lat="46.639961" lon="8.611330"><ele>1756.6</ele></trkpt>
    <trkpt lat="46.639969" lon="8.611358"><ele>1756.7</ele></trkpt>
    <trkpt lat="46.639982" lon="8.611384"><ele>1756.9</ele></trkpt>
    <trkpt lat="46.639994" lon="8.611407"><ele>1757.1</ele></trkpt>
    <trkpt lat="46.640006" lon="8.611431"><ele>1757.2</ele></trkpt>
    <trkpt lat="46.640020" lon="8.611456"><ele>1757.4</ele></trkpt>
    <trkpt lat="46.640039" lon="8.611475"><ele>1757.6</ele></trkpt>
    <trkpt lat="46.640057" lon="8.611497"><ele>1757.7</ele></trkpt>
    <trkpt lat="46.640072" lon="8.611518"><ele>1757.9</ele></trkpt>
    <trkpt lat="46.640089" lon="8.611538"><ele>1758.1</ele></trkpt>
    <trkpt lat="46.640108" lon="8.611554"><ele>1758.2</ele></trkpt>
    <trkpt lat="46.640128" lon="8.611567"><ele>1758.4</ele></trkpt>
    <trkpt lat="46.640149" lon="8.611582"><ele>1758.6</ele></trkpt>
    <trkpt lat="46.640169" lon="8.611594"><ele>1758.7</ele></trkpt>
    <trkpt lat="46.640191" lon="8.611603"><ele>1758.9</ele></trkpt>
    <trkpt lat="46.640212" lon="8.611604"><ele>1759.1</ele></trkpt>
    <trkpt lat="46.640234" lon="8.611606"><ele>1759.2</ele></trkpt>
    <trkpt lat="46.640258" lon="8.611602"><ele>1759.4</ele></trkpt>
    <trkpt lat="46.640258" lon="8.611602"><ele>1759.4</ele></trkpt>
    <trkpt lat="46.640301" lon="8.611592"><ele>1759.7</ele></trkpt>
    <trkpt lat="46.640322" lon="8.611585"><ele>1759.9</ele></trkpt>
    <trkpt lat="46.640344" lon="8.611575"><ele>1760.1</ele></trkpt>
    <trkpt lat="46.640363" lon="8.611560"><ele>1760.3</ele></trkpt>
    <trkpt lat="46.640382" lon="8.611549"><ele>1760.4</ele></trkpt>
    <trkpt lat="46.640399" lon="8.611536"><ele>1760.6</ele></trkpt>
    <trkpt lat="46.640414" lon="8.611518"><ele>1760.7</ele></trkpt>
    <trkpt lat="46.640432" lon="8.611497"><ele>1760.9</ele></trkpt>
    <trkpt lat="46.640449" lon="8.611467"><ele>1761.1</ele></trkpt>
    <trkpt lat="46.640470" lon="8.611416"><ele>1761.4</ele></trkpt>
    <trkpt lat="46.640486" lon="8.611359"><ele>1761.7</ele></trkpt>
    <trkpt lat="46.640496" lon="8.611296"><ele>1762.0</ele></trkpt>
    <trkpt lat="46.640506" lon="8.611229"><ele>1762.4</ele></trkpt>
    <trkpt lat="46.640512" lon="8.611159"><ele>1762.8</ele></trkpt>
    <trkpt lat="46.640515" lon="8.611084"><ele>1763.2</ele></trkpt>
    <trkpt lat="46.640509" lon="8.611011"><ele>1763.5</ele></trkpt>
    <trkpt lat="46.640500" lon="8.610934"><ele>1764.0</ele></trkpt>
    <trkpt lat="46.640491" lon="8.610856"><ele>1764.4</ele></trkpt>
    <trkpt lat="46.640487" lon="8.610781"><ele>1764.8</ele></trkpt>
    <trkpt lat="46.640485" lon="8.610707"><ele>1765.1</ele></trkpt>
    <trkpt lat="46.640485" lon="8.610633"><ele>1765.5</ele></trkpt>
    <trkpt lat="46.640487" lon="8.610556"><ele>1765.9</ele></trkpt>
    <trkpt lat="46.640493" lon="8.610484"><ele>1766.3</ele></trkpt>
    <trkpt lat="46.640505" lon="8.610418"><ele>1766.7</ele></trkpt>
    <trkpt lat="46.640518" lon="8.610357"><ele>1767.0</ele></trkpt>
    <trkpt lat="46.640531" lon="8.610306"><ele>1767.3</ele></trkpt>
    <trkpt lat="46.640542" lon="8.610259"><ele>1767.5</ele></trkpt>
    <trkpt lat="46.640548" lon="8.610219"><ele>1767.8</ele></trkpt>
    <trkpt lat="46.640552" lon="8.610178"><ele>1768.0</ele></trkpt>
    <trkpt lat="46.640559" lon="8.610140"><ele>1768.2</ele></trkpt>
    <trkpt lat="46.640570" lon="8.610100"><ele>1768.4</ele></trkpt>
    <trkpt lat="46.640581" lon="8.610061"><ele>1768.6</ele></trkpt>
    <trkpt lat="46.640593" lon="8.610026"><ele>1768.8</ele></trkpt>
    <trkpt lat="46.640604" lon="8.609994"><ele>1769.0</ele></trkpt>
    <trkpt lat="46.640614" lon="8.609961"><ele>1769.2</ele></trkpt>
    <trkpt lat="46.640624" lon="8.609925"><ele>1769.4</ele></trkpt>
    <trkpt lat="46.640636" lon="8.609889"><ele>1769.6</ele></trkpt>
    <trkpt lat="46.640648" lon="8.609853"><ele>1769.8</ele></trkpt>
    <trkpt lat="46.640660" lon="8.609822"><ele>1770.1</ele></trkpt>
    <trkpt lat="46.640673" lon="8.609793"><ele>1770.3</ele></trkpt>
    <trkpt lat="46.640684" lon="8.609763"><ele>1770.5</ele></trkpt>
    <trkpt lat="46.640696" lon="8.609731"><ele>1770.7</ele></trkpt>
    <trkpt lat="46.640710" lon="8.609699"><ele>1770.9</ele></trkpt>
    <trkpt lat="46.640724" lon="8.609668"><ele>1771.1</ele></trkpt>
    <trkpt lat="46.640736" lon="8.609639"><ele>1771.3</ele></trkpt>
    <trkpt lat="46.640747" lon="8.609609"><ele>1771.5</ele></trkpt>
    <trkpt lat="46.640759" lon="8.609578"><ele>1771.7</ele></trkpt>
    <trkpt lat="46.640772" lon="8.609551"><ele>1771.9</ele></trkpt>
    <trkpt lat="46.640784" lon="8.609520"><ele>1772.1</ele></trkpt>
    <trkpt lat="46.640796" lon="8.609494"><ele>1772.3</ele></trkpt>
    <trkpt lat="46.640806" lon="8.609465"><ele>1772.5</ele></trkpt>
    <trkpt lat="46.640816" lon="8.609435"><ele>1772.7</ele></trkpt>
    <trkpt lat="46.640826" lon="8.609406"><ele>1772.9</ele></trkpt>
    <trkpt lat="46.640836" lon="8.609376"><ele>1773.1</ele></trkpt>
    <trkpt lat="46.640847" lon="8.609343"><ele>1773.3</ele></trkpt>
    <trkpt lat="46.640856" lon="8.609313"><ele>1773.5</ele></trkpt>
    <trkpt lat="46.640862" lon="8.609283"><ele>1773.7</ele></trkpt>
    <trkpt lat="46.640867" lon="8.609253"><ele>1773.9</ele></trkpt>
    <trkpt lat="46.640872" lon="8.609223"><ele>1774.1</ele></trkpt>
    <trkpt lat="46.640879" lon="8.609191"><ele>1774.3</ele></trkpt>
    <trkpt lat="46.640884" lon="8.609159"><ele>1774.4</ele></trkpt>
    <trkpt lat="46.640889" lon="8.609126"><ele>1774.6</ele></trkpt>
    <trkpt lat="46.640891" lon="8.609097"><ele>1774.8</ele></trkpt>
    <trkpt lat="46.640893" lon="8.609070"><ele>1775.0</ele></trkpt>
    <trkpt lat="46.640894" lon="8.609041"><ele>1775.2</ele></trkpt>
    <trkpt lat="46.640896" lon="8.609009"><ele>1775.3</ele></trkpt>
    <trkpt lat="46.640896" lon="8.608977"><ele>1775.5</ele></trkpt>
    <trkpt lat="46.640898" lon="8.608943"><ele>1775.7</ele></trkpt>
    <trkpt lat="46.640896" lon="8.608913"><ele>1775.9</ele></trkpt>
    <trkpt lat="46.640894" lon="8.608879"><ele>1776.1</ele></trkpt>
    <trkpt lat="46.640891" lon="8.608848"><ele>1776.3</ele></trkpt>
    <trkpt lat="46.640888" lon="8.608815"><ele>1776.5</ele></trkpt>
    <trkpt lat="46.640887" lon="8.608780"><ele>1776.7</ele></trkpt>
    <trkpt lat="46.640885" lon="8.608747"><ele>1776.9</ele></trkpt>
    <trkpt lat="46.640881" lon="8.608715"><ele>1777.1</ele></trkpt>
    <trkpt lat="46.640878" lon="8.608684"><ele>1777.3</ele></trkpt>
    <trkpt lat="46.640873" lon="8.608652"><ele>1777.5</ele></trkpt>
    <trkpt lat="46.640869" lon="8.608621"><ele>1777.7</ele></trkpt>
    <trkpt lat="46.640865" lon="8.608587"><ele>1777.9</ele></trkpt>
    <trkpt lat="46.640859" lon="8.608555"><ele>1778.1</ele></trkpt>
    <trkpt lat="46.640852" lon="8.608525"><ele>1778.2</ele></trkpt>
    <trkpt lat="46.640847" lon="8.608493"><ele>1778.4</ele></trkpt>
    <trkpt lat="46.640842" lon="8.608461"><ele>1778.6</ele></trkpt>
    <trkpt lat="46.640837" lon="8.608429"><ele>1778.8</ele></trkpt>
    <trkpt lat="46.640830" lon="8.608400"><ele>1779.0</ele></trkpt>
    <trkpt lat="46.640824" lon="8.608370"><ele>1779.2</ele></trkpt>
    <trkpt lat="46.640817" lon="8.608337"><ele>1779.4</ele></trkpt>
    <trkpt lat="46.640810" lon="8.608304"><ele>1779.6</ele></trkpt>
    <trkpt lat="46.640803" lon="8.608269"><ele>1779.8</ele></trkpt>
    <trkpt lat="46.640793" lon="8.608240"><ele>1780.0</ele></trkpt>
    <trkpt lat="46.640784" lon="8.608207"><ele>1780.2</ele></trkpt>
    <trkpt lat="46.640774" lon="8.608178"><ele>1780.4</ele></trkpt>
    <trkpt lat="46.640765" lon="8.608146"><ele>1780.6</ele></trkpt>
    <trkpt lat="46.640757" lon="8.608113"><ele>1780.8</ele></trkpt>
    <trkpt lat="46.640748" lon="8.608080"><ele>1781.0</ele></trkpt>
    <trkpt lat="46.640740" lon="8.608051"><ele>1781.2</ele></trkpt>
    <trkpt lat="46.640733" lon="8.608016"><ele>1781.4</ele></trkpt>
    <trkpt lat="46.640727" lon="8.607982"><ele>1781.6</ele></trkpt>
    <trkpt lat="46.640722" lon="8.607945"><ele>1781.9</ele></trkpt>
    <trkpt lat="46.640720" lon="8.607907"><ele>1782.1</ele></trkpt>
    <trkpt lat="46.640720" lon="8.607872"><ele>1782.3</ele></trkpt>
    <trkpt lat="46.640722" lon="8.607840"><ele>1782.5</ele></trkpt>
    <trkpt lat="46.640722" lon="8.607806"><ele>1782.7</ele></trkpt>
    <trkpt lat="46.640724" lon="8.607773"><ele>1782.9</ele></trkpt>
    <trkpt lat="46.640730" lon="8.607738"><ele>1783.1</ele></trkpt>
    <trkpt lat="46.640737" lon="8.607707"><ele>1783.3</ele></trkpt>
    <trkpt lat="46.640745" lon="8.607673"><ele>1783.5</ele></trkpt>
    <trkpt lat="46.640756" lon="8.607649"><ele>1783.7</ele></trkpt>
    <trkpt lat="46.640770" lon="8.607632"><ele>1783.8</ele></trkpt>
    <trkpt lat="46.640790" lon="8.607613"><ele>1784.0</ele></trkpt>
    <trkpt lat="46.640810" lon="8.607594"><ele>1784.2</ele></trkpt>
    <trkpt lat="46.640833" lon="8.607578"><ele>1784.4</ele></trkpt>
    <trkpt lat="46.640856" lon="8.607572"><ele>1784.7</ele></trkpt>
    <trkpt lat="46.640882" lon="8.607574"><ele>1784.9</ele></trkpt>
    <trkpt lat="46.640907" lon="8.607578"><ele>1785.1</ele></trkpt>
    <trkpt lat="46.640928" lon="8.607589"><ele>1785.3</ele></trkpt>
    <trkpt lat="46.640947" lon="8.607607"><ele>1785.5</ele></trkpt>
    <trkpt lat="46.640964" lon="8.607627"><ele>1785.6</ele></trkpt>
    <trkpt lat="46.640981" lon="8.607650"><ele>1785.8</ele></trkpt>
    <trkpt lat="46.640993" lon="8.607675"><ele>1786.0</ele></trkpt>
    <trkpt lat="46.641005" lon="8.607702"><ele>1786.2</ele></trkpt>
    <trkpt lat="46.641016" lon="8.607731"><ele>1786.4</ele></trkpt>
    <trkpt lat="46.641027" lon="8.607759"><ele>1786.5</ele></trkpt>
    <trkpt lat="46.641034" lon="8.607790"><ele>1786.7</ele></trkpt>
    <trkpt lat="46.641041" lon="8.607818"><ele>1786.9</ele></trkpt>
    <trkpt lat="46.641047" lon="8.607848"><ele>1787.1</ele></trkpt>
    <trkpt lat="46.641053" lon="8.607880"><ele>1787.2</ele></trkpt>
    <trkpt lat="46.641059" lon="8.607914"><ele>1787.4</ele></trkpt>
    <trkpt lat="46.641065" lon="8.607945"><ele>1787.6</ele></trkpt>
    <trkpt lat="46.641071" lon="8.607979"><ele>1787.8</ele></trkpt>
    <trkpt lat="46.641078" lon="8.608012"><ele>1788.0</ele></trkpt>
    <trkpt lat="46.641085" lon="8.608045"><ele>1788.2</ele></trkpt>
    <trkpt lat="46.641090" lon="8.608080"><ele>1788.4</ele></trkpt>
    <trkpt lat="46.641092" lon="8.608115"><ele>1788.6</ele></trkpt>
    <trkpt lat="46.641094" lon="8.608148"><ele>1788.8</ele></trkpt>
    <trkpt lat="46.641099" lon="8.608180"><ele>1789.0</ele></trkpt>
    <trkpt lat="46.641107" lon="8.608209"><ele>1789.1</ele></trkpt>
    <trkpt lat="46.641115" lon="8.608238"><ele>1789.3</ele></trkpt>
    <trkpt lat="46.641123" lon="8.608269"><ele>1789.5</ele></trkpt>
    <trkpt lat="46.641129" lon="8.608303"><ele>1789.7</ele></trkpt>
    <trkpt lat="46.641135" lon="8.608335"><ele>1789.9</ele></trkpt>
    <trkpt lat="46.641142" lon="8.608365"><ele>1790.1</ele></trkpt>
    <trkpt lat="46.641145" lon="8.608394"><ele>1790.2</ele></trkpt>
    <trkpt lat="46.641150" lon="8.608425"><ele>1790.4</ele></trkpt>
    <trkpt lat="46.641158" lon="8.608456"><ele>1790.6</ele></trkpt>
    <trkpt lat="46.641168" lon="8.608488"><ele>1790.8</ele></trkpt>
    <trkpt lat="46.641177" lon="8.608520"><ele>1791.0</ele></trkpt>
    <trkpt lat="46.641186" lon="8.608551"><ele>1791.2</ele></trkpt>
    <trkpt lat="46.641196" lon="8.608580"><ele>1791.3</ele></trkpt>
    <trkpt lat="46.641205" lon="8.608609"><ele>1791.5</ele></trkpt>
    <trkpt lat="46.641214" lon="8.608637"><ele>1791.7</ele></trkpt>
    <trkpt lat="46.641225" lon="8.608665"><ele>1791.9</ele></trkpt>
    <trkpt lat="46.641235" lon="8.608695"><ele>1792.1</ele></trkpt>
    <trkpt lat="46.641245" lon="8.608723"><ele>1792.2</ele></trkpt>
    <trkpt lat="46.641256" lon="8.608750"><ele>1792.4</ele></trkpt>
    <trkpt lat="46.641267" lon="8.608775"><ele>1792.6</ele></trkpt>
    <trkpt lat="46.641277" lon="8.608803"><ele>1792.7</ele></trkpt>
    <trkpt lat="46.641288" lon="8.608829"><ele>1792.9</ele></trkpt>
    <trkpt lat="46.641300" lon="8.608855"><ele>1793.1</ele></trkpt>
    <trkpt lat="46.641315" lon="8.608879"><ele>1793.3</ele></trkpt>
    <trkpt lat="46.641329" lon="8.608905"><ele>1793.5</ele></trkpt>
    <trkpt lat="46.641338" lon="8.608933"><ele>1793.6</ele></trkpt>
    <trkpt lat="46.641348" lon="8.608957"><ele>1793.8</ele></trkpt>
    <trkpt lat="46.641360" lon="8.608984"><ele>1794.0</ele></trkpt>
    <trkpt lat="46.641373" lon="8.609009"><ele>1794.1</ele></trkpt>
    <trkpt lat="46.641385" lon="8.609034"><ele>1794.3</ele></trkpt>
    <trkpt lat="46.641396" lon="8.609061"><ele>1794.5</ele></trkpt>
    <trkpt lat="46.641408" lon="8.609088"><ele>1794.7</ele></trkpt>
    <trkpt lat="46.641419" lon="8.609115"><ele>1794.8</ele></trkpt>
    <trkpt lat="46.641429" lon="8.609141"><ele>1795.0</ele></trkpt>
    <trkpt lat="46.641438" lon="8.609167"><ele>1795.2</ele></trkpt>
    <trkpt lat="46.641448" lon="8.609194"><ele>1795.3</ele></trkpt>
    <trkpt lat="46.641458" lon="8.609224"><ele>1795.5</ele></trkpt>
    <trkpt lat="46.641468" lon="8.609253"><ele>1795.7</ele></trkpt>
    <trkpt lat="46.641481" lon="8.609281"><ele>1795.9</ele></trkpt>
    <trkpt lat="46.641491" lon="8.609307"><ele>1796.1</ele></trkpt>
    <trkpt lat="46.641499" lon="8.609332"><ele>1796.2</ele></trkpt>
    <trkpt lat="46.641509" lon="8.609358"><ele>1796.4</ele></trkpt>
    <trkpt lat="46.641519" lon="8.609383"><ele>1796.5</ele></trkpt>
    <trkpt lat="46.641529" lon="8.609410"><ele>1796.7</ele></trkpt>
    <trkpt lat="46.641536" lon="8.609440"><ele>1796.9</ele></trkpt>
    <trkpt lat="46.641545" lon="8.609469"><ele>1797.1</ele></trkpt>
    <trkpt lat="46.641554" lon="8.609500"><ele>1797.3</ele></trkpt>
    <trkpt lat="46.641561" lon="8.609529"><ele>1797.4</ele></trkpt>
    <trkpt lat="46.641567" lon="8.609558"><ele>1797.6</ele></trkpt>
    <trkpt lat="46.641573" lon="8.609587"><ele>1797.8</ele></trkpt>
    <trkpt lat="46.641581" lon="8.609617"><ele>1797.9</ele></trkpt>
    <trkpt lat="46.641587" lon="8.609648"><ele>1798.1</ele></trkpt>
    <trkpt lat="46.641593" lon="8.609676"><ele>1798.3</ele></trkpt>
    <trkpt lat="46.641599" lon="8.609706"><ele>1798.5</ele></trkpt>
    <trkpt lat="46.641604" lon="8.609736"><ele>1798.6</ele></trkpt>
    <trkpt lat="46.641609" lon="8.609765"><ele>1798.8</ele></trkpt>
    <trkpt lat="46.641614" lon="8.609795"><ele>1799.0</ele></trkpt>
    <trkpt lat="46.641619" lon="8.609826"><ele>1799.1</ele></trkpt>
    <trkpt lat="46.641623" lon="8.609857"><ele>1799.3</ele></trkpt>
    <trkpt lat="46.641627" lon="8.609890"><ele>1799.5</ele></trkpt>
    <trkpt lat="46.641632" lon="8.609919"><ele>1799.7</ele></trkpt>
    <trkpt lat="46.641635" lon="8.609950"><ele>1799.9</ele></trkpt>
    <trkpt lat="46.641639" lon="8.609980"><ele>1800.0</ele></trkpt>
    <trkpt lat="46.641641" lon="8.610009"><ele>1800.2</ele></trkpt>
    <trkpt lat="46.641644" lon="8.610039"><ele>1800.4</ele></trkpt>
    <trkpt lat="46.641644" lon="8.610071"><ele>1800.5</ele></trkpt>
    <trkpt lat="46.641645" lon="8.610103"><ele>1800.7</ele></trkpt>
    <trkpt lat="46.641646" lon="8.610131"><ele>1800.9</ele></trkpt>
    <trkpt lat="46.641647" lon="8.610162"><ele>1801.0</ele></trkpt>
    <trkpt lat="46.641649" lon="8.610191"><ele>1801.2</ele></trkpt>
    <trkpt lat="46.641651" lon="8.610222"><ele>1801.4</ele></trkpt>
    <trkpt lat="46.641651" lon="8.610256"><ele>1801.6</ele></trkpt>
    <trkpt lat="46.641651" lon="8.610287"><ele>1801.7</ele></trkpt>
    <trkpt lat="46.641652" lon="8.610319"><ele>1801.9</ele></trkpt>
    <trkpt lat="46.641652" lon="8.610353"><ele>1802.1</ele></trkpt>
    <trkpt lat="46.641652" lon="8.610387"><ele>1802.3</ele></trkpt>
    <trkpt lat="46.641652" lon="8.610419"><ele>1802.5</ele></trkpt>
    <trkpt lat="46.641654" lon="8.610450"><ele>1802.6</ele></trkpt>
    <trkpt lat="46.641652" lon="8.610481"><ele>1802.8</ele></trkpt>
    <trkpt lat="46.641656" lon="8.610509"><ele>1803.0</ele></trkpt>
    <trkpt lat="46.641660" lon="8.610540"><ele>1803.1</ele></trkpt>
    <trkpt lat="46.641661" lon="8.610569"><ele>1803.3</ele></trkpt>
    <trkpt lat="46.641662" lon="8.610603"><ele>1803.5</ele></trkpt>
    <trkpt lat="46.641661" lon="8.610633"><ele>1803.7</ele></trkpt>
    <trkpt lat="46.641659" lon="8.610664"><ele>1803.8</ele></trkpt>
    <trkpt lat="46.641660" lon="8.610695"><ele>1804.0</ele></trkpt>
    <trkpt lat="46.641658" lon="8.610725"><ele>1804.2</ele></trkpt>
    <trkpt lat="46.641661" lon="8.610758"><ele>1804.4</ele></trkpt>
    <trkpt lat="46.641660" lon="8.610789"><ele>1804.5</ele></trkpt>
    <trkpt lat="46.641659" lon="8.610819"><ele>1804.7</ele></trkpt>
    <trkpt lat="46.641657" lon="8.610849"><ele>1804.9</ele></trkpt>
    <trkpt lat="46.641658" lon="8.610879"><ele>1805.0</ele></trkpt>
    <trkpt lat="46.641657" lon="8.610909"><ele>1805.2</ele></trkpt>
    <trkpt lat="46.641657" lon="8.610939"><ele>1805.4</ele></trkpt>
    <trkpt lat="46.641660" lon="8.610971"><ele>1805.6</ele></trkpt>
    <trkpt lat="46.641660" lon="8.611004"><ele>1805.7</ele></trkpt>
    <trkpt lat="46.641662" lon="8.611036"><ele>1805.9</ele></trkpt>
    <trkpt lat="46.641664" lon="8.611068"><ele>1806.1</ele></trkpt>
    <trkpt lat="46.641662" lon="8.611104"><ele>1806.3</ele></trkpt>
    <trkpt lat="46.641662" lon="8.611137"><ele>1806.5</ele></trkpt>
    <trkpt lat="46.641663" lon="8.611169"><ele>1806.7</ele></trkpt>
    <trkpt lat="46.641664" lon="8.611199"><ele>1806.8</ele></trkpt>
    <trkpt lat="46.641663" lon="8.611228"><ele>1807.0</ele></trkpt>
    <trkpt lat="46.641662" lon="8.611256"><ele>1807.1</ele></trkpt>
    <trkpt lat="46.641662" lon="8.611286"><ele>1807.3</ele></trkpt>
    <trkpt lat="46.641664" lon="8.611316"><ele>1807.5</ele></trkpt>
    <trkpt lat="46.641668" lon="8.611347"><ele>1807.6</ele></trkpt>
    <trkpt lat="46.641672" lon="8.611378"><ele>1807.8</ele></trkpt>
    <trkpt lat="46.641672" lon="8.611408"><ele>1808.0</ele></trkpt>
    <trkpt lat="46.641674" lon="8.611437"><ele>1808.2</ele></trkpt>
    <trkpt lat="46.641677" lon="8.611467"><ele>1808.3</ele></trkpt>
    <trkpt lat="46.641680" lon="8.611494"><ele>1808.5</ele></trkpt>
    <trkpt lat="46.641681" lon="8.611524"><ele>1808.6</ele></trkpt>
    <trkpt lat="46.641680" lon="8.611552"><ele>1808.8</ele></trkpt>
    <trkpt lat="46.641683" lon="8.611580"><ele>1809.0</ele></trkpt>
    <trkpt lat="46.641685" lon="8.611610"><ele>1809.1</ele></trkpt>
    <trkpt lat="46.641687" lon="8.611645"><ele>1809.3</ele></trkpt>
    <trkpt lat="46.641687" lon="8.611678"><ele>1809.5</ele></trkpt>
    <trkpt lat="46.641690" lon="8.611707"><ele>1809.7</ele></trkpt>
    <trkpt lat="46.641692" lon="8.611735"><ele>1809.8</ele></trkpt>
    <trkpt lat="46.641692" lon="8.611768"><ele>1810.0</ele></trkpt>
    <trkpt lat="46.641694" lon="8.611799"><ele>1810.2</ele></trkpt>
    <trkpt lat="46.641693" lon="8.611831"><ele>1810.4</ele></trkpt>
    <trkpt lat="46.641694" lon="8.611867"><ele>1810.6</ele></trkpt>
    <trkpt lat="46.641700" lon="8.611895"><ele>1810.7</ele></trkpt>
    <trkpt lat="46.641702" lon="8.611925"><ele>1810.9</ele></trkpt>
    <trkpt lat="46.641703" lon="8.611958"><ele>1811.1</ele></trkpt>
    <trkpt lat="46.641703" lon="8.611990"><ele>1811.2</ele></trkpt>
    <trkpt lat="46.641703" lon="8.612022"><ele>1811.4</ele></trkpt>
    <trkpt lat="46.641706" lon="8.612053"><ele>1811.6</ele></trkpt>
    <trkpt lat="46.641709" lon="8.612085"><ele>1811.8</ele></trkpt>
    <trkpt lat="46.641711" lon="8.612119"><ele>1812.0</ele></trkpt>
    <trkpt lat="46.641714" lon="8.612154"><ele>1812.2</ele></trkpt>
    <trkpt lat="46.641718" lon="8.612186"><ele>1812.3</ele></trkpt>
    <trkpt lat="46.641720" lon="8.612217"><ele>1812.5</ele></trkpt>
    <trkpt lat="46.641724" lon="8.612249"><ele>1812.7</ele></trkpt>
    <trkpt lat="46.641729" lon="8.612277"><ele>1812.9</ele></trkpt>
    <trkpt lat="46.641733" lon="8.612310"><ele>1813.0</ele></trkpt>
    <trkpt lat="46.641737" lon="8.612344"><ele>1813.2</ele></trkpt>
    <trkpt lat="46.641741" lon="8.612378"><ele>1813.4</ele></trkpt>
    <trkpt lat="46.641744" lon="8.612411"><ele>1813.6</ele></trkpt>
    <trkpt lat="46.641746" lon="8.612443"><ele>1813.8</ele></trkpt>
    <trkpt lat="46.641750" lon="8.612477"><ele>1814.0</ele></trkpt>
    <trkpt lat="46.641755" lon="8.612505"><ele>1814.1</ele></trkpt>
    <trkpt lat="46.641761" lon="8.612532"><ele>1814.3</ele></trkpt>
    <trkpt lat="46.641764" lon="8.612562"><ele>1814.5</ele></trkpt>
    <trkpt lat="46.641769" lon="8.612591"><ele>1814.6</ele></trkpt>
    <trkpt lat="46.641773" lon="8.612625"><ele>1814.8</ele></trkpt>
    <trkpt lat="46.641775" lon="8.612662"><ele>1815.1</ele></trkpt>
    <trkpt lat="46.641776" lon="8.612693"><ele>1815.2</ele></trkpt>
    <trkpt lat="46.641780" lon="8.612724"><ele>1815.4</ele></trkpt>
    <trkpt lat="46.641785" lon="8.612753"><ele>1815.6</ele></trkpt>
    <trkpt lat="46.641788" lon="8.612784"><ele>1815.8</ele></trkpt>
    <trkpt lat="46.641789" lon="8.612814"><ele>1815.9</ele></trkpt>
    <trkpt lat="46.641794" lon="8.612844"><ele>1816.1</ele></trkpt>
    <trkpt lat="46.641799" lon="8.612876"><ele>1816.3</ele></trkpt>
    <trkpt lat="46.641803" lon="8.612909"><ele>1816.5</ele></trkpt>
    <trkpt lat="46.641806" lon="8.612942"><ele>1816.7</ele></trkpt>
    <trkpt lat="46.641808" lon="8.612975"><ele>1816.9</ele></trkpt>
    <trkpt lat="46.641812" lon="8.613004"><ele>1817.0</ele></trkpt>
    <trkpt lat="46.641818" lon="8.613033"><ele>1817.2</ele></trkpt>
    <trkpt lat="46.641822" lon="8.613061"><ele>1817.4</ele></trkpt>
    <trkpt lat="46.641826" lon="8.613092"><ele>1817.5</ele></trkpt>
    <trkpt lat="46.641830" lon="8.613121"><ele>1817.7</ele></trkpt>
    <trkpt lat="46.641837" lon="8.613153"><ele>1817.9</ele></trkpt>
    <trkpt lat="46.641841" lon="8.613180"><ele>1818.1</ele></trkpt>
    <trkpt lat="46.641847" lon="8.613208"><ele>1818.2</ele></trkpt>
    <trkpt lat="46.641850" lon="8.613238"><ele>1818.4</ele></trkpt>
    <trkpt lat="46.641856" lon="8.613270"><ele>1818.6</ele></trkpt>
    <trkpt lat="46.641861" lon="8.613303"><ele>1818.8</ele></trkpt>
    <trkpt lat="46.641864" lon="8.613333"><ele>1818.9</ele></trkpt>
    <trkpt lat="46.641868" lon="8.613363"><ele>1819.1</ele></trkpt>
    <trkpt lat="46.641871" lon="8.613391"><ele>1819.3</ele></trkpt>
    <trkpt lat="46.641876" lon="8.613420"><ele>1819.4</ele></trkpt>
    <trkpt lat="46.641881" lon="8.613448"><ele>1819.6</ele></trkpt>
    <trkpt lat="46.641884" lon="8.613480"><ele>1819.8</ele></trkpt>
    <trkpt lat="46.641887" lon="8.613513"><ele>1820.0</ele></trkpt>
    <trkpt lat="46.641889" lon="8.613545"><ele>1820.2</ele></trkpt>
    <trkpt lat="46.641892" lon="8.613577"><ele>1820.3</ele></trkpt>
    <trkpt lat="46.641897" lon="8.613606"><ele>1820.5</ele></trkpt>
    <trkpt lat="46.641901" lon="8.613640"><ele>1820.7</ele></trkpt>
    <trkpt lat="46.641905" lon="8.613670"><ele>1820.9</ele></trkpt>
    <trkpt lat="46.641910" lon="8.613700"><ele>1821.1</ele></trkpt>
    <trkpt lat="46.641913" lon="8.613731"><ele>1821.2</ele></trkpt>
    <trkpt lat="46.641917" lon="8.613761"><ele>1821.4</ele></trkpt>
    <trkpt lat="46.641922" lon="8.613791"><ele>1821.6</ele></trkpt>
    <trkpt lat="46.641925" lon="8.613822"><ele>1821.8</ele></trkpt>
    <trkpt lat="46.641929" lon="8.613851"><ele>1821.9</ele></trkpt>
    <trkpt lat="46.641932" lon="8.613879"><ele>1822.1</ele></trkpt>
    <trkpt lat="46.641935" lon="8.613911"><ele>1822.3</ele></trkpt>
    <trkpt lat="46.641937" lon="8.613942"><ele>1822.5</ele></trkpt>
    <trkpt lat="46.641940" lon="8.613972"><ele>1822.6</ele></trkpt>
    <trkpt lat="46.641945" lon="8.613998"><ele>1822.8</ele></trkpt>
    <trkpt lat="46.641949" lon="8.614026"><ele>1822.9</ele></trkpt>
    <trkpt lat="46.641953" lon="8.614054"><ele>1823.1</ele></trkpt>
    <trkpt lat="46.641958" lon="8.614083"><ele>1823.3</ele></trkpt>
    <trkpt lat="46.641963" lon="8.614112"><ele>1823.4</ele></trkpt>
    <trkpt lat="46.641968" lon="8.614145"><ele>1823.6</ele></trkpt>
    <trkpt lat="46.641973" lon="8.614175"><ele>1823.8</ele></trkpt>
    <trkpt lat="46.641976" lon="8.614205"><ele>1824.0</ele></trkpt>
    <trkpt lat="46.641981" lon="8.614234"><ele>1824.2</ele></trkpt>
    <trkpt lat="46.641985" lon="8.614261"><ele>1824.3</ele></trkpt>
    <trkpt lat="46.641988" lon="8.614293"><ele>1824.5</ele></trkpt>
    <trkpt lat="46.641990" lon="8.614325"><ele>1824.7</ele></trkpt>
    <trkpt lat="46.641991" lon="8.614354"><ele>1824.8</ele></trkpt>
    <trkpt lat="46.641996" lon="8.614382"><ele>1825.0</ele></trkpt>
    <trkpt lat="46.641999" lon="8.614412"><ele>1825.2</ele></trkpt>
    <trkpt lat="46.642006" lon="8.614444"><ele>1825.4</ele></trkpt>
    <trkpt lat="46.642010" lon="8.614477"><ele>1825.6</ele></trkpt>
    <trkpt lat="46.642012" lon="8.614509"><ele>1825.7</ele></trkpt>
    <trkpt lat="46.642015" lon="8.614537"><ele>1825.9</ele></trkpt>
    <trkpt lat="46.642018" lon="8.614567"><ele>1826.1</ele></trkpt>
    <trkpt lat="46.642022" lon="8.614598"><ele>1826.3</ele></trkpt>
    <trkpt lat="46.642025" lon="8.614629"><ele>1826.4</ele></trkpt>
    <trkpt lat="46.642030" lon="8.614657"><ele>1826.6</ele></trkpt>
    <trkpt lat="46.642033" lon="8.614689"><ele>1826.8</ele></trkpt>
    <trkpt lat="46.642035" lon="8.614717"><ele>1826.9</ele></trkpt>
    <trkpt lat="46.642037" lon="8.614748"><ele>1827.1</ele></trkpt>
    <trkpt lat="46.642039" lon="8.614780"><ele>1827.3</ele></trkpt>
    <trkpt lat="46.642040" lon="8.614816"><ele>1827.5</ele></trkpt>
    <trkpt lat="46.642041" lon="8.614851"><ele>1827.7</ele></trkpt>
    <trkpt lat="46.642044" lon="8.614882"><ele>1827.9</ele></trkpt>
    <trkpt lat="46.642046" lon="8.614916"><ele>1828.1</ele></trkpt>
    <trkpt lat="46.642047" lon="8.614947"><ele>1828.2</ele></trkpt>
    <trkpt lat="46.642049" lon="8.614978"><ele>1828.4</ele></trkpt>
    <trkpt lat="46.642052" lon="8.615008"><ele>1828.6</ele></trkpt>
    <trkpt lat="46.642053" lon="8.615039"><ele>1828.8</ele></trkpt>
    <trkpt lat="46.642056" lon="8.615071"><ele>1829.0</ele></trkpt>
    <trkpt lat="46.642059" lon="8.615100"><ele>1829.1</ele></trkpt>
    <trkpt lat="46.642061" lon="8.615130"><ele>1829.3</ele></trkpt>
    <trkpt lat="46.642065" lon="8.615163"><ele>1829.4</ele></trkpt>
    <trkpt lat="46.642071" lon="8.615199"><ele>1829.6</ele></trkpt>
    <trkpt lat="46.642076" lon="8.615232"><ele>1829.8</ele></trkpt>
    <trkpt lat="46.642078" lon="8.615266"><ele>1830.0</ele></trkpt>
    <trkpt lat="46.642079" lon="8.615299"><ele>1830.1</ele></trkpt>
    <trkpt lat="46.642080" lon="8.615332"><ele>1830.3</ele></trkpt>
    <trkpt lat="46.642081" lon="8.615363"><ele>1830.4</ele></trkpt>
    <trkpt lat="46.642084" lon="8.615394"><ele>1830.6</ele></trkpt>
    <trkpt lat="46.642087" lon="8.615425"><ele>1830.8</ele></trkpt>
    <trkpt lat="46.642091" lon="8.615457"><ele>1830.9</ele></trkpt>
    <trkpt lat="46.642094" lon="8.615492"><ele>1831.1</ele></trkpt>
    <trkpt lat="46.642095" lon="8.615524"><ele>1831.3</ele></trkpt>
    <trkpt lat="46.642095" lon="8.615556"><ele>1831.4</ele></trkpt>
    <trkpt lat="46.642095" lon="8.615589"><ele>1831.6</ele></trkpt>
    <trkpt lat="46.642097" lon="8.615620"><ele>1831.7</ele></trkpt>
    <trkpt lat="46.642099" lon="8.615650"><ele>1831.9</ele></trkpt>
    <trkpt lat="46.642103" lon="8.615682"><ele>1832.0</ele></trkpt>
    <trkpt lat="46.642105" lon="8.615711"><ele>1832.2</ele></trkpt>
    <trkpt lat="46.642109" lon="8.615744"><ele>1832.4</ele></trkpt>
    <trkpt lat="46.642114" lon="8.615776"><ele>1832.5</ele></trkpt>
    <trkpt lat="46.642116" lon="8.615810"><ele>1832.7</ele></trkpt>
    <trkpt lat="46.642119" lon="8.615844"><ele>1832.9</ele></trkpt>
    <trkpt lat="46.642122" lon="8.615877"><ele>1833.0</ele></trkpt>
    <trkpt lat="46.642123" lon="8.615909"><ele>1833.2</ele></trkpt>
    <trkpt lat="46.642125" lon="8.615938"><ele>1833.3</ele></trkpt>
    <trkpt lat="46.642127" lon="8.615970"><ele>1833.5</ele></trkpt>
    <trkpt lat="46.642129" lon="8.616000"><ele>1833.6</ele></trkpt>
    <trkpt lat="46.642131" lon="8.616032"><ele>1833.8</ele></trkpt>
    <trkpt lat="46.642132" lon="8.616062"><ele>1833.9</ele></trkpt>
    <trkpt lat="46.642133" lon="8.616097"><ele>1834.1</ele></trkpt>
    <trkpt lat="46.642134" lon="8.616131"><ele>1834.3</ele></trkpt>
    <trkpt lat="46.642136" lon="8.616166"><ele>1834.5</ele></trkpt>
    <trkpt lat="46.642137" lon="8.616198"><ele>1834.6</ele></trkpt>
    <trkpt lat="46.642137" lon="8.616232"><ele>1834.8</ele></trkpt>
    <trkpt lat="46.642139" lon="8.616266"><ele>1835.0</ele></trkpt>
    <trkpt lat="46.642141" lon="8.616300"><ele>1835.1</ele></trkpt>
    <trkpt lat="46.642142" lon="8.616334"><ele>1835.3</ele></trkpt>
    <trkpt lat="46.642145" lon="8.616370"><ele>1835.5</ele></trkpt>
    <trkpt lat="46.642147" lon="8.616405"><ele>1835.6</ele></trkpt>
    <trkpt lat="46.642151" lon="8.616440"><ele>1835.8</ele></trkpt>
    <trkpt lat="46.642154" lon="8.616471"><ele>1836.0</ele></trkpt>
    <trkpt lat="46.642157" lon="8.616508"><ele>1836.2</ele></trkpt>
    <trkpt lat="46.642160" lon="8.616543"><ele>1836.3</ele></trkpt>
    <trkpt lat="46.642161" lon="8.616580"><ele>1836.5</ele></trkpt>
    <trkpt lat="46.642163" lon="8.616613"><ele>1836.7</ele></trkpt>
    <trkpt lat="46.642167" lon="8.616648"><ele>1836.9</ele></trkpt>
    <trkpt lat="46.642170" lon="8.616681"><ele>1837.0</ele></trkpt>
    <trkpt lat="46.642171" lon="8.616715"><ele>1837.2</ele></trkpt>
    <trkpt lat="46.642176" lon="8.616748"><ele>1837.4</ele></trkpt>
    <trkpt lat="46.642182" lon="8.616781"><ele>1837.5</ele></trkpt>
    <trkpt lat="46.642185" lon="8.616816"><ele>1837.7</ele></trkpt>
    <trkpt lat="46.642188" lon="8.616848"><ele>1837.9</ele></trkpt>
    <trkpt lat="46.642193" lon="8.616883"><ele>1838.0</ele></trkpt>
    <trkpt lat="46.642195" lon="8.616919"><ele>1838.2</ele></trkpt>
    <trkpt lat="46.642196" lon="8.616956"><ele>1838.4</ele></trkpt>
    <trkpt lat="46.642196" lon="8.616993"><ele>1838.6</ele></trkpt>
    <trkpt lat="46.642197" lon="8.617028"><ele>1838.8</ele></trkpt>
    <trkpt lat="46.642198" lon="8.617063"><ele>1838.9</ele></trkpt>
    <trkpt lat="46.642200" lon="8.617098"><ele>1839.1</ele></trkpt>
    <trkpt lat="46.642203" lon="8.617135"><ele>1839.3</ele></trkpt>
    <trkpt lat="46.642206" lon="8.617169"><ele>1839.5</ele></trkpt>
    <trkpt lat="46.642211" lon="8.617202"><ele>1839.6</ele></trkpt>
    <trkpt lat="46.642216" lon="8.617237"><ele>1839.8</ele></trkpt>
    <trkpt lat="46.642222" lon="8.617269"><ele>1840.0</ele></trkpt>
    <trkpt lat="46.642227" lon="8.617305"><ele>1840.2</ele></trkpt>
    <trkpt lat="46.642232" lon="8.617340"><ele>1840.3</ele></trkpt>
    <trkpt lat="46.642236" lon="8.617378"><ele>1840.5</ele></trkpt>
    <trkpt lat="46.642241" lon="8.617418"><ele>1840.7</ele></trkpt>
    <trkpt lat="46.642246" lon="8.617458"><ele>1840.9</ele></trkpt>
    <trkpt lat="46.642252" lon="8.617500"><ele>1841.1</ele></trkpt>
    <trkpt lat="46.642259" lon="8.617540"><ele>1841.3</ele></trkpt>
    <trkpt lat="46.642265" lon="8.617579"><ele>1841.5</ele></trkpt>
    <trkpt lat="46.642269" lon="8.617623"><ele>1841.8</ele></trkpt>
    <trkpt lat="46.642277" lon="8.617665"><ele>1842.0</ele></trkpt>
    <trkpt lat="46.642282" lon="8.617707"><ele>1842.2</ele></trkpt>
    <trkpt lat="46.642289" lon="8.617750"><ele>1842.3</ele></trkpt>
    <trkpt lat="46.642295" lon="8.617794"><ele>1842.4</ele></trkpt>
    <trkpt lat="46.642301" lon="8.617837"><ele>1842.6</ele></trkpt>
    <trkpt lat="46.642309" lon="8.617879"><ele>1842.7</ele></trkpt>
    <trkpt lat="46.642317" lon="8.617921"><ele>1842.8</ele></trkpt>
    <trkpt lat="46.642325" lon="8.617968"><ele>1843.0</ele></trkpt>
    <trkpt lat="46.642335" lon="8.618015"><ele>1843.1</ele></trkpt>
    <trkpt lat="46.642344" lon="8.618062"><ele>1843.2</ele></trkpt>
    <trkpt lat="46.642355" lon="8.618112"><ele>1843.4</ele></trkpt>
    <trkpt lat="46.642365" lon="8.618157"><ele>1843.5</ele></trkpt>
    <trkpt lat="46.642373" lon="8.618205"><ele>1843.7</ele></trkpt>
    <trkpt lat="46.642383" lon="8.618253"><ele>1843.8</ele></trkpt>
    <trkpt lat="46.642392" lon="8.618301"><ele>1844.0</ele></trkpt>
    <trkpt lat="46.642401" lon="8.618351"><ele>1844.1</ele></trkpt>
    <trkpt lat="46.642412" lon="8.618399"><ele>1844.2</ele></trkpt>
    <trkpt lat="46.642423" lon="8.618448"><ele>1844.4</ele></trkpt>
    <trkpt lat="46.642436" lon="8.618495"><ele>1844.5</ele></trkpt>
    <trkpt lat="46.642450" lon="8.618545"><ele>1844.7</ele></trkpt>
    <trkpt lat="46.642466" lon="8.618599"><ele>1844.9</ele></trkpt>
    <trkpt lat="46.642481" lon="8.618653"><ele>1845.0</ele></trkpt>
    <trkpt lat="46.642497" lon="8.618709"><ele>1845.2</ele></trkpt>
    <trkpt lat="46.642514" lon="8.618770"><ele>1845.4</ele></trkpt>
    <trkpt lat="46.642528" lon="8.618833"><ele>1845.6</ele></trkpt>
    <trkpt lat="46.642539" lon="8.618899"><ele>1845.8</ele></trkpt>
    <trkpt lat="46.642554" lon="8.618965"><ele>1846.0</ele></trkpt>
    <trkpt lat="46.642571" lon="8.619031"><ele>1846.2</ele></trkpt>
    <trkpt lat="46.642584" lon="8.619097"><ele>1846.4</ele></trkpt>
    <trkpt lat="46.642596" lon="8.619162"><ele>1846.6</ele></trkpt>
    <trkpt lat="46.642607" lon="8.619228"><ele>1846.7</ele></trkpt>
    <trkpt lat="46.642620" lon="8.619294"><ele>1846.9</ele></trkpt>
    <trkpt lat="46.642635" lon="8.619355"><ele>1847.1</ele></trkpt>
    <trkpt lat="46.642650" lon="8.619415"><ele>1847.3</ele></trkpt>
    <trkpt lat="46.642663" lon="8.619475"><ele>1847.5</ele></trkpt>
    <trkpt lat="46.642678" lon="8.619537"><ele>1847.7</ele></trkpt>
    <trkpt lat="46.642694" lon="8.619597"><ele>1847.9</ele></trkpt>
    <trkpt lat="46.642710" lon="8.619654"><ele>1848.0</ele></trkpt>
    <trkpt lat="46.642727" lon="8.619712"><ele>1848.2</ele></trkpt>
    <trkpt lat="46.642744" lon="8.619768"><ele>1848.4</ele></trkpt>
    <trkpt lat="46.642762" lon="8.619822"><ele>1848.6</ele></trkpt>
    <trkpt lat="46.642781" lon="8.619876"><ele>1848.7</ele></trkpt>
    <trkpt lat="46.642799" lon="8.619928"><ele>1848.9</ele></trkpt>
    <trkpt lat="46.642817" lon="8.619982"><ele>1849.1</ele></trkpt>
    <trkpt lat="46.642835" lon="8.620038"><ele>1849.3</ele></trkpt>
    <trkpt lat="46.642851" lon="8.620093"><ele>1849.4</ele></trkpt>
    <trkpt lat="46.642870" lon="8.620148"><ele>1849.6</ele></trkpt>
    <trkpt lat="46.642890" lon="8.620205"><ele>1849.8</ele></trkpt>
    <trkpt lat="46.642909" lon="8.620260"><ele>1850.1</ele></trkpt>
    <trkpt lat="46.642926" lon="8.620315"><ele>1850.3</ele></trkpt>
    <trkpt lat="46.642944" lon="8.620367"><ele>1850.5</ele></trkpt>
    <trkpt lat="46.642964" lon="8.620422"><ele>1850.8</ele></trkpt>
    <trkpt lat="46.642985" lon="8.620477"><ele>1851.0</ele></trkpt>
    <trkpt lat="46.643006" lon="8.620528"><ele>1851.3</ele></trkpt>
    <trkpt lat="46.643025" lon="8.620579"><ele>1851.5</ele></trkpt>
    <trkpt lat="46.643045" lon="8.620627"><ele>1851.7</ele></trkpt>
    <trkpt lat="46.643065" lon="8.620675"><ele>1851.9</ele></trkpt>
    <trkpt lat="46.643081" lon="8.620723"><ele>1852.1</ele></trkpt>
    <trkpt lat="46.643100" lon="8.620773"><ele>1852.4</ele></trkpt>
    <trkpt lat="46.643121" lon="8.620820"><ele>1852.6</ele></trkpt>
    <trkpt lat="46.643144" lon="8.620867"><ele>1852.8</ele></trkpt>
    <trkpt lat="46.643168" lon="8.620915"><ele>1853.1</ele></trkpt>
    <trkpt lat="46.643192" lon="8.620964"><ele>1853.3</ele></trkpt>
    <trkpt lat="46.643217" lon="8.621013"><ele>1853.5</ele></trkpt>
    <trkpt lat="46.643242" lon="8.621059"><ele>1853.8</ele></trkpt>
    <trkpt lat="46.643265" lon="8.621104"><ele>1854.0</ele></trkpt>
    <trkpt lat="46.643288" lon="8.621151"><ele>1854.2</ele></trkpt>
    <trkpt lat="46.643310" lon="8.621197"><ele>1854.4</ele></trkpt>
    <trkpt lat="46.643332" lon="8.621244"><ele>1854.7</ele></trkpt>
    <trkpt lat="46.643356" lon="8.621295"><ele>1854.9</ele></trkpt>
    <trkpt lat="46.643379" lon="8.621345"><ele>1855.1</ele></trkpt>
    <trkpt lat="46.643402" lon="8.621396"><ele>1855.4</ele></trkpt>
    <trkpt lat="46.643426" lon="8.621444"><ele>1855.6</ele></trkpt>
    <trkpt lat="46.643447" lon="8.621489"><ele>1855.8</ele></trkpt>
    <trkpt lat="46.643470" lon="8.621537"><ele>1856.1</ele></trkpt>
    <trkpt lat="46.643492" lon="8.621582"><ele>1856.3</ele></trkpt>
    <trkpt lat="46.643516" lon="8.621629"><ele>1856.5</ele></trkpt>
    <trkpt lat="46.643539" lon="8.621676"><ele>1856.7</ele></trkpt>
    <trkpt lat="46.643562" lon="8.621723"><ele>1857.0</ele></trkpt>
    <trkpt lat="46.643586" lon="8.621769"><ele>1857.2</ele></trkpt>
    <trkpt lat="46.643611" lon="8.621816"><ele>1857.4</ele></trkpt>
    <trkpt lat="46.643637" lon="8.621863"><ele>1857.7</ele></trkpt>
    <trkpt lat="46.643662" lon="8.621911"><ele>1857.9</ele></trkpt>
    <trkpt lat="46.643686" lon="8.621958"><ele>1858.1</ele></trkpt>
    <trkpt lat="46.643710" lon="8.622009"><ele>1858.4</ele></trkpt>
    <trkpt lat="46.643734" lon="8.622058"><ele>1858.6</ele></trkpt>
    <trkpt lat="46.643758" lon="8.622103"><ele>1858.8</ele></trkpt>
    <trkpt lat="46.643781" lon="8.622151"><ele>1859.1</ele></trkpt>
    <trkpt lat="46.643805" lon="8.622199"><ele>1859.3</ele></trkpt>
    <trkpt lat="46.643830" lon="8.622250"><ele>1859.6</ele></trkpt>
    <trkpt lat="46.643854" lon="8.622299"><ele>1859.8</ele></trkpt>
    <trkpt lat="46.643877" lon="8.622350"><ele>1860.0</ele></trkpt>
    <trkpt lat="46.643900" lon="8.622404"><ele>1860.4</ele></trkpt>
    <trkpt lat="46.643922" lon="8.622455"><ele>1860.7</ele></trkpt>
    <trkpt lat="46.643942" lon="8.622507"><ele>1861.0</ele></trkpt>
    <trkpt lat="46.643963" lon="8.622558"><ele>1861.3</ele></trkpt>
    <trkpt lat="46.643984" lon="8.622609"><ele>1861.6</ele></trkpt>
    <trkpt lat="46.644006" lon="8.622661"><ele>1861.9</ele></trkpt>
    <trkpt lat="46.644028" lon="8.622711"><ele>1862.2</ele></trkpt>
    <trkpt lat="46.644052" lon="8.622760"><ele>1862.5</ele></trkpt>
    <trkpt lat="46.644075" lon="8.622809"><ele>1862.8</ele></trkpt>
    <trkpt lat="46.644096" lon="8.622859"><ele>1863.1</ele></trkpt>
    <trkpt lat="46.644117" lon="8.622907"><ele>1863.3</ele></trkpt>
    <trkpt lat="46.644138" lon="8.622955"><ele>1863.6</ele></trkpt>
    <trkpt lat="46.644157" lon="8.623004"><ele>1863.9</ele></trkpt>
    <trkpt lat="46.644173" lon="8.623052"><ele>1864.2</ele></trkpt>
    <trkpt lat="46.644191" lon="8.623098"><ele>1864.4</ele></trkpt>
    <trkpt lat="46.644209" lon="8.623144"><ele>1864.7</ele></trkpt>
    <trkpt lat="46.644227" lon="8.623189"><ele>1865.0</ele></trkpt>
    <trkpt lat="46.644248" lon="8.623229"><ele>1865.2</ele></trkpt>
    <trkpt lat="46.644269" lon="8.623271"><ele>1865.5</ele></trkpt>
    <trkpt lat="46.644288" lon="8.623310"><ele>1865.7</ele></trkpt>
    <trkpt lat="46.644307" lon="8.623348"><ele>1866.0</ele></trkpt>
    <trkpt lat="46.644324" lon="8.623385"><ele>1866.2</ele></trkpt>
    <trkpt lat="46.644342" lon="8.623423"><ele>1866.4</ele></trkpt>
    <trkpt lat="46.644358" lon="8.623457"><ele>1866.6</ele></trkpt>
    <trkpt lat="46.644376" lon="8.623494"><ele>1866.8</ele></trkpt>
    <trkpt lat="46.644395" lon="8.623531"><ele>1867.1</ele></trkpt>
    <trkpt lat="46.644411" lon="8.623565"><ele>1867.3</ele></trkpt>
    <trkpt lat="46.644426" lon="8.623601"><ele>1867.5</ele></trkpt>
    <trkpt lat="46.644444" lon="8.623636"><ele>1867.7</ele></trkpt>
    <trkpt lat="46.644463" lon="8.623668"><ele>1867.9</ele></trkpt>
    <trkpt lat="46.644478" lon="8.623702"><ele>1868.1</ele></trkpt>
    <trkpt lat="46.644498" lon="8.623735"><ele>1868.3</ele></trkpt>
    <trkpt lat="46.644516" lon="8.623765"><ele>1868.5</ele></trkpt>
    <trkpt lat="46.644534" lon="8.623799"><ele>1868.8</ele></trkpt>
    <trkpt lat="46.644548" lon="8.623835"><ele>1869.0</ele></trkpt>
    <trkpt lat="46.644561" lon="8.623870"><ele>1869.2</ele></trkpt>
    <trkpt lat="46.644577" lon="8.623905"><ele>1869.4</ele></trkpt>
    <trkpt lat="46.644593" lon="8.623933"><ele>1869.6</ele></trkpt>
    <trkpt lat="46.644609" lon="8.623963"><ele>1869.7</ele></trkpt>
    <trkpt lat="46.644623" lon="8.623996"><ele>1869.9</ele></trkpt>
    <trkpt lat="46.644636" lon="8.624030"><ele>1870.1</ele></trkpt>
    <trkpt lat="46.644646" lon="8.624064"><ele>1870.3</ele></trkpt>
    <trkpt lat="46.644661" lon="8.624100"><ele>1870.5</ele></trkpt>
    <trkpt lat="46.644677" lon="8.624132"><ele>1870.7</ele></trkpt>
    <trkpt lat="46.644691" lon="8.624168"><ele>1870.9</ele></trkpt>
    <trkpt lat="46.644705" lon="8.624202"><ele>1871.1</ele></trkpt>
    <trkpt lat="46.644719" lon="8.624236"><ele>1871.3</ele></trkpt>
    <trkpt lat="46.644732" lon="8.624271"><ele>1871.5</ele></trkpt>
    <trkpt lat="46.644744" lon="8.624309"><ele>1871.7</ele></trkpt>
    <trkpt lat="46.644758" lon="8.624343"><ele>1871.9</ele></trkpt>
    <trkpt lat="46.644771" lon="8.624378"><ele>1872.1</ele></trkpt>
    <trkpt lat="46.644784" lon="8.624415"><ele>1872.4</ele></trkpt>
    <trkpt lat="46.644797" lon="8.624449"><ele>1872.5</ele></trkpt>
    <trkpt lat="46.644809" lon="8.624485"><ele>1872.7</ele></trkpt>
    <trkpt lat="46.644822" lon="8.624521"><ele>1873.0</ele></trkpt>
    <trkpt lat="46.644837" lon="8.624557"><ele>1873.2</ele></trkpt>
    <trkpt lat="46.644851" lon="8.624590"><ele>1873.4</ele></trkpt>
    <trkpt lat="46.644865" lon="8.624628"><ele>1873.6</ele></trkpt>
    <trkpt lat="46.644877" lon="8.624662"><ele>1873.8</ele></trkpt>
    <trkpt lat="46.644891" lon="8.624697"><ele>1874.0</ele></trkpt>
    <trkpt lat="46.644905" lon="8.624731"><ele>1874.2</ele></trkpt>
    <trkpt lat="46.644921" lon="8.624764"><ele>1874.4</ele></trkpt>
    <trkpt lat="46.644936" lon="8.624798"><ele>1874.6</ele></trkpt>
    <trkpt lat="46.644952" lon="8.624829"><ele>1874.8</ele></trkpt>
    <trkpt lat="46.644970" lon="8.624862"><ele>1875.0</ele></trkpt>
    <trkpt lat="46.644990" lon="8.624900"><ele>1875.3</ele></trkpt>
    <trkpt lat="46.645007" lon="8.624934"><ele>1875.5</ele></trkpt>
    <trkpt lat="46.645023" lon="8.624970"><ele>1875.7</ele></trkpt>
    <trkpt lat="46.645040" lon="8.625002"><ele>1875.9</ele></trkpt>
    <trkpt lat="46.645060" lon="8.625034"><ele>1876.1</ele></trkpt>
    <trkpt lat="46.645080" lon="8.625068"><ele>1876.3</ele></trkpt>
    <trkpt lat="46.645098" lon="8.625102"><ele>1876.6</ele></trkpt>
    <trkpt lat="46.645115" lon="8.625137"><ele>1876.8</ele></trkpt>
    <trkpt lat="46.645135" lon="8.625172"><ele>1877.0</ele></trkpt>
    <trkpt lat="46.645154" lon="8.625201"><ele>1877.2</ele></trkpt>
    <trkpt lat="46.645174" lon="8.625234"><ele>1877.4</ele></trkpt>
    <trkpt lat="46.645192" lon="8.625263"><ele>1877.6</ele></trkpt>
    <trkpt lat="46.645211" lon="8.625296"><ele>1877.9</ele></trkpt>
    <trkpt lat="46.645231" lon="8.625326"><ele>1878.1</ele></trkpt>
    <trkpt lat="46.645250" lon="8.625354"><ele>1878.3</ele></trkpt>
    <trkpt lat="46.645273" lon="8.625382"><ele>1878.5</ele></trkpt>
    <trkpt lat="46.645295" lon="8.625408"><ele>1878.7</ele></trkpt>
    <trkpt lat="46.645317" lon="8.625439"><ele>1878.9</ele></trkpt>
    <trkpt lat="46.645341" lon="8.625464"><ele>1879.2</ele></trkpt>
    <trkpt lat="46.645366" lon="8.625492"><ele>1879.4</ele></trkpt>
    <trkpt lat="46.645391" lon="8.625517"><ele>1879.6</ele></trkpt>
    <trkpt lat="46.645415" lon="8.625544"><ele>1879.9</ele></trkpt>
    <trkpt lat="46.645438" lon="8.625572"><ele>1880.1</ele></trkpt>
    <trkpt lat="46.645460" lon="8.625598"><ele>1880.3</ele></trkpt>
    <trkpt lat="46.645485" lon="8.625624"><ele>1880.5</ele></trkpt>
    <trkpt lat="46.645512" lon="8.625645"><ele>1880.7</ele></trkpt>
    <trkpt lat="46.645538" lon="8.625672"><ele>1881.0</ele></trkpt>
    <trkpt lat="46.645563" lon="8.625698"><ele>1881.2</ele></trkpt>
    <trkpt lat="46.645588" lon="8.625724"><ele>1881.4</ele></trkpt>
    <trkpt lat="46.645614" lon="8.625747"><ele>1881.7</ele></trkpt>
    <trkpt lat="46.645640" lon="8.625771"><ele>1881.9</ele></trkpt>
    <trkpt lat="46.645665" lon="8.625797"><ele>1882.1</ele></trkpt>
    <trkpt lat="46.645689" lon="8.625825"><ele>1882.3</ele></trkpt>
    <trkpt lat="46.645713" lon="8.625852"><ele>1882.6</ele></trkpt>
    <trkpt lat="46.645736" lon="8.625875"><ele>1882.8</ele></trkpt>
    <trkpt lat="46.645759" lon="8.625900"><ele>1883.0</ele></trkpt>
    <trkpt lat="46.645783" lon="8.625926"><ele>1883.2</ele></trkpt>
    <trkpt lat="46.645805" lon="8.625953"><ele>1883.4</ele></trkpt>
    <trkpt lat="46.645826" lon="8.625981"><ele>1883.6</ele></trkpt>
    <trkpt lat="46.645849" lon="8.626009"><ele>1883.9</ele></trkpt>
    <trkpt lat="46.645872" lon="8.626035"><ele>1884.1</ele></trkpt>
    <trkpt lat="46.645898" lon="8.626060"><ele>1884.3</ele></trkpt>
    <trkpt lat="46.645923" lon="8.626084"><ele>1884.5</ele></trkpt>
    <trkpt lat="46.645948" lon="8.626111"><ele>1884.8</ele></trkpt>
    <trkpt lat="46.645972" lon="8.626137"><ele>1885.0</ele></trkpt>
    <trkpt lat="46.645994" lon="8.626164"><ele>1885.2</ele></trkpt>
    <trkpt lat="46.646017" lon="8.626190"><ele>1885.4</ele></trkpt>
    <trkpt lat="46.646038" lon="8.626217"><ele>1885.6</ele></trkpt>
    <trkpt lat="46.646060" lon="8.626243"><ele>1885.8</ele></trkpt>
    <trkpt lat="46.646080" lon="8.626267"><ele>1886.0</ele></trkpt>
    <trkpt lat="46.646099" lon="8.626292"><ele>1886.2</ele></trkpt>
    <trkpt lat="46.646121" lon="8.626320"><ele>1886.4</ele></trkpt>
    <trkpt lat="46.646143" lon="8.626348"><ele>1886.7</ele></trkpt>
    <trkpt lat="46.646164" lon="8.626373"><ele>1886.9</ele></trkpt>
    <trkpt lat="46.646185" lon="8.626400"><ele>1887.1</ele></trkpt>
    <trkpt lat="46.646205" lon="8.626425"><ele>1887.3</ele></trkpt>
    <trkpt lat="46.646224" lon="8.626454"><ele>1887.5</ele></trkpt>
    <trkpt lat="46.646244" lon="8.626477"><ele>1887.7</ele></trkpt>
    <trkpt lat="46.646264" lon="8.626499"><ele>1887.8</ele></trkpt>
    <trkpt lat="46.646283" lon="8.626523"><ele>1888.0</ele></trkpt>
    <trkpt lat="46.646303" lon="8.626549"><ele>1888.2</ele></trkpt>
    <trkpt lat="46.646319" lon="8.626577"><ele>1888.4</ele></trkpt>
    <trkpt lat="46.646338" lon="8.626604"><ele>1888.6</ele></trkpt>
    <trkpt lat="46.646357" lon="8.626630"><ele>1888.8</ele></trkpt>
    <trkpt lat="46.646377" lon="8.626653"><ele>1889.0</ele></trkpt>
    <trkpt lat="46.646396" lon="8.626674"><ele>1889.2</ele></trkpt>
    <trkpt lat="46.646416" lon="8.626698"><ele>1889.4</ele></trkpt>
    <trkpt lat="46.646435" lon="8.626721"><ele>1889.6</ele></trkpt>
    <trkpt lat="46.646453" lon="8.626743"><ele>1889.7</ele></trkpt>
    <trkpt lat="46.646473" lon="8.626770"><ele>1889.9</ele></trkpt>
    <trkpt lat="46.646493" lon="8.626790"><ele>1890.1</ele></trkpt>
    <trkpt lat="46.646510" lon="8.626814"><ele>1890.3</ele></trkpt>
    <trkpt lat="46.646528" lon="8.626837"><ele>1890.5</ele></trkpt>
    <trkpt lat="46.646551" lon="8.626855"><ele>1890.7</ele></trkpt>
    <trkpt lat="46.646572" lon="8.626877"><ele>1890.9</ele></trkpt>
    <trkpt lat="46.646594" lon="8.626900"><ele>1891.1</ele></trkpt>
    <trkpt lat="46.646614" lon="8.626924"><ele>1891.3</ele></trkpt>
    <trkpt lat="46.646635" lon="8.626952"><ele>1891.5</ele></trkpt>
    <trkpt lat="46.646657" lon="8.626980"><ele>1891.7</ele></trkpt>
    <trkpt lat="46.646685" lon="8.627013"><ele>1892.0</ele></trkpt>
    <trkpt lat="46.646711" lon="8.627048"><ele>1892.2</ele></trkpt>
    <trkpt lat="46.646738" lon="8.627085"><ele>1892.5</ele></trkpt>
    <trkpt lat="46.646767" lon="8.627124"><ele>1892.8</ele></trkpt>
    <trkpt lat="46.646797" lon="8.627167"><ele>1893.1</ele></trkpt>
    <trkpt lat="46.646824" lon="8.627211"><ele>1893.4</ele></trkpt>
    <trkpt lat="46.646847" lon="8.627252"><ele>1893.7</ele></trkpt>
    <trkpt lat="46.646869" lon="8.627294"><ele>1893.9</ele></trkpt>
    <trkpt lat="46.646891" lon="8.627334"><ele>1894.2</ele></trkpt>
    <trkpt lat="46.646913" lon="8.627368"><ele>1894.5</ele></trkpt>
    <trkpt lat="46.646937" lon="8.627400"><ele>1894.7</ele></trkpt>
    <trkpt lat="46.646961" lon="8.627430"><ele>1894.9</ele></trkpt>
    <trkpt lat="46.646983" lon="8.627464"><ele>1895.2</ele></trkpt>
    <trkpt lat="46.647003" lon="8.627494"><ele>1895.4</ele></trkpt>
    <trkpt lat="46.647024" lon="8.627526"><ele>1895.6</ele></trkpt>
    <trkpt lat="46.647043" lon="8.627555"><ele>1895.8</ele></trkpt>
    <trkpt lat="46.647063" lon="8.627584"><ele>1896.0</ele></trkpt>
    <trkpt lat="46.647086" lon="8.627615"><ele>1896.3</ele></trkpt>
    <trkpt lat="46.647110" lon="8.627642"><ele>1896.5</ele></trkpt>
    <trkpt lat="46.647136" lon="8.627670"><ele>1896.7</ele></trkpt>
    <trkpt lat="46.647158" lon="8.627698"><ele>1896.9</ele></trkpt>
    <trkpt lat="46.647182" lon="8.627725"><ele>1897.2</ele></trkpt>
    <trkpt lat="46.647199" lon="8.627749"><ele>1897.3</ele></trkpt>
    <trkpt lat="46.647218" lon="8.627778"><ele>1897.6</ele></trkpt>
    <trkpt lat="46.647238" lon="8.627808"><ele>1897.8</ele></trkpt>
    <trkpt lat="46.647260" lon="8.627839"><ele>1898.0</ele></trkpt>
    <trkpt lat="46.647280" lon="8.627872"><ele>1898.2</ele></trkpt>
    <trkpt lat="46.647299" lon="8.627901"><ele>1898.4</ele></trkpt>
    <trkpt lat="46.647319" lon="8.627928"><ele>1898.6</ele></trkpt>
    <trkpt lat="46.647341" lon="8.627961"><ele>1898.9</ele></trkpt>
    <trkpt lat="46.647360" lon="8.627992"><ele>1899.1</ele></trkpt>
    <trkpt lat="46.647377" lon="8.628024"><ele>1899.3</ele></trkpt>
    <trkpt lat="46.647393" lon="8.628056"><ele>1899.5</ele></trkpt>
    <trkpt lat="46.647410" lon="8.628089"><ele>1899.7</ele></trkpt>
    <trkpt lat="46.647427" lon="8.628120"><ele>1899.9</ele></trkpt>
    <trkpt lat="46.647445" lon="8.628150"><ele>1900.1</ele></trkpt>
    <trkpt lat="46.647465" lon="8.628179"><ele>1900.3</ele></trkpt>
    <trkpt lat="46.647485" lon="8.628207"><ele>1900.5</ele></trkpt>
    <trkpt lat="46.647505" lon="8.628234"><ele>1900.8</ele></trkpt>
    <trkpt lat="46.647524" lon="8.628262"><ele>1901.0</ele></trkpt>
    <trkpt lat="46.647546" lon="8.628292"><ele>1901.2</ele></trkpt>
    <trkpt lat="46.647566" lon="8.628320"><ele>1901.4</ele></trkpt>
    <trkpt lat="46.647586" lon="8.628349"><ele>1901.6</ele></trkpt>
    <trkpt lat="46.647607" lon="8.628379"><ele>1901.9</ele></trkpt>
    <trkpt lat="46.647625" lon="8.628403"><ele>1902.1</ele></trkpt>
    <trkpt lat="46.647645" lon="8.628428"><ele>1902.3</ele></trkpt>
    <trkpt lat="46.647664" lon="8.628454"><ele>1902.5</ele></trkpt>
    <trkpt lat="46.647686" lon="8.628481"><ele>1902.7</ele></trkpt>
    <trkpt lat="46.647707" lon="8.628509"><ele>1902.9</ele></trkpt>
    <trkpt lat="46.647725" lon="8.628537"><ele>1903.1</ele></trkpt>
    <trkpt lat="46.647743" lon="8.628567"><ele>1903.3</ele></trkpt>
    <trkpt lat="46.647762" lon="8.628595"><ele>1903.5</ele></trkpt>
    <trkpt lat="46.647782" lon="8.628621"><ele>1903.7</ele></trkpt>
    <trkpt lat="46.647802" lon="8.628648"><ele>1903.9</ele></trkpt>
    <trkpt lat="46.647818" lon="8.628675"><ele>1904.1</ele></trkpt>
    <trkpt lat="46.647836" lon="8.628701"><ele>1904.3</ele></trkpt>
    <trkpt lat="46.647856" lon="8.628728"><ele>1904.5</ele></trkpt>
    <trkpt lat="46.647876" lon="8.628757"><ele>1904.8</ele></trkpt>
    <trkpt lat="46.647895" lon="8.628785"><ele>1905.0</ele></trkpt>
    <trkpt lat="46.647915" lon="8.628815"><ele>1905.2</ele></trkpt>
    <trkpt lat="46.647932" lon="8.628844"><ele>1905.4</ele></trkpt>
    <trkpt lat="46.647951" lon="8.628870"><ele>1905.6</ele></trkpt>
    <trkpt lat="46.647971" lon="8.628897"><ele>1905.8</ele></trkpt>
    <trkpt lat="46.647990" lon="8.628921"><ele>1906.0</ele></trkpt>
    <trkpt lat="46.648010" lon="8.628947"><ele>1906.2</ele></trkpt>
    <trkpt lat="46.648030" lon="8.628977"><ele>1906.4</ele></trkpt>
    <trkpt lat="46.648051" lon="8.629007"><ele>1906.7</ele></trkpt>
    <trkpt lat="46.648072" lon="8.629031"><ele>1906.9</ele></trkpt>
    <trkpt lat="46.648093" lon="8.629057"><ele>1907.1</ele></trkpt>
    <trkpt lat="46.648113" lon="8.629083"><ele>1907.3</ele></trkpt>
    <trkpt lat="46.648132" lon="8.629109"><ele>1907.5</ele></trkpt>
    <trkpt lat="46.648151" lon="8.629137"><ele>1907.7</ele></trkpt>
    <trkpt lat="46.648170" lon="8.629162"><ele>1907.9</ele></trkpt>
    <trkpt lat="46.648189" lon="8.629189"><ele>1908.1</ele></trkpt>
    <trkpt lat="46.648208" lon="8.629217"><ele>1908.3</ele></trkpt>
    <trkpt lat="46.648227" lon="8.629249"><ele>1908.5</ele></trkpt>
    <trkpt lat="46.648243" lon="8.629277"><ele>1908.7</ele></trkpt>
    <trkpt lat="46.648259" lon="8.629304"><ele>1908.9</ele></trkpt>
    <trkpt lat="46.648275" lon="8.629330"><ele>1909.1</ele></trkpt>
    <trkpt lat="46.648292" lon="8.629356"><ele>1909.3</ele></trkpt>
    <trkpt lat="46.648310" lon="8.629384"><ele>1909.5</ele></trkpt>
    <trkpt lat="46.648331" lon="8.629412"><ele>1909.7</ele></trkpt>
    <trkpt lat="46.648352" lon="8.629436"><ele>1909.9</ele></trkpt>
    <trkpt lat="46.648372" lon="8.629466"><ele>1910.2</ele></trkpt>
    <trkpt lat="46.648390" lon="8.629493"><ele>1910.4</ele></trkpt>
    <trkpt lat="46.648410" lon="8.629520"><ele>1910.6</ele></trkpt>
    <trkpt lat="46.648429" lon="8.629545"><ele>1910.8</ele></trkpt>
    <trkpt lat="46.648446" lon="8.629566"><ele>1910.9</ele></trkpt>
    <trkpt lat="46.648465" lon="8.629592"><ele>1911.1</ele></trkpt>
    <trkpt lat="46.648486" lon="8.629619"><ele>1911.4</ele></trkpt>
    <trkpt lat="46.648504" lon="8.629642"><ele>1911.6</ele></trkpt>
    <trkpt lat="46.648522" lon="8.629667"><ele>1911.7</ele></trkpt>
    <trkpt lat="46.648543" lon="8.629692"><ele>1912.0</ele></trkpt>
    <trkpt lat="46.648560" lon="8.629715"><ele>1912.1</ele></trkpt>
    <trkpt lat="46.648577" lon="8.629744"><ele>1912.3</ele></trkpt>
    <trkpt lat="46.648594" lon="8.629773"><ele>1912.5</ele></trkpt>
    <trkpt lat="46.648612" lon="8.629800"><ele>1912.7</ele></trkpt>
    <trkpt lat="46.648631" lon="8.629829"><ele>1913.0</ele></trkpt>
    <trkpt lat="46.648650" lon="8.629857"><ele>1913.2</ele></trkpt>
    <trkpt lat="46.648668" lon="8.629880"><ele>1913.4</ele></trkpt>
    <trkpt lat="46.648684" lon="8.629903"><ele>1913.5</ele></trkpt>
    <trkpt lat="46.648701" lon="8.629931"><ele>1913.7</ele></trkpt>
    <trkpt lat="46.648718" lon="8.629957"><ele>1913.9</ele></trkpt>
    <trkpt lat="46.648734" lon="8.629986"><ele>1914.1</ele></trkpt>
    <trkpt lat="46.648753" lon="8.630015"><ele>1914.3</ele></trkpt>
    <trkpt lat="46.648773" lon="8.630042"><ele>1914.5</ele></trkpt>
    <trkpt lat="46.648794" lon="8.630066"><ele>1914.7</ele></trkpt>
    <trkpt lat="46.648814" lon="8.630092"><ele>1914.9</ele></trkpt>
    <trkpt lat="46.648834" lon="8.630116"><ele>1915.1</ele></trkpt>
    <trkpt lat="46.648853" lon="8.630141"><ele>1915.3</ele></trkpt>
    <trkpt lat="46.648873" lon="8.630165"><ele>1915.5</ele></trkpt>
    <trkpt lat="46.648891" lon="8.630192"><ele>1915.7</ele></trkpt>
    <trkpt lat="46.648912" lon="8.630222"><ele>1915.9</ele></trkpt>
    <trkpt lat="46.648932" lon="8.630247"><ele>1916.1</ele></trkpt>
    <trkpt lat="46.648951" lon="8.630272"><ele>1916.3</ele></trkpt>
    <trkpt lat="46.648970" lon="8.630296"><ele>1916.5</ele></trkpt>
    <trkpt lat="46.648988" lon="8.630326"><ele>1916.7</ele></trkpt>
    <trkpt lat="46.649008" lon="8.630349"><ele>1916.9</ele></trkpt>
    <trkpt lat="46.649026" lon="8.630373"><ele>1917.1</ele></trkpt>
    <trkpt lat="46.649044" lon="8.630401"><ele>1917.3</ele></trkpt>
    <trkpt lat="46.649061" lon="8.630430"><ele>1917.5</ele></trkpt>
    <trkpt lat="46.649078" lon="8.630462"><ele>1917.7</ele></trkpt>
    <trkpt lat="46.649099" lon="8.630491"><ele>1917.9</ele></trkpt>
    <trkpt lat="46.649120" lon="8.630513"><ele>1918.1</ele></trkpt>
    <trkpt lat="46.649138" lon="8.630536"><ele>1918.3</ele></trkpt>
    <trkpt lat="46.649155" lon="8.630565"><ele>1918.5</ele></trkpt>
    <trkpt lat="46.649174" lon="8.630591"><ele>1918.6</ele></trkpt>
    <trkpt lat="46.649194" lon="8.630620"><ele>1918.9</ele></trkpt>
    <trkpt lat="46.649211" lon="8.630643"><ele>1919.0</ele></trkpt>
    <trkpt lat="46.649226" lon="8.630665"><ele>1919.2</ele></trkpt>
    <trkpt lat="46.649243" lon="8.630690"><ele>1919.4</ele></trkpt>
    <trkpt lat="46.649261" lon="8.630718"><ele>1919.6</ele></trkpt>
    <trkpt lat="46.649281" lon="8.630743"><ele>1919.8</ele></trkpt>
    <trkpt lat="46.649300" lon="8.630768"><ele>1920.0</ele></trkpt>
    <trkpt lat="46.649318" lon="8.630796"><ele>1920.2</ele></trkpt>
    <trkpt lat="46.649336" lon="8.630819"><ele>1920.3</ele></trkpt>
    <trkpt lat="46.649354" lon="8.630844"><ele>1920.5</ele></trkpt>
    <trkpt lat="46.649373" lon="8.630867"><ele>1920.7</ele></trkpt>
    <trkpt lat="46.649391" lon="8.630895"><ele>1920.9</ele></trkpt>
    <trkpt lat="46.649410" lon="8.630923"><ele>1921.1</ele></trkpt>
    <trkpt lat="46.649429" lon="8.630950"><ele>1921.3</ele></trkpt>
    <trkpt lat="46.649451" lon="8.630974"><ele>1921.5</ele></trkpt>
    <trkpt lat="46.649472" lon="8.630998"><ele>1921.7</ele></trkpt>
    <trkpt lat="46.649490" lon="8.631023"><ele>1921.9</ele></trkpt>
    <trkpt lat="46.649507" lon="8.631050"><ele>1922.1</ele></trkpt>
    <trkpt lat="46.649523" lon="8.631078"><ele>1922.3</ele></trkpt>
    <trkpt lat="46.649543" lon="8.631104"><ele>1922.5</ele></trkpt>
    <trkpt lat="46.649563" lon="8.631131"><ele>1922.7</ele></trkpt>
    <trkpt lat="46.649581" lon="8.631156"><ele>1922.9</ele></trkpt>
    <trkpt lat="46.649597" lon="8.631179"><ele>1923.0</ele></trkpt>
    <trkpt lat="46.649614" lon="8.631206"><ele>1923.2</ele></trkpt>
    <trkpt lat="46.649632" lon="8.631233"><ele>1923.4</ele></trkpt>
    <trkpt lat="46.649653" lon="8.631260"><ele>1923.6</ele></trkpt>
    <trkpt lat="46.649671" lon="8.631284"><ele>1923.8</ele></trkpt>
    <trkpt lat="46.649688" lon="8.631312"><ele>1924.0</ele></trkpt>
    <trkpt lat="46.649703" lon="8.631340"><ele>1924.2</ele></trkpt>
    <trkpt lat="46.649723" lon="8.631366"><ele>1924.4</ele></trkpt>
    <trkpt lat="46.649741" lon="8.631390"><ele>1924.6</ele></trkpt>
    <trkpt lat="46.649763" lon="8.631415"><ele>1924.8</ele></trkpt>
    <trkpt lat="46.649784" lon="8.631440"><ele>1925.0</ele></trkpt>
    <trkpt lat="46.649804" lon="8.631467"><ele>1925.2</ele></trkpt>
    <trkpt lat="46.649822" lon="8.631492"><ele>1925.4</ele></trkpt>
    <trkpt lat="46.649844" lon="8.631518"><ele>1925.6</ele></trkpt>
    <trkpt lat="46.649866" lon="8.631541"><ele>1925.8</ele></trkpt>
    <trkpt lat="46.649887" lon="8.631562"><ele>1926.0</ele></trkpt>
    <trkpt lat="46.649906" lon="8.631583"><ele>1926.2</ele></trkpt>
    <trkpt lat="46.649926" lon="8.631605"><ele>1926.3</ele></trkpt>
    <trkpt lat="46.649944" lon="8.631630"><ele>1926.5</ele></trkpt>
    <trkpt lat="46.649965" lon="8.631655"><ele>1926.7</ele></trkpt>
    <trkpt lat="46.649985" lon="8.631680"><ele>1926.9</ele></trkpt>
    <trkpt lat="46.650005" lon="8.631704"><ele>1927.1</ele></trkpt>
    <trkpt lat="46.650022" lon="8.631728"><ele>1927.3</ele></trkpt>
    <trkpt lat="46.650040" lon="8.631749"><ele>1927.5</ele></trkpt>
    <trkpt lat="46.650057" lon="8.631770"><ele>1927.6</ele></trkpt>
    <trkpt lat="46.650076" lon="8.631789"><ele>1927.8</ele></trkpt>
    <trkpt lat="46.650094" lon="8.631810"><ele>1928.0</ele></trkpt>
    <trkpt lat="46.650114" lon="8.631831"><ele>1928.1</ele></trkpt>
    <trkpt lat="46.650133" lon="8.631857"><ele>1928.3</ele></trkpt>
    <trkpt lat="46.650151" lon="8.631882"><ele>1928.5</ele></trkpt>
    <trkpt lat="46.650173" lon="8.631905"><ele>1928.7</ele></trkpt>
    <trkpt lat="46.650192" lon="8.631923"><ele>1928.9</ele></trkpt>
    <trkpt lat="46.650214" lon="8.631944"><ele>1929.1</ele></trkpt>
    <trkpt lat="46.650235" lon="8.631969"><ele>1929.3</ele></trkpt>
    <trkpt lat="46.650254" lon="8.631993"><ele>1929.5</ele></trkpt>
    <trkpt lat="46.650274" lon="8.632014"><ele>1929.6</ele></trkpt>
    <trkpt lat="46.650295" lon="8.632031"><ele>1929.8</ele></trkpt>
    <trkpt lat="46.650315" lon="8.632053"><ele>1930.0</ele></trkpt>
    <trkpt lat="46.650336" lon="8.632074"><ele>1930.2</ele></trkpt>
    <trkpt lat="46.650354" lon="8.632095"><ele>1930.3</ele></trkpt>
    <trkpt lat="46.650371" lon="8.632115"><ele>1930.5</ele></trkpt>
    <trkpt lat="46.650388" lon="8.632138"><ele>1930.7</ele></trkpt>
    <trkpt lat="46.650406" lon="8.632157"><ele>1930.8</ele></trkpt>
    <trkpt lat="46.650421" lon="8.632180"><ele>1931.0</ele></trkpt>
    <trkpt lat="46.650437" lon="8.632201"><ele>1931.2</ele></trkpt>
    <trkpt lat="46.650456" lon="8.632220"><ele>1931.3</ele></trkpt>
    <trkpt lat="46.650476" lon="8.632242"><ele>1931.5</ele></trkpt>
    <trkpt lat="46.650493" lon="8.632268"><ele>1931.7</ele></trkpt>
    <trkpt lat="46.650511" lon="8.632296"><ele>1931.9</ele></trkpt>
    <trkpt lat="46.650533" lon="8.632320"><ele>1932.1</ele></trkpt>
    <trkpt lat="46.650552" lon="8.632343"><ele>1932.3</ele></trkpt>
    <trkpt lat="46.650573" lon="8.632364"><ele>1932.4</ele></trkpt>
    <trkpt lat="46.650589" lon="8.632390"><ele>1932.6</ele></trkpt>
    <trkpt lat="46.650609" lon="8.632415"><ele>1932.8</ele></trkpt>
    <trkpt lat="46.650628" lon="8.632436"><ele>1933.0</ele></trkpt>
    <trkpt lat="46.650650" lon="8.632454"><ele>1933.2</ele></trkpt>
    <trkpt lat="46.650668" lon="8.632480"><ele>1933.4</ele></trkpt>
    <trkpt lat="46.650692" lon="8.632501"><ele>1933.6</ele></trkpt>
    <trkpt lat="46.650712" lon="8.632521"><ele>1933.7</ele></trkpt>
    <trkpt lat="46.650733" lon="8.632542"><ele>1933.9</ele></trkpt>
    <trkpt lat="46.650753" lon="8.632564"><ele>1934.1</ele></trkpt>
    <trkpt lat="46.650774" lon="8.632585"><ele>1934.3</ele></trkpt>
    <trkpt lat="46.650795" lon="8.632604"><ele>1934.5</ele></trkpt>
    <trkpt lat="46.650815" lon="8.632620"><ele>1934.6</ele></trkpt>
    <trkpt lat="46.650837" lon="8.632642"><ele>1934.8</ele></trkpt>
    <trkpt lat="46.650857" lon="8.632665"><ele>1935.0</ele></trkpt>
    <trkpt lat="46.650877" lon="8.632685"><ele>1935.2</ele></trkpt>
    <trkpt lat="46.650896" lon="8.632703"><ele>1935.4</ele></trkpt>
    <trkpt lat="46.650915" lon="8.632720"><ele>1935.5</ele></trkpt>
    <trkpt lat="46.650936" lon="8.632740"><ele>1935.7</ele></trkpt>
    <trkpt lat="46.650955" lon="8.632766"><ele>1935.9</ele></trkpt>
    <trkpt lat="46.650976" lon="8.632788"><ele>1936.1</ele></trkpt>
    <trkpt lat="46.650994" lon="8.632811"><ele>1936.3</ele></trkpt>
    <trkpt lat="46.651013" lon="8.632834"><ele>1936.4</ele></trkpt>
    <trkpt lat="46.651034" lon="8.632856"><ele>1936.6</ele></trkpt>
    <trkpt lat="46.651055" lon="8.632871"><ele>1936.8</ele></trkpt>
    <trkpt lat="46.651077" lon="8.632889"><ele>1937.0</ele></trkpt>
    <trkpt lat="46.651099" lon="8.632907"><ele>1937.2</ele></trkpt>
    <trkpt lat="46.651119" lon="8.632932"><ele>1937.4</ele></trkpt>
    <trkpt lat="46.651139" lon="8.632957"><ele>1937.6</ele></trkpt>
    <trkpt lat="46.651162" lon="8.632978"><ele>1937.7</ele></trkpt>
    <trkpt lat="46.651186" lon="8.633001"><ele>1938.0</ele></trkpt>
    <trkpt lat="46.651211" lon="8.633022"><ele>1938.2</ele></trkpt>
    <trkpt lat="46.651233" lon="8.633042"><ele>1938.4</ele></trkpt>
    <trkpt lat="46.651255" lon="8.633068"><ele>1938.6</ele></trkpt>
    <trkpt lat="46.651275" lon="8.633091"><ele>1938.7</ele></trkpt>
    <trkpt lat="46.651295" lon="8.633115"><ele>1938.9</ele></trkpt>
    <trkpt lat="46.651314" lon="8.633140"><ele>1939.1</ele></trkpt>
    <trkpt lat="46.651335" lon="8.633163"><ele>1939.3</ele></trkpt>
    <trkpt lat="46.651355" lon="8.633186"><ele>1939.5</ele></trkpt>
    <trkpt lat="46.651376" lon="8.633209"><ele>1939.7</ele></trkpt>
    <trkpt lat="46.651399" lon="8.633231"><ele>1939.9</ele></trkpt>
    <trkpt lat="46.651420" lon="8.633254"><ele>1940.1</ele></trkpt>
    <trkpt lat="46.651442" lon="8.633274"><ele>1940.3</ele></trkpt>
    <trkpt lat="46.651463" lon="8.633292"><ele>1940.5</ele></trkpt>
    <trkpt lat="46.651487" lon="8.633315"><ele>1940.6</ele></trkpt>
    <trkpt lat="46.651509" lon="8.633339"><ele>1940.8</ele></trkpt>
    <trkpt lat="46.651530" lon="8.633362"><ele>1941.0</ele></trkpt>
    <trkpt lat="46.651552" lon="8.633385"><ele>1941.2</ele></trkpt>
    <trkpt lat="46.651576" lon="8.633408"><ele>1941.3</ele></trkpt>
    <trkpt lat="46.651601" lon="8.633434"><ele>1941.5</ele></trkpt>
    <trkpt lat="46.651625" lon="8.633460"><ele>1941.7</ele></trkpt>
    <trkpt lat="46.651648" lon="8.633486"><ele>1941.9</ele></trkpt>
    <trkpt lat="46.651673" lon="8.633510"><ele>1942.1</ele></trkpt>
    <trkpt lat="46.651694" lon="8.633535"><ele>1942.3</ele></trkpt>
    <trkpt lat="46.651717" lon="8.633563"><ele>1942.5</ele></trkpt>
    <trkpt lat="46.651740" lon="8.633587"><ele>1942.6</ele></trkpt>
    <trkpt lat="46.651761" lon="8.633614"><ele>1942.8</ele></trkpt>
    <trkpt lat="46.651785" lon="8.633644"><ele>1943.0</ele></trkpt>
    <trkpt lat="46.651805" lon="8.633671"><ele>1943.2</ele></trkpt>
    <trkpt lat="46.651828" lon="8.633697"><ele>1943.4</ele></trkpt>
    <trkpt lat="46.651849" lon="8.633720"><ele>1943.5</ele></trkpt>
    <trkpt lat="46.651869" lon="8.633741"><ele>1943.7</ele></trkpt>
    <trkpt lat="46.651890" lon="8.633765"><ele>1943.9</ele></trkpt>
    <trkpt lat="46.651911" lon="8.633791"><ele>1944.0</ele></trkpt>
    <trkpt lat="46.651934" lon="8.633819"><ele>1944.2</ele></trkpt>
    <trkpt lat="46.651959" lon="8.633844"><ele>1944.4</ele></trkpt>
    <trkpt lat="46.651980" lon="8.633865"><ele>1944.6</ele></trkpt>
    <trkpt lat="46.652000" lon="8.633887"><ele>1944.8</ele></trkpt>
    <trkpt lat="46.652020" lon="8.633917"><ele>1944.9</ele></trkpt>
    <trkpt lat="46.652039" lon="8.633948"><ele>1945.1</ele></trkpt>
    <trkpt lat="46.652061" lon="8.633976"><ele>1945.3</ele></trkpt>
    <trkpt lat="46.652083" lon="8.634004"><ele>1945.5</ele></trkpt>
    <trkpt lat="46.652104" lon="8.634029"><ele>1945.7</ele></trkpt>
    <trkpt lat="46.652124" lon="8.634056"><ele>1945.8</ele></trkpt>
    <trkpt lat="46.652141" lon="8.634082"><ele>1946.0</ele></trkpt>
    <trkpt lat="46.652163" lon="8.634112"><ele>1946.2</ele></trkpt>
    <trkpt lat="46.652186" lon="8.634140"><ele>1946.4</ele></trkpt>
    <trkpt lat="46.652207" lon="8.634169"><ele>1946.6</ele></trkpt>
    <trkpt lat="46.652225" lon="8.634201"><ele>1946.7</ele></trkpt>
    <trkpt lat="46.652243" lon="8.634232"><ele>1946.9</ele></trkpt>
    <trkpt lat="46.652263" lon="8.634262"><ele>1947.1</ele></trkpt>
    <trkpt lat="46.652284" lon="8.634293"><ele>1947.3</ele></trkpt>
    <trkpt lat="46.652307" lon="8.634324"><ele>1947.5</ele></trkpt>
    <trkpt lat="46.652328" lon="8.634349"><ele>1947.7</ele></trkpt>
    <trkpt lat="46.652351" lon="8.634378"><ele>1947.9</ele></trkpt>
    <trkpt lat="46.652372" lon="8.634407"><ele>1948.0</ele></trkpt>
    <trkpt lat="46.652392" lon="8.634434"><ele>1948.2</ele></trkpt>
    <trkpt lat="46.652412" lon="8.634462"><ele>1948.4</ele></trkpt>
    <trkpt lat="46.652433" lon="8.634491"><ele>1948.6</ele></trkpt>
    <trkpt lat="46.652454" lon="8.634520"><ele>1948.8</ele></trkpt>
    <trkpt lat="46.652472" lon="8.634548"><ele>1948.9</ele></trkpt>
    <trkpt lat="46.652490" lon="8.634576"><ele>1949.1</ele></trkpt>
    <trkpt lat="46.652509" lon="8.634606"><ele>1949.3</ele></trkpt>
    <trkpt lat="46.652528" lon="8.634637"><ele>1949.5</ele></trkpt>
    <trkpt lat="46.652548" lon="8.634670"><ele>1949.6</ele></trkpt>
    <trkpt lat="46.652567" lon="8.634701"><ele>1949.8</ele></trkpt>
    <trkpt lat="46.652584" lon="8.634727"><ele>1950.0</ele></trkpt>
    <trkpt lat="46.652603" lon="8.634756"><ele>1950.2</ele></trkpt>
    <trkpt lat="46.652622" lon="8.634788"><ele>1950.3</ele></trkpt>
    <trkpt lat="46.652639" lon="8.634820"><ele>1950.5</ele></trkpt>
    <trkpt lat="46.652657" lon="8.634852"><ele>1950.7</ele></trkpt>
    <trkpt lat="46.652678" lon="8.634884"><ele>1950.9</ele></trkpt>
    <trkpt lat="46.652697" lon="8.634917"><ele>1951.1</ele></trkpt>
    <trkpt lat="46.652715" lon="8.634947"><ele>1951.3</ele></trkpt>
    <trkpt lat="46.652732" lon="8.634978"><ele>1951.4</ele></trkpt>
    <trkpt lat="46.652749" lon="8.635012"><ele>1951.6</ele></trkpt>
    <trkpt lat="46.652767" lon="8.635047"><ele>1951.8</ele></trkpt>
    <trkpt lat="46.652784" lon="8.635081"><ele>1952.0</ele></trkpt>
    <trkpt lat="46.652805" lon="8.635112"><ele>1952.2</ele></trkpt>
    <trkpt lat="46.652822" lon="8.635143"><ele>1952.3</ele></trkpt>
    <trkpt lat="46.652840" lon="8.635175"><ele>1952.5</ele></trkpt>
    <trkpt lat="46.652858" lon="8.635205"><ele>1952.6</ele></trkpt>
    <trkpt lat="46.652876" lon="8.635235"><ele>1952.8</ele></trkpt>
    <trkpt lat="46.652894" lon="8.635268"><ele>1953.0</ele></trkpt>
    <trkpt lat="46.652911" lon="8.635300"><ele>1953.1</ele></trkpt>
    <trkpt lat="46.652930" lon="8.635327"><ele>1953.3</ele></trkpt>
    <trkpt lat="46.652951" lon="8.635356"><ele>1953.4</ele></trkpt>
    <trkpt lat="46.652969" lon="8.635384"><ele>1953.6</ele></trkpt>
    <trkpt lat="46.652985" lon="8.635420"><ele>1953.8</ele></trkpt>
    <trkpt lat="46.652999" lon="8.635449"><ele>1953.9</ele></trkpt>
    <trkpt lat="46.653014" lon="8.635482"><ele>1954.1</ele></trkpt>
    <trkpt lat="46.653027" lon="8.635512"><ele>1954.2</ele></trkpt>
    <trkpt lat="46.653045" lon="8.635547"><ele>1954.4</ele></trkpt>
    <trkpt lat="46.653063" lon="8.635583"><ele>1954.5</ele></trkpt>
    <trkpt lat="46.653078" lon="8.635617"><ele>1954.7</ele></trkpt>
    <trkpt lat="46.653095" lon="8.635649"><ele>1954.9</ele></trkpt>
    <trkpt lat="46.653112" lon="8.635681"><ele>1955.0</ele></trkpt>
    <trkpt lat="46.653127" lon="8.635714"><ele>1955.2</ele></trkpt>
    <trkpt lat="46.653143" lon="8.635747"><ele>1955.3</ele></trkpt>
    <trkpt lat="46.653158" lon="8.635777"><ele>1955.5</ele></trkpt>
    <trkpt lat="46.653174" lon="8.635812"><ele>1955.7</ele></trkpt>
    <trkpt lat="46.653189" lon="8.635846"><ele>1955.8</ele></trkpt>
    <trkpt lat="46.653204" lon="8.635879"><ele>1956.0</ele></trkpt>
    <trkpt lat="46.653218" lon="8.635913"><ele>1956.1</ele></trkpt>
    <trkpt lat="46.653228" lon="8.635946"><ele>1956.3</ele></trkpt>
    <trkpt lat="46.653241" lon="8.635980"><ele>1956.4</ele></trkpt>
    <trkpt lat="46.653256" lon="8.636016"><ele>1956.6</ele></trkpt>
    <trkpt lat="46.653270" lon="8.636053"><ele>1956.8</ele></trkpt>
    <trkpt lat="46.653284" lon="8.636089"><ele>1956.9</ele></trkpt>
    <trkpt lat="46.653299" lon="8.636125"><ele>1957.1</ele></trkpt>
    <trkpt lat="46.653311" lon="8.636158"><ele>1957.2</ele></trkpt>
    <trkpt lat="46.653324" lon="8.636191"><ele>1957.4</ele></trkpt>
    <trkpt lat="46.653337" lon="8.636229"><ele>1957.6</ele></trkpt>
    <trkpt lat="46.653351" lon="8.636261"><ele>1957.7</ele></trkpt>
    <trkpt lat="46.653365" lon="8.636295"><ele>1957.9</ele></trkpt>
    <trkpt lat="46.653380" lon="8.636330"><ele>1958.0</ele></trkpt>
    <trkpt lat="46.653393" lon="8.636367"><ele>1958.2</ele></trkpt>
    <trkpt lat="46.653407" lon="8.636402"><ele>1958.4</ele></trkpt>
    <trkpt lat="46.653422" lon="8.636437"><ele>1958.5</ele></trkpt>
    <trkpt lat="46.653438" lon="8.636472"><ele>1958.7</ele></trkpt>
    <trkpt lat="46.653455" lon="8.636507"><ele>1958.9</ele></trkpt>
    <trkpt lat="46.653469" lon="8.636541"><ele>1959.0</ele></trkpt>
    <trkpt lat="46.653485" lon="8.636576"><ele>1959.2</ele></trkpt>
    <trkpt lat="46.653501" lon="8.636611"><ele>1959.4</ele></trkpt>
    <trkpt lat="46.653518" lon="8.636644"><ele>1959.5</ele></trkpt>
    <trkpt lat="46.653535" lon="8.636680"><ele>1959.7</ele></trkpt>
    <trkpt lat="46.653552" lon="8.636713"><ele>1959.9</ele></trkpt>
    <trkpt lat="46.653569" lon="8.636743"><ele>1960.0</ele></trkpt>
    <trkpt lat="46.653585" lon="8.636772"><ele>1960.2</ele></trkpt>
    <trkpt lat="46.653603" lon="8.636804"><ele>1960.3</ele></trkpt>
    <trkpt lat="46.653620" lon="8.636835"><ele>1960.5</ele></trkpt>
    <trkpt lat="46.653641" lon="8.636866"><ele>1960.6</ele></trkpt>
    <trkpt lat="46.653663" lon="8.636900"><ele>1960.8</ele></trkpt>
    <trkpt lat="46.653682" lon="8.636934"><ele>1961.0</ele></trkpt>
    <trkpt lat="46.653704" lon="8.636967"><ele>1961.2</ele></trkpt>
    <trkpt lat="46.653725" lon="8.636998"><ele>1961.4</ele></trkpt>
    <trkpt lat="46.653746" lon="8.637027"><ele>1961.5</ele></trkpt>
    <trkpt lat="46.653768" lon="8.637053"><ele>1961.7</ele></trkpt>
    <trkpt lat="46.653790" lon="8.637080"><ele>1961.9</ele></trkpt>
    <trkpt lat="46.653814" lon="8.637108"><ele>1962.0</ele></trkpt>
    <trkpt lat="46.653838" lon="8.637137"><ele>1962.2</ele></trkpt>
    <trkpt lat="46.653861" lon="8.637167"><ele>1962.4</ele></trkpt>
    <trkpt lat="46.653884" lon="8.637194"><ele>1962.6</ele></trkpt>
    <trkpt lat="46.653907" lon="8.637216"><ele>1962.7</ele></trkpt>
    <trkpt lat="46.653930" lon="8.637240"><ele>1962.9</ele></trkpt>
    <trkpt lat="46.653952" lon="8.637264"><ele>1963.0</ele></trkpt>
    <trkpt lat="46.653975" lon="8.637285"><ele>1963.2</ele></trkpt>
    <trkpt lat="46.653999" lon="8.637307"><ele>1963.4</ele></trkpt>
    <trkpt lat="46.654027" lon="8.637330"><ele>1963.6</ele></trkpt>
    <trkpt lat="46.654055" lon="8.637355"><ele>1963.7</ele></trkpt>
    <trkpt lat="46.654081" lon="8.637380"><ele>1963.9</ele></trkpt>
    <trkpt lat="46.654108" lon="8.637403"><ele>1964.1</ele></trkpt>
    <trkpt lat="46.654136" lon="8.637422"><ele>1964.3</ele></trkpt>
    <trkpt lat="46.654164" lon="8.637442"><ele>1964.5</ele></trkpt>
    <trkpt lat="46.654192" lon="8.637461"><ele>1964.6</ele></trkpt>
    <trkpt lat="46.654220" lon="8.637481"><ele>1964.8</ele></trkpt>
    <trkpt lat="46.654249" lon="8.637500"><ele>1965.0</ele></trkpt>
    <trkpt lat="46.654278" lon="8.637518"><ele>1965.2</ele></trkpt>
    <trkpt lat="46.654306" lon="8.637535"><ele>1965.4</ele></trkpt>
    <trkpt lat="46.654335" lon="8.637552"><ele>1965.5</ele></trkpt>
    <trkpt lat="46.654365" lon="8.637570"><ele>1965.7</ele></trkpt>
    <trkpt lat="46.654393" lon="8.637589"><ele>1965.9</ele></trkpt>
    <trkpt lat="46.654421" lon="8.637610"><ele>1966.1</ele></trkpt>
    <trkpt lat="46.654449" lon="8.637631"><ele>1966.3</ele></trkpt>
    <trkpt lat="46.654478" lon="8.637650"><ele>1966.5</ele></trkpt>
    <trkpt lat="46.654505" lon="8.637668"><ele>1966.6</ele></trkpt>
    <trkpt lat="46.654532" lon="8.637687"><ele>1966.8</ele></trkpt>
    <trkpt lat="46.654560" lon="8.637705"><ele>1967.0</ele></trkpt>
    <trkpt lat="46.654589" lon="8.637723"><ele>1967.2</ele></trkpt>
    <trkpt lat="46.654615" lon="8.637744"><ele>1967.3</ele></trkpt>
    <trkpt lat="46.654642" lon="8.637766"><ele>1967.5</ele></trkpt>
    <trkpt lat="46.654668" lon="8.637788"><ele>1967.7</ele></trkpt>
    <trkpt lat="46.654694" lon="8.637811"><ele>1967.9</ele></trkpt>
    <trkpt lat="46.654719" lon="8.637833"><ele>1968.0</ele></trkpt>
    <trkpt lat="46.654744" lon="8.637855"><ele>1968.2</ele></trkpt>
    <trkpt lat="46.654769" lon="8.637878"><ele>1968.4</ele></trkpt>
    <trkpt lat="46.654794" lon="8.637902"><ele>1968.5</ele></trkpt>
    <trkpt lat="46.654817" lon="8.637930"><ele>1968.7</ele></trkpt>
    <trkpt lat="46.654839" lon="8.637957"><ele>1968.9</ele></trkpt>
    <trkpt lat="46.654864" lon="8.637986"><ele>1969.1</ele></trkpt>
    <trkpt lat="46.654888" lon="8.638012"><ele>1969.2</ele></trkpt>
    <trkpt lat="46.654914" lon="8.638042"><ele>1969.4</ele></trkpt>
    <trkpt lat="46.654939" lon="8.638068"><ele>1969.6</ele></trkpt>
    <trkpt lat="46.654962" lon="8.638097"><ele>1969.8</ele></trkpt>
    <trkpt lat="46.654985" lon="8.638126"><ele>1970.0</ele></trkpt>
    <trkpt lat="46.655008" lon="8.638156"><ele>1970.1</ele></trkpt>
    <trkpt lat="46.655027" lon="8.638180"><ele>1970.3</ele></trkpt>
    <trkpt lat="46.655046" lon="8.638207"><ele>1970.4</ele></trkpt>
    <trkpt lat="46.655065" lon="8.638236"><ele>1970.6</ele></trkpt>
    <trkpt lat="46.655083" lon="8.638270"><ele>1970.8</ele></trkpt>
    <trkpt lat="46.655101" lon="8.638303"><ele>1970.9</ele></trkpt>
    <trkpt lat="46.655118" lon="8.638341"><ele>1971.1</ele></trkpt>
    <trkpt lat="46.655136" lon="8.638377"><ele>1971.3</ele></trkpt>
    <trkpt lat="46.655155" lon="8.638413"><ele>1971.5</ele></trkpt>
    <trkpt lat="46.655175" lon="8.638448"><ele>1971.7</ele></trkpt>
    <trkpt lat="46.655194" lon="8.638485"><ele>1971.8</ele></trkpt>
    <trkpt lat="46.655211" lon="8.638523"><ele>1972.0</ele></trkpt>
    <trkpt lat="46.655227" lon="8.638560"><ele>1972.2</ele></trkpt>
    <trkpt lat="46.655243" lon="8.638596"><ele>1972.4</ele></trkpt>
    <trkpt lat="46.655257" lon="8.638632"><ele>1972.5</ele></trkpt>
    <trkpt lat="46.655271" lon="8.638669"><ele>1972.7</ele></trkpt>
    <trkpt lat="46.655285" lon="8.638710"><ele>1972.9</ele></trkpt>
    <trkpt lat="46.655301" lon="8.638747"><ele>1973.1</ele></trkpt>
    <trkpt lat="46.655318" lon="8.638786"><ele>1973.2</ele></trkpt>
    <trkpt lat="46.655333" lon="8.638826"><ele>1973.4</ele></trkpt>
    <trkpt lat="46.655347" lon="8.638868"><ele>1973.6</ele></trkpt>
    <trkpt lat="46.655361" lon="8.638909"><ele>1973.8</ele></trkpt>
    <trkpt lat="46.655376" lon="8.638948"><ele>1974.0</ele></trkpt>
    <trkpt lat="46.655388" lon="8.638986"><ele>1974.2</ele></trkpt>
    <trkpt lat="46.655400" lon="8.639026"><ele>1974.3</ele></trkpt>
    <trkpt lat="46.655413" lon="8.639065"><ele>1974.5</ele></trkpt>
    <trkpt lat="46.655425" lon="8.639105"><ele>1974.7</ele></trkpt>
    <trkpt lat="46.655438" lon="8.639146"><ele>1974.9</ele></trkpt>
    <trkpt lat="46.655438" lon="8.639146"><ele>1974.9</ele></trkpt>
    <trkpt lat="46.655462" lon="8.639225"><ele>1975.2</ele></trkpt>
    <trkpt lat="46.655473" lon="8.639266"><ele>1975.4</ele></trkpt>
    <trkpt lat="46.655484" lon="8.639308"><ele>1975.6</ele></trkpt>
    <trkpt lat="46.655491" lon="8.639347"><ele>1975.7</ele></trkpt>
    <trkpt lat="46.655500" lon="8.639389"><ele>1975.9</ele></trkpt>
    <trkpt lat="46.655508" lon="8.639430"><ele>1976.1</ele></trkpt>
    <trkpt lat="46.655517" lon="8.639473"><ele>1976.3</ele></trkpt>
    <trkpt lat="46.655527" lon="8.639512"><ele>1976.4</ele></trkpt>
    <trkpt lat="46.655536" lon="8.639556"><ele>1976.6</ele></trkpt>
    <trkpt lat="46.655545" lon="8.639598"><ele>1976.8</ele></trkpt>
    <trkpt lat="46.655556" lon="8.639641"><ele>1977.0</ele></trkpt>
    <trkpt lat="46.655564" lon="8.639683"><ele>1977.2</ele></trkpt>
    <trkpt lat="46.655574" lon="8.639726"><ele>1977.4</ele></trkpt>
    <trkpt lat="46.655584" lon="8.639768"><ele>1977.5</ele></trkpt>
    <trkpt lat="46.655596" lon="8.639809"><ele>1977.7</ele></trkpt>
    <trkpt lat="46.655606" lon="8.639853"><ele>1977.9</ele></trkpt>
    <trkpt lat="46.655615" lon="8.639896"><ele>1978.1</ele></trkpt>
    <trkpt lat="46.655624" lon="8.639938"><ele>1978.3</ele></trkpt>
    <trkpt lat="46.655632" lon="8.639982"><ele>1978.5</ele></trkpt>
    <trkpt lat="46.655641" lon="8.640022"><ele>1978.6</ele></trkpt>
    <trkpt lat="46.655652" lon="8.640065"><ele>1978.8</ele></trkpt>
    <trkpt lat="46.655662" lon="8.640107"><ele>1979.0</ele></trkpt>
    <trkpt lat="46.655670" lon="8.640145"><ele>1979.2</ele></trkpt>
    <trkpt lat="46.655679" lon="8.640185"><ele>1979.3</ele></trkpt>
    <trkpt lat="46.655689" lon="8.640229"><ele>1979.5</ele></trkpt>
    <trkpt lat="46.655698" lon="8.640272"><ele>1979.7</ele></trkpt>
    <trkpt lat="46.655706" lon="8.640317"><ele>1979.9</ele></trkpt>
    <trkpt lat="46.655714" lon="8.640365"><ele>1980.1</ele></trkpt>
    <trkpt lat="46.655723" lon="8.640412"><ele>1980.3</ele></trkpt>
    <trkpt lat="46.655733" lon="8.640456"><ele>1980.5</ele></trkpt>
    <trkpt lat="46.655742" lon="8.640500"><ele>1980.7</ele></trkpt>
    <trkpt lat="46.655750" lon="8.640542"><ele>1980.8</ele></trkpt>
    <trkpt lat="46.655760" lon="8.640586"><ele>1981.0</ele></trkpt>
    <trkpt lat="46.655769" lon="8.640628"><ele>1981.2</ele></trkpt>
    <trkpt lat="46.655777" lon="8.640673"><ele>1981.4</ele></trkpt>
    <trkpt lat="46.655785" lon="8.640719"><ele>1981.6</ele></trkpt>
    <trkpt lat="46.655795" lon="8.640764"><ele>1981.8</ele></trkpt>
    <trkpt lat="46.655806" lon="8.640808"><ele>1982.0</ele></trkpt>
    <trkpt lat="46.655817" lon="8.640852"><ele>1982.2</ele></trkpt>
    <trkpt lat="46.655828" lon="8.640899"><ele>1982.4</ele></trkpt>
    <trkpt lat="46.655840" lon="8.640943"><ele>1982.5</ele></trkpt>
    <trkpt lat="46.655851" lon="8.640990"><ele>1982.7</ele></trkpt>
    <trkpt lat="46.655862" lon="8.641037"><ele>1982.9</ele></trkpt>
    <trkpt lat="46.655874" lon="8.641080"><ele>1983.1</ele></trkpt>
    <trkpt lat="46.655883" lon="8.641127"><ele>1983.3</ele></trkpt>
    <trkpt lat="46.655892" lon="8.641172"><ele>1983.5</ele></trkpt>
    <trkpt lat="46.655902" lon="8.641215"><ele>1983.7</ele></trkpt>
    <trkpt lat="46.655913" lon="8.641260"><ele>1983.9</ele></trkpt>
    <trkpt lat="46.655923" lon="8.641305"><ele>1984.1</ele></trkpt>
    <trkpt lat="46.655934" lon="8.641349"><ele>1984.3</ele></trkpt>
    <trkpt lat="46.655945" lon="8.641393"><ele>1984.5</ele></trkpt>
    <trkpt lat="46.655957" lon="8.641435"><ele>1984.7</ele></trkpt>
    <trkpt lat="46.655966" lon="8.641476"><ele>1984.9</ele></trkpt>
    <trkpt lat="46.655976" lon="8.641519"><ele>1985.1</ele></trkpt>
    <trkpt lat="46.655987" lon="8.641561"><ele>1985.2</ele></trkpt>
    <trkpt lat="46.655997" lon="8.641601"><ele>1985.4</ele></trkpt>
    <trkpt lat="46.656009" lon="8.641643"><ele>1985.6</ele></trkpt>
    <trkpt lat="46.656020" lon="8.641686"><ele>1985.8</ele></trkpt>
    <trkpt lat="46.656032" lon="8.641730"><ele>1986.0</ele></trkpt>
    <trkpt lat="46.656044" lon="8.641771"><ele>1986.2</ele></trkpt>
    <trkpt lat="46.656053" lon="8.641813"><ele>1986.4</ele></trkpt>
    <trkpt lat="46.656063" lon="8.641854"><ele>1986.5</ele></trkpt>
    <trkpt lat="46.656074" lon="8.641894"><ele>1986.7</ele></trkpt>
    <trkpt lat="46.656085" lon="8.641935"><ele>1986.9</ele></trkpt>
    <trkpt lat="46.656098" lon="8.641979"><ele>1987.1</ele></trkpt>
    <trkpt lat="46.656111" lon="8.642020"><ele>1987.3</ele></trkpt>
    <trkpt lat="46.656124" lon="8.642061"><ele>1987.5</ele></trkpt>
    <trkpt lat="46.656136" lon="8.642099"><ele>1987.6</ele></trkpt>
    <trkpt lat="46.656147" lon="8.642137"><ele>1987.8</ele></trkpt>
    <trkpt lat="46.656160" lon="8.642179"><ele>1988.0</ele></trkpt>
    <trkpt lat="46.656173" lon="8.642218"><ele>1988.2</ele></trkpt>
    <trkpt lat="46.656185" lon="8.642255"><ele>1988.4</ele></trkpt>
    <trkpt lat="46.656198" lon="8.642295"><ele>1988.5</ele></trkpt>
    <trkpt lat="46.656212" lon="8.642334"><ele>1988.7</ele></trkpt>
    <trkpt lat="46.656227" lon="8.642372"><ele>1988.9</ele></trkpt>
    <trkpt lat="46.656241" lon="8.642409"><ele>1989.1</ele></trkpt>
    <trkpt lat="46.656256" lon="8.642447"><ele>1989.3</ele></trkpt>
    <trkpt lat="46.656271" lon="8.642484"><ele>1989.4</ele></trkpt>
    <trkpt lat="46.656284" lon="8.642518"><ele>1989.6</ele></trkpt>
    <trkpt lat="46.656300" lon="8.642556"><ele>1989.8</ele></trkpt>
    <trkpt lat="46.656316" lon="8.642595"><ele>1990.0</ele></trkpt>
    <trkpt lat="46.656334" lon="8.642634"><ele>1990.2</ele></trkpt>
    <trkpt lat="46.656351" lon="8.642675"><ele>1990.4</ele></trkpt>
    <trkpt lat="46.656368" lon="8.642715"><ele>1990.6</ele></trkpt>
    <trkpt lat="46.656387" lon="8.642754"><ele>1990.8</ele></trkpt>
    <trkpt lat="46.656402" lon="8.642794"><ele>1990.9</ele></trkpt>
    <trkpt lat="46.656417" lon="8.642828"><ele>1991.1</ele></trkpt>
    <trkpt lat="46.656432" lon="8.642865"><ele>1991.3</ele></trkpt>
    <trkpt lat="46.656447" lon="8.642902"><ele>1991.5</ele></trkpt>
    <trkpt lat="46.656461" lon="8.642939"><ele>1991.6</ele></trkpt>
    <trkpt lat="46.656473" lon="8.642972"><ele>1991.8</ele></trkpt>
    <trkpt lat="46.656485" lon="8.643004"><ele>1991.9</ele></trkpt>
    <trkpt lat="46.656501" lon="8.643035"><ele>1992.1</ele></trkpt>
    <trkpt lat="46.656516" lon="8.643067"><ele>1992.3</ele></trkpt>
    <trkpt lat="46.656531" lon="8.643097"><ele>1992.4</ele></trkpt>
    <trkpt lat="46.656546" lon="8.643132"><ele>1992.6</ele></trkpt>
    <trkpt lat="46.656558" lon="8.643165"><ele>1992.7</ele></trkpt>
    <trkpt lat="46.656573" lon="8.643199"><ele>1992.9</ele></trkpt>
    <trkpt lat="46.656587" lon="8.643234"><ele>1993.1</ele></trkpt>
    <trkpt lat="46.656600" lon="8.643272"><ele>1993.3</ele></trkpt>
    <trkpt lat="46.656615" lon="8.643311"><ele>1993.4</ele></trkpt>
    <trkpt lat="46.656632" lon="8.643350"><ele>1993.6</ele></trkpt>
    <trkpt lat="46.656647" lon="8.643387"><ele>1993.8</ele></trkpt>
    <trkpt lat="46.656661" lon="8.643423"><ele>1994.0</ele></trkpt>
    <trkpt lat="46.656675" lon="8.643461"><ele>1994.2</ele></trkpt>
    <trkpt lat="46.656690" lon="8.643499"><ele>1994.3</ele></trkpt>
    <trkpt lat="46.656702" lon="8.643538"><ele>1994.5</ele></trkpt>
    <trkpt lat="46.656715" lon="8.643575"><ele>1994.7</ele></trkpt>
    <trkpt lat="46.656729" lon="8.643611"><ele>1994.8</ele></trkpt>
    <trkpt lat="46.656741" lon="8.643645"><ele>1995.0</ele></trkpt>
    <trkpt lat="46.656752" lon="8.643680"><ele>1995.1</ele></trkpt>
    <trkpt lat="46.656763" lon="8.643715"><ele>1995.3</ele></trkpt>
    <trkpt lat="46.656777" lon="8.643754"><ele>1995.5</ele></trkpt>
    <trkpt lat="46.656790" lon="8.643792"><ele>1995.6</ele></trkpt>
    <trkpt lat="46.656802" lon="8.643828"><ele>1995.8</ele></trkpt>
    <trkpt lat="46.656814" lon="8.643867"><ele>1996.0</ele></trkpt>
    <trkpt lat="46.656826" lon="8.643905"><ele>1996.1</ele></trkpt>
    <trkpt lat="46.656837" lon="8.643943"><ele>1996.3</ele></trkpt>
    <trkpt lat="46.656847" lon="8.643982"><ele>1996.5</ele></trkpt>
    <trkpt lat="46.656858" lon="8.644020"><ele>1996.6</ele></trkpt>
    <trkpt lat="46.656869" lon="8.644058"><ele>1996.8</ele></trkpt>
    <trkpt lat="46.656879" lon="8.644097"><ele>1997.0</ele></trkpt>
    <trkpt lat="46.656888" lon="8.644137"><ele>1997.1</ele></trkpt>
    <trkpt lat="46.656897" lon="8.644176"><ele>1997.3</ele></trkpt>
    <trkpt lat="46.656904" lon="8.644218"><ele>1997.5</ele></trkpt>
    <trkpt lat="46.656912" lon="8.644259"><ele>1997.6</ele></trkpt>
    <trkpt lat="46.656919" lon="8.644300"><ele>1997.8</ele></trkpt>
    <trkpt lat="46.656925" lon="8.644343"><ele>1998.0</ele></trkpt>
    <trkpt lat="46.656931" lon="8.644388"><ele>1998.2</ele></trkpt>
    <trkpt lat="46.656937" lon="8.644431"><ele>1998.3</ele></trkpt>
    <trkpt lat="46.656942" lon="8.644470"><ele>1998.5</ele></trkpt>
    <trkpt lat="46.656949" lon="8.644510"><ele>1998.7</ele></trkpt>
    <trkpt lat="46.656954" lon="8.644549"><ele>1998.8</ele></trkpt>
    <trkpt lat="46.656959" lon="8.644588"><ele>1999.0</ele></trkpt>
    <trkpt lat="46.656962" lon="8.644628"><ele>1999.1</ele></trkpt>
    <trkpt lat="46.656964" lon="8.644667"><ele>1999.3</ele></trkpt>
    <trkpt lat="46.656968" lon="8.644708"><ele>1999.5</ele></trkpt>
    <trkpt lat="46.656974" lon="8.644751"><ele>1999.6</ele></trkpt>
    <trkpt lat="46.656978" lon="8.644790"><ele>1999.8</ele></trkpt>
    <trkpt lat="46.656983" lon="8.644829"><ele>1999.9</ele></trkpt>
    <trkpt lat="46.656988" lon="8.644867"><ele>2000.1</ele></trkpt>
    <trkpt lat="46.656993" lon="8.644907"><ele>2000.3</ele></trkpt>
    <trkpt lat="46.656996" lon="8.644947"><ele>2000.4</ele></trkpt>
    <trkpt lat="46.657000" lon="8.644987"><ele>2000.6</ele></trkpt>
    <trkpt lat="46.657004" lon="8.645027"><ele>2000.7</ele></trkpt>
    <trkpt lat="46.657007" lon="8.645066"><ele>2000.9</ele></trkpt>
    <trkpt lat="46.657009" lon="8.645106"><ele>2001.1</ele></trkpt>
    <trkpt lat="46.657013" lon="8.645147"><ele>2001.2</ele></trkpt>
    <trkpt lat="46.657016" lon="8.645185"><ele>2001.4</ele></trkpt>
    <trkpt lat="46.657020" lon="8.645225"><ele>2001.5</ele></trkpt>
    <trkpt lat="46.657026" lon="8.645305"><ele>2001.9</ele></trkpt>
    <trkpt lat="46.657031" lon="8.645346"><ele>2002.0</ele></trkpt>
    <trkpt lat="46.657037" lon="8.645386"><ele>2002.2</ele></trkpt>
    <trkpt lat="46.657040" lon="8.645425"><ele>2002.3</ele></trkpt>
    <trkpt lat="46.657042" lon="8.645466"><ele>2002.5</ele></trkpt>
    <trkpt lat="46.657045" lon="8.645506"><ele>2002.7</ele></trkpt>
    <trkpt lat="46.657050" lon="8.645547"><ele>2002.8</ele></trkpt>
    <trkpt lat="46.657055" lon="8.645587"><ele>2003.0</ele></trkpt>
    <trkpt lat="46.657058" lon="8.645628"><ele>2003.1</ele></trkpt>
    <trkpt lat="46.657064" lon="8.645670"><ele>2003.3</ele></trkpt>
    <trkpt lat="46.657072" lon="8.645714"><ele>2003.5</ele></trkpt>
    <trkpt lat="46.657083" lon="8.645753"><ele>2003.7</ele></trkpt>
    <trkpt lat="46.657093" lon="8.645798"><ele>2003.9</ele></trkpt>
    <trkpt lat="46.657099" lon="8.645844"><ele>2004.0</ele></trkpt>
    <trkpt lat="46.657105" lon="8.645894"><ele>2004.2</ele></trkpt>
    <trkpt lat="46.657112" lon="8.645944"><ele>2004.4</ele></trkpt>
    <trkpt lat="46.657122" lon="8.645993"><ele>2004.6</ele></trkpt>
    <trkpt lat="46.657131" lon="8.646041"><ele>2004.8</ele></trkpt>
    <trkpt lat="46.657139" lon="8.646091"><ele>2005.0</ele></trkpt>
    <trkpt lat="46.657146" lon="8.646138"><ele>2005.2</ele></trkpt>
    <trkpt lat="46.657154" lon="8.646188"><ele>2005.4</ele></trkpt>
    <trkpt lat="46.657162" lon="8.646237"><ele>2005.6</ele></trkpt>
    <trkpt lat="46.657169" lon="8.646287"><ele>2005.8</ele></trkpt>
    <trkpt lat="46.657178" lon="8.646336"><ele>2006.0</ele></trkpt>
    <trkpt lat="46.657188" lon="8.646386"><ele>2006.2</ele></trkpt>
    <trkpt lat="46.657198" lon="8.646434"><ele>2006.4</ele></trkpt>
    <trkpt lat="46.657210" lon="8.646480"><ele>2006.5</ele></trkpt>
    <trkpt lat="46.657219" lon="8.646526"><ele>2006.7</ele></trkpt>
    <trkpt lat="46.657229" lon="8.646575"><ele>2006.9</ele></trkpt>
    <trkpt lat="46.657239" lon="8.646622"><ele>2007.1</ele></trkpt>
    <trkpt lat="46.657250" lon="8.646668"><ele>2007.3</ele></trkpt>
    <trkpt lat="46.657260" lon="8.646714"><ele>2007.5</ele></trkpt>
    <trkpt lat="46.657270" lon="8.646758"><ele>2007.6</ele></trkpt>
    <trkpt lat="46.657281" lon="8.646800"><ele>2007.8</ele></trkpt>
    <trkpt lat="46.657292" lon="8.646842"><ele>2008.0</ele></trkpt>
    <trkpt lat="46.657306" lon="8.646884"><ele>2008.1</ele></trkpt>
    <trkpt lat="46.657320" lon="8.646925"><ele>2008.3</ele></trkpt>
    <trkpt lat="46.657336" lon="8.646968"><ele>2008.5</ele></trkpt>
    <trkpt lat="46.657352" lon="8.647013"><ele>2008.7</ele></trkpt>
    <trkpt lat="46.657367" lon="8.647056"><ele>2008.9</ele></trkpt>
    <trkpt lat="46.657381" lon="8.647099"><ele>2009.1</ele></trkpt>
    <trkpt lat="46.657395" lon="8.647140"><ele>2009.2</ele></trkpt>
    <trkpt lat="46.657412" lon="8.647180"><ele>2009.4</ele></trkpt>
    <trkpt lat="46.657427" lon="8.647219"><ele>2009.6</ele></trkpt>
    <trkpt lat="46.657442" lon="8.647259"><ele>2009.7</ele></trkpt>
    <trkpt lat="46.657459" lon="8.647302"><ele>2009.9</ele></trkpt>
    <trkpt lat="46.657475" lon="8.647341"><ele>2010.1</ele></trkpt>
    <trkpt lat="46.657490" lon="8.647382"><ele>2010.3</ele></trkpt>
    <trkpt lat="46.657507" lon="8.647424"><ele>2010.5</ele></trkpt>
    <trkpt lat="46.657524" lon="8.647465"><ele>2010.6</ele></trkpt>
    <trkpt lat="46.657540" lon="8.647508"><ele>2010.8</ele></trkpt>
    <trkpt lat="46.657557" lon="8.647551"><ele>2011.0</ele></trkpt>
    <trkpt lat="46.657573" lon="8.647593"><ele>2011.2</ele></trkpt>
    <trkpt lat="46.657589" lon="8.647633"><ele>2011.4</ele></trkpt>
    <trkpt lat="46.657606" lon="8.647674"><ele>2011.5</ele></trkpt>
    <trkpt lat="46.657621" lon="8.647714"><ele>2011.7</ele></trkpt>
    <trkpt lat="46.657635" lon="8.647752"><ele>2011.9</ele></trkpt>
    <trkpt lat="46.657647" lon="8.647792"><ele>2012.0</ele></trkpt>
    <trkpt lat="46.657660" lon="8.647833"><ele>2012.2</ele></trkpt>
    <trkpt lat="46.657674" lon="8.647875"><ele>2012.4</ele></trkpt>
    <trkpt lat="46.657687" lon="8.647917"><ele>2012.6</ele></trkpt>
    <trkpt lat="46.657698" lon="8.647959"><ele>2012.7</ele></trkpt>
    <trkpt lat="46.657709" lon="8.648002"><ele>2012.9</ele></trkpt>
    <trkpt lat="46.657718" lon="8.648046"><ele>2013.1</ele></trkpt>
    <trkpt lat="46.657728" lon="8.648089"><ele>2013.2</ele></trkpt>
    <trkpt lat="46.657740" lon="8.648133"><ele>2013.4</ele></trkpt>
    <trkpt lat="46.657749" lon="8.648178"><ele>2013.6</ele></trkpt>
    <trkpt lat="46.657754" lon="8.648226"><ele>2013.8</ele></trkpt>
    <trkpt lat="46.657763" lon="8.648271"><ele>2013.9</ele></trkpt>
    <trkpt lat="46.657768" lon="8.648315"><ele>2014.1</ele></trkpt>
    <trkpt lat="46.657773" lon="8.648357"><ele>2014.3</ele></trkpt>
    <trkpt lat="46.657779" lon="8.648398"><ele>2014.4</ele></trkpt>
    <trkpt lat="46.657785" lon="8.648442"><ele>2014.6</ele></trkpt>
    <trkpt lat="46.657789" lon="8.648485"><ele>2014.7</ele></trkpt>
    <trkpt lat="46.657791" lon="8.648530"><ele>2014.8</ele></trkpt>
    <trkpt lat="46.657795" lon="8.648576"><ele>2014.9</ele></trkpt>
    <trkpt lat="46.657800" lon="8.648620"><ele>2015.1</ele></trkpt>
    <trkpt lat="46.657803" lon="8.648663"><ele>2015.2</ele></trkpt>
    <trkpt lat="46.657806" lon="8.648707"><ele>2015.3</ele></trkpt>
    <trkpt lat="46.657809" lon="8.648754"><ele>2015.4</ele></trkpt>
    <trkpt lat="46.657811" lon="8.648800"><ele>2015.6</ele></trkpt>
    <trkpt lat="46.657812" lon="8.648847"><ele>2015.7</ele></trkpt>
    <trkpt lat="46.657813" lon="8.648896"><ele>2015.8</ele></trkpt>
    <trkpt lat="46.657815" lon="8.648942"><ele>2015.9</ele></trkpt>
    <trkpt lat="46.657816" lon="8.648989"><ele>2016.1</ele></trkpt>
    <trkpt lat="46.657812" lon="8.649034"><ele>2016.2</ele></trkpt>
    <trkpt lat="46.657807" lon="8.649084"><ele>2016.3</ele></trkpt>
    <trkpt lat="46.657803" lon="8.649136"><ele>2016.5</ele></trkpt>
    <trkpt lat="46.657802" lon="8.649179"><ele>2016.6</ele></trkpt>
    <trkpt lat="46.657801" lon="8.649221"><ele>2016.7</ele></trkpt>
    <trkpt lat="46.657798" lon="8.649265"><ele>2016.8</ele></trkpt>
    <trkpt lat="46.657794" lon="8.649311"><ele>2017.0</ele></trkpt>
    <trkpt lat="46.657791" lon="8.649357"><ele>2017.1</ele></trkpt>
    <trkpt lat="46.657788" lon="8.649404"><ele>2017.2</ele></trkpt>
    <trkpt lat="46.657785" lon="8.649450"><ele>2017.3</ele></trkpt>
    <trkpt lat="46.657783" lon="8.649497"><ele>2017.5</ele></trkpt>
    <trkpt lat="46.657783" lon="8.649546"><ele>2017.6</ele></trkpt>
    <trkpt lat="46.657782" lon="8.649598"><ele>2017.8</ele></trkpt>
    <trkpt lat="46.657780" lon="8.649651"><ele>2017.9</ele></trkpt>
    <trkpt lat="46.657777" lon="8.649702"><ele>2018.0</ele></trkpt>
    <trkpt lat="46.657778" lon="8.649756"><ele>2018.2</ele></trkpt>
    <trkpt lat="46.657779" lon="8.649809"><ele>2018.3</ele></trkpt>
    <trkpt lat="46.657779" lon="8.649863"><ele>2018.5</ele></trkpt>
    <trkpt lat="46.657778" lon="8.649919"><ele>2018.6</ele></trkpt>
    <trkpt lat="46.657779" lon="8.649972"><ele>2018.8</ele></trkpt>
    <trkpt lat="46.657781" lon="8.650025"><ele>2018.9</ele></trkpt>
    <trkpt lat="46.657785" lon="8.650081"><ele>2019.1</ele></trkpt>
    <trkpt lat="46.657789" lon="8.650140"><ele>2019.3</ele></trkpt>
    <trkpt lat="46.657796" lon="8.650196"><ele>2019.4</ele></trkpt>
    <trkpt lat="46.657803" lon="8.650252"><ele>2019.6</ele></trkpt>
    <trkpt lat="46.657811" lon="8.650307"><ele>2019.7</ele></trkpt>
    <trkpt lat="46.657821" lon="8.650362"><ele>2019.9</ele></trkpt>
    <trkpt lat="46.657832" lon="8.650420"><ele>2020.0</ele></trkpt>
    <trkpt lat="46.657843" lon="8.650476"><ele>2020.2</ele></trkpt>
    <trkpt lat="46.657856" lon="8.650534"><ele>2020.4</ele></trkpt>
    <trkpt lat="46.657872" lon="8.650588"><ele>2020.5</ele></trkpt>
    <trkpt lat="46.657889" lon="8.650644"><ele>2020.7</ele></trkpt>
    <trkpt lat="46.657907" lon="8.650695"><ele>2020.9</ele></trkpt>
    <trkpt lat="46.657927" lon="8.650750"><ele>2021.0</ele></trkpt>
    <trkpt lat="46.657944" lon="8.650807"><ele>2021.2</ele></trkpt>
    <trkpt lat="46.657963" lon="8.650866"><ele>2021.4</ele></trkpt>
    <trkpt lat="46.657979" lon="8.650922"><ele>2021.5</ele></trkpt>
    <trkpt lat="46.657994" lon="8.650980"><ele>2021.7</ele></trkpt>
    <trkpt lat="46.658014" lon="8.651035"><ele>2021.8</ele></trkpt>
    <trkpt lat="46.658032" lon="8.651089"><ele>2021.9</ele></trkpt>
    <trkpt lat="46.658054" lon="8.651144"><ele>2021.9</ele></trkpt>
    <trkpt lat="46.658076" lon="8.651199"><ele>2022.0</ele></trkpt>
    <trkpt lat="46.658095" lon="8.651253"><ele>2022.1</ele></trkpt>
    <trkpt lat="46.658114" lon="8.651310"><ele>2022.2</ele></trkpt>
    <trkpt lat="46.658135" lon="8.651365"><ele>2022.3</ele></trkpt>
    <trkpt lat="46.658156" lon="8.651420"><ele>2022.4</ele></trkpt>
    <trkpt lat="46.658175" lon="8.651473"><ele>2022.4</ele></trkpt>
    <trkpt lat="46.658194" lon="8.651525"><ele>2022.5</ele></trkpt>
    <trkpt lat="46.658216" lon="8.651578"><ele>2022.6</ele></trkpt>
    <trkpt lat="46.658237" lon="8.651634"><ele>2022.7</ele></trkpt>
    <trkpt lat="46.658257" lon="8.651690"><ele>2022.8</ele></trkpt>
    <trkpt lat="46.658278" lon="8.651745"><ele>2022.9</ele></trkpt>
    <trkpt lat="46.658299" lon="8.651802"><ele>2023.0</ele></trkpt>
    <trkpt lat="46.658320" lon="8.651860"><ele>2023.0</ele></trkpt>
    <trkpt lat="46.658346" lon="8.651918"><ele>2023.1</ele></trkpt>
    <trkpt lat="46.658370" lon="8.651974"><ele>2023.2</ele></trkpt>
    <trkpt lat="46.658394" lon="8.652034"><ele>2023.3</ele></trkpt>
    <trkpt lat="46.658418" lon="8.652096"><ele>2023.4</ele></trkpt>
    <trkpt lat="46.658445" lon="8.652156"><ele>2023.5</ele></trkpt>
    <trkpt lat="46.658472" lon="8.652219"><ele>2023.6</ele></trkpt>
    <trkpt lat="46.658497" lon="8.652283"><ele>2023.7</ele></trkpt>
    <trkpt lat="46.658521" lon="8.652348"><ele>2023.8</ele></trkpt>
    <trkpt lat="46.658547" lon="8.652411"><ele>2023.9</ele></trkpt>
    <trkpt lat="46.658571" lon="8.652473"><ele>2024.0</ele></trkpt>
    <trkpt lat="46.658594" lon="8.652535"><ele>2024.1</ele></trkpt>
    <trkpt lat="46.658619" lon="8.652597"><ele>2024.2</ele></trkpt>
    <trkpt lat="46.658644" lon="8.652662"><ele>2024.3</ele></trkpt>
    <trkpt lat="46.658671" lon="8.652727"><ele>2024.4</ele></trkpt>
    <trkpt lat="46.658698" lon="8.652791"><ele>2024.5</ele></trkpt>
    <trkpt lat="46.658725" lon="8.652858"><ele>2024.6</ele></trkpt>
    <trkpt lat="46.658751" lon="8.652925"><ele>2024.7</ele></trkpt>
    <trkpt lat="46.658777" lon="8.652994"><ele>2024.8</ele></trkpt>
    <trkpt lat="46.658803" lon="8.653066"><ele>2024.9</ele></trkpt>
    <trkpt lat="46.658829" lon="8.653137"><ele>2025.0</ele></trkpt>
    <trkpt lat="46.658854" lon="8.653208"><ele>2025.2</ele></trkpt>
    <trkpt lat="46.658879" lon="8.653276"><ele>2025.2</ele></trkpt>
    <trkpt lat="46.658903" lon="8.653346"><ele>2025.3</ele></trkpt>
    <trkpt lat="46.658928" lon="8.653416"><ele>2025.3</ele></trkpt>
    <trkpt lat="46.658952" lon="8.653485"><ele>2025.3</ele></trkpt>
    <trkpt lat="46.658979" lon="8.653557"><ele>2025.4</ele></trkpt>
    <trkpt lat="46.659007" lon="8.653624"><ele>2025.4</ele></trkpt>
    <trkpt lat="46.659035" lon="8.653694"><ele>2025.5</ele></trkpt>
    <trkpt lat="46.659066" lon="8.653769"><ele>2025.5</ele></trkpt>
    <trkpt lat="46.659095" lon="8.653843"><ele>2025.5</ele></trkpt>
    <trkpt lat="46.659122" lon="8.653918"><ele>2025.6</ele></trkpt>
    <trkpt lat="46.659150" lon="8.653998"><ele>2025.6</ele></trkpt>
    <trkpt lat="46.659179" lon="8.654079"><ele>2025.7</ele></trkpt>
    <trkpt lat="46.659202" lon="8.654160"><ele>2025.7</ele></trkpt>
    <trkpt lat="46.659225" lon="8.654244"><ele>2025.8</ele></trkpt>
    <trkpt lat="46.659250" lon="8.654328"><ele>2025.8</ele></trkpt>
    <trkpt lat="46.659276" lon="8.654412"><ele>2025.9</ele></trkpt>
    <trkpt lat="46.659303" lon="8.654497"><ele>2025.9</ele></trkpt>
    <trkpt lat="46.659329" lon="8.654582"><ele>2025.9</ele></trkpt>
    <trkpt lat="46.659357" lon="8.654669"><ele>2026.0</ele></trkpt>
    <trkpt lat="46.659383" lon="8.654754"><ele>2026.0</ele></trkpt>
    <trkpt lat="46.659407" lon="8.654838"><ele>2026.1</ele></trkpt>
    <trkpt lat="46.659429" lon="8.654922"><ele>2026.1</ele></trkpt>
    <trkpt lat="46.659450" lon="8.655009"><ele>2026.2</ele></trkpt>
    <trkpt lat="46.659472" lon="8.655093"><ele>2026.2</ele></trkpt>
    <trkpt lat="46.659495" lon="8.655177"><ele>2026.3</ele></trkpt>
    <trkpt lat="46.659519" lon="8.655262"><ele>2026.3</ele></trkpt>
    <trkpt lat="46.659542" lon="8.655346"><ele>2026.3</ele></trkpt>
    <trkpt lat="46.659566" lon="8.655428"><ele>2026.4</ele></trkpt>
    <trkpt lat="46.659591" lon="8.655513"><ele>2026.4</ele></trkpt>
    <trkpt lat="46.659615" lon="8.655596"><ele>2026.5</ele></trkpt>
    <trkpt lat="46.659640" lon="8.655682"><ele>2026.5</ele></trkpt>
    <trkpt lat="46.659664" lon="8.655770"><ele>2026.6</ele></trkpt>
    <trkpt lat="46.659689" lon="8.655860"><ele>2026.6</ele></trkpt>
    <trkpt lat="46.659715" lon="8.655951"><ele>2026.7</ele></trkpt>
    <trkpt lat="46.659742" lon="8.656042"><ele>2026.8</ele></trkpt>
    <trkpt lat="46.659768" lon="8.656131"><ele>2026.8</ele></trkpt>
    <trkpt lat="46.659792" lon="8.656220"><ele>2026.9</ele></trkpt>
    <trkpt lat="46.659816" lon="8.656310"><ele>2026.9</ele></trkpt>
    <trkpt lat="46.659840" lon="8.656397"><ele>2027.0</ele></trkpt>
    <trkpt lat="46.659862" lon="8.656485"><ele>2027.1</ele></trkpt>
    <trkpt lat="46.659882" lon="8.656578"><ele>2027.1</ele></trkpt>
    <trkpt lat="46.659899" lon="8.656663"><ele>2027.2</ele></trkpt>
    <trkpt lat="46.659904" lon="8.656734"><ele>2027.2</ele></trkpt>
    <trkpt lat="46.659910" lon="8.656805"><ele>2027.3</ele></trkpt>
    <trkpt lat="46.659915" lon="8.656882"><ele>2027.3</ele></trkpt>
    <trkpt lat="46.659925" lon="8.656969"><ele>2027.4</ele></trkpt>
    <trkpt lat="46.659935" lon="8.657056"><ele>2027.4</ele></trkpt>
    <trkpt lat="46.659946" lon="8.657139"><ele>2027.5</ele></trkpt>
    <trkpt lat="46.659959" lon="8.657214"><ele>2027.5</ele></trkpt>
    <trkpt lat="46.659970" lon="8.657293"><ele>2027.6</ele></trkpt>
    <trkpt lat="46.659979" lon="8.657378"><ele>2027.6</ele></trkpt>
    <trkpt lat="46.659987" lon="8.657452"><ele>2027.7</ele></trkpt>
    <trkpt lat="46.659997" lon="8.657537"><ele>2027.7</ele></trkpt>
    <trkpt lat="46.660002" lon="8.657625"><ele>2027.8</ele></trkpt>
    <trkpt lat="46.660013" lon="8.657707"><ele>2027.8</ele></trkpt>
    <trkpt lat="46.660027" lon="8.657795"><ele>2027.9</ele></trkpt>
    <trkpt lat="46.660030" lon="8.657869"><ele>2027.9</ele></trkpt>
    <trkpt lat="46.659941" lon="8.657927"><ele>2028.0</ele></trkpt>
    <trkpt lat="46.659944" lon="8.657994"><ele>2028.0</ele></trkpt>
    <trkpt lat="46.659947" lon="8.658054"><ele>2028.1</ele></trkpt>
    <trkpt lat="46.659940" lon="8.658133"><ele>2028.1</ele></trkpt>
    <trkpt lat="46.659929" lon="8.658202"><ele>2028.1</ele></trkpt>
    <trkpt lat="46.659911" lon="8.658276"><ele>2028.1</ele></trkpt>
    <trkpt lat="46.659895" lon="8.658360"><ele>2028.2</ele></trkpt>
    <trkpt lat="46.659876" lon="8.658440"><ele>2028.2</ele></trkpt>
    <trkpt lat="46.659862" lon="8.658527"><ele>2028.2</ele></trkpt>
    <trkpt lat="46.659836" lon="8.658616"><ele>2028.2</ele></trkpt>
    <trkpt lat="46.659806" lon="8.658713"><ele>2028.2</ele></trkpt>
    <trkpt lat="46.659771" lon="8.658821"><ele>2028.3</ele></trkpt>
    <trkpt lat="46.659740" lon="8.658926"><ele>2028.3</ele></trkpt>
    <trkpt lat="46.659717" lon="8.659035"><ele>2028.3</ele></trkpt>
    <trkpt lat="46.659689" lon="8.659159"><ele>2028.4</ele></trkpt>
    <trkpt lat="46.659660" lon="8.659277"><ele>2028.4</ele></trkpt>
    <trkpt lat="46.659626" lon="8.659415"><ele>2028.4</ele></trkpt>
    <trkpt lat="46.659613" lon="8.659551"><ele>2028.4</ele></trkpt>
    <trkpt lat="46.659602" lon="8.659679"><ele>2028.5</ele></trkpt>
    <trkpt lat="46.659593" lon="8.659804"><ele>2028.5</ele></trkpt>
    <trkpt lat="46.659587" lon="8.659930"><ele>2028.5</ele></trkpt>
    <trkpt lat="46.659544" lon="8.660095"><ele>2028.6</ele></trkpt>
    <trkpt lat="46.659521" lon="8.660241"><ele>2028.6</ele></trkpt>
    <trkpt lat="46.659508" lon="8.660361"><ele>2028.6</ele></trkpt>
    <trkpt lat="46.659499" lon="8.660495"><ele>2028.7</ele></trkpt>
    <trkpt lat="46.659483" lon="8.660645"><ele>2028.7</ele></trkpt>
    <trkpt lat="46.659443" lon="8.660805"><ele>2028.7</ele></trkpt>
    <trkpt lat="46.659411" lon="8.660959"><ele>2028.7</ele></trkpt>
    <trkpt lat="46.659401" lon="8.661089"><ele>2028.7</ele></trkpt>
    <trkpt lat="46.659387" lon="8.661218"><ele>2028.7</ele></trkpt>
    <trkpt lat="46.659381" lon="8.661342"><ele>2028.7</ele></trkpt>
    <trkpt lat="46.659356" lon="8.661471"><ele>2028.7</ele></trkpt>
    <trkpt lat="46.659340" lon="8.661599"><ele>2028.7</ele></trkpt>
    <trkpt lat="46.659331" lon="8.661712"><ele>2028.8</ele></trkpt>
    <trkpt lat="46.659306" lon="8.661839"><ele>2028.8</ele></trkpt>
    <trkpt lat="46.659282" lon="8.661961"><ele>2028.8</ele></trkpt>
    <trkpt lat="46.659260" lon="8.662088"><ele>2028.8</ele></trkpt>
    <trkpt lat="46.659221" lon="8.662192"><ele>2028.8</ele></trkpt>
    <trkpt lat="46.659201" lon="8.662315"><ele>2028.8</ele></trkpt>
    <trkpt lat="46.659175" lon="8.662432"><ele>2028.8</ele></trkpt>
    <trkpt lat="46.659152" lon="8.662548"><ele>2028.8</ele></trkpt>
    <trkpt lat="46.659137" lon="8.662656"><ele>2028.8</ele></trkpt>
    <trkpt lat="46.659113" lon="8.662751"><ele>2028.8</ele></trkpt>
    <trkpt lat="46.659097" lon="8.662862"><ele>2028.8</ele></trkpt>
    <trkpt lat="46.659078" lon="8.662961"><ele>2028.8</ele></trkpt>
    <trkpt lat="46.659069" lon="8.663057"><ele>2028.8</ele></trkpt>
    <trkpt lat="46.659057" lon="8.663147"><ele>2028.9</ele></trkpt>
    <trkpt lat="46.659043" lon="8.663237"><ele>2028.9</ele></trkpt>
    <trkpt lat="46.659031" lon="8.663327"><ele>2028.9</ele></trkpt>
    <trkpt lat="46.659023" lon="8.663409"><ele>2028.9</ele></trkpt>
    <trkpt lat="46.659020" lon="8.663485"><ele>2029.0</ele></trkpt>
    <trkpt lat="46.659045" lon="8.663569"><ele>2029.0</ele></trkpt>
    <trkpt lat="46.659077" lon="8.663687"><ele>2029.0</ele></trkpt>
    <trkpt lat="46.659085" lon="8.663769"><ele>2029.0</ele></trkpt>
    <trkpt lat="46.659066" lon="8.663845"><ele>2029.1</ele></trkpt>
    <trkpt lat="46.659083" lon="8.663961"><ele>2029.1</ele></trkpt>
    <trkpt lat="46.659084" lon="8.664038"><ele>2029.1</ele></trkpt>
    <trkpt lat="46.659061" lon="8.664112"><ele>2029.1</ele></trkpt>
    <trkpt lat="46.659068" lon="8.664210"><ele>2029.2</ele></trkpt>
    <trkpt lat="46.659087" lon="8.664317"><ele>2029.2</ele></trkpt>
    <trkpt lat="46.659083" lon="8.664410"><ele>2029.2</ele></trkpt>
    <trkpt lat="46.659086" lon="8.664492"><ele>2029.3</ele></trkpt>
    <trkpt lat="46.659081" lon="8.664568"><ele>2029.3</ele></trkpt>
    <trkpt lat="46.659088" lon="8.664632"><ele>2029.3</ele></trkpt>
    <trkpt lat="46.659101" lon="8.664706"><ele>2029.3</ele></trkpt>
    <trkpt lat="46.659181" lon="8.664812"><ele>2029.4</ele></trkpt>
    <trkpt lat="46.659265" lon="8.664989"><ele>2029.4</ele></trkpt>
    <trkpt lat="46.659277" lon="8.665119"><ele>2029.5</ele></trkpt>
    <trkpt lat="46.659319" lon="8.665227"><ele>2029.5</ele></trkpt>
    <trkpt lat="46.659375" lon="8.665424"><ele>2029.6</ele></trkpt>
    <trkpt lat="46.659369" lon="8.665669"><ele>2029.6</ele></trkpt>
    <trkpt lat="46.659360" lon="8.665827"><ele>2029.7</ele></trkpt>
    <trkpt lat="46.659425" lon="8.665999"><ele>2029.7</ele></trkpt>
    <trkpt lat="46.659627" lon="8.665971"><ele>2029.8</ele></trkpt>
    <trkpt lat="46.659792" lon="8.665865"><ele>2029.8</ele></trkpt>
    <trkpt lat="46.659892" lon="8.665934"><ele>2029.8</ele></trkpt>
    <trkpt lat="46.659938" lon="8.666055"><ele>2029.9</ele></trkpt>
    <trkpt lat="46.659961" lon="8.666156"><ele>2029.9</ele></trkpt>
    <trkpt lat="46.660010" lon="8.666291"><ele>2029.9</ele></trkpt>
    <trkpt lat="46.660032" lon="8.666400"><ele>2030.0</ele></trkpt>
    <trkpt lat="46.660073" lon="8.666548"><ele>2030.0</ele></trkpt>
    <trkpt lat="46.660137" lon="8.666700"><ele>2030.0</ele></trkpt>
    <trkpt lat="46.660176" lon="8.666926"><ele>2030.1</ele></trkpt>
    <trkpt lat="46.660159" lon="8.666992"><ele>2030.1</ele></trkpt>
    <trkpt lat="46.660288" lon="8.667107"><ele>2030.1</ele></trkpt>
    <trkpt lat="46.660371" lon="8.667187"><ele>2030.1</ele></trkpt>
    <trkpt lat="46.660383" lon="8.667380"><ele>2030.1</ele></trkpt>
    <trkpt lat="46.660478" lon="8.667257"><ele>2030.1</ele></trkpt>
    <trkpt lat="46.660989" lon="8.666527"><ele>2029.9</ele></trkpt>
    <trkpt lat="46.661248" lon="8.666213"><ele>2029.9</ele></trkpt>
    <trkpt lat="46.661349" lon="8.666337"><ele>2029.8</ele></trkpt>
    <trkpt lat="46.661437" lon="8.666447"><ele>2029.8</ele></trkpt>
    <trkpt lat="46.661501" lon="8.666546"><ele>2029.8</ele></trkpt>
    <trkpt lat="46.661539" lon="8.666644"><ele>2029.8</ele></trkpt>
    <trkpt lat="46.661622" lon="8.666759"><ele>2029.8</ele></trkpt>
    <trkpt lat="46.661653" lon="8.666858"><ele>2029.8</ele></trkpt>
    <trkpt lat="46.661653" lon="8.666945"><ele>2029.8</ele></trkpt>
    <trkpt lat="46.661652" lon="8.667038"><ele>2029.8</ele></trkpt>
    <trkpt lat="46.661651" lon="8.667135"><ele>2029.8</ele></trkpt>
    <trkpt lat="46.661652" lon="8.667234"><ele>2029.8</ele></trkpt>
    <trkpt lat="46.661651" lon="8.667335"><ele>2029.8</ele></trkpt>
    <trkpt lat="46.661650" lon="8.667438"><ele>2029.8</ele></trkpt>
    <trkpt lat="46.661650" lon="8.667531"><ele>2029.8</ele></trkpt>
    <trkpt lat="46.661646" lon="8.667625"><ele>2029.8</ele></trkpt>
    <trkpt lat="46.661644" lon="8.667720"><ele>2029.8</ele></trkpt>
    <trkpt lat="46.661641" lon="8.667822"><ele>2029.8</ele></trkpt>
    <trkpt lat="46.661638" lon="8.667923"><ele>2029.8</ele></trkpt>
    <trkpt lat="46.661634" lon="8.668026"><ele>2029.8</ele></trkpt>
    <trkpt lat="46.661630" lon="8.668126"><ele>2029.8</ele></trkpt>
    <trkpt lat="46.661627" lon="8.668220"><ele>2029.7</ele></trkpt>
    <trkpt lat="46.661622" lon="8.668317"><ele>2029.7</ele></trkpt>
    <trkpt lat="46.661614" lon="8.668414"><ele>2029.7</ele></trkpt>
    <trkpt lat="46.661599" lon="8.668513"><ele>2029.7</ele></trkpt>
    <trkpt lat="46.661580" lon="8.668613"><ele>2029.7</ele></trkpt>
    <trkpt lat="46.661561" lon="8.668713"><ele>2029.7</ele></trkpt>
    <trkpt lat="46.661541" lon="8.668809"><ele>2029.7</ele></trkpt>
    <trkpt lat="46.661516" lon="8.668905"><ele>2029.7</ele></trkpt>
    <trkpt lat="46.661491" lon="8.668997"><ele>2029.7</ele></trkpt>
    <trkpt lat="46.661464" lon="8.669086"><ele>2029.7</ele></trkpt>
    <trkpt lat="46.661435" lon="8.669171"><ele>2029.7</ele></trkpt>
    <trkpt lat="46.661403" lon="8.669256"><ele>2029.9</ele></trkpt>
    <trkpt lat="46.661368" lon="8.669335"><ele>2030.1</ele></trkpt>
    <trkpt lat="46.661333" lon="8.669414"><ele>2030.3</ele></trkpt>
    <trkpt lat="46.661299" lon="8.669489"><ele>2030.5</ele></trkpt>
    <trkpt lat="46.661261" lon="8.669567"><ele>2030.6</ele></trkpt>
    <trkpt lat="46.661223" lon="8.669647"><ele>2030.8</ele></trkpt>
    <trkpt lat="46.661185" lon="8.669728"><ele>2031.0</ele></trkpt>
    <trkpt lat="46.661147" lon="8.669808"><ele>2031.2</ele></trkpt>
    <trkpt lat="46.661110" lon="8.669886"><ele>2031.4</ele></trkpt>
    <trkpt lat="46.661073" lon="8.669962"><ele>2031.6</ele></trkpt>
    <trkpt lat="46.661033" lon="8.670035"><ele>2031.8</ele></trkpt>
    <trkpt lat="46.660990" lon="8.670106"><ele>2031.9</ele></trkpt>
    <trkpt lat="46.660948" lon="8.670174"><ele>2032.1</ele></trkpt>
    <trkpt lat="46.660905" lon="8.670238"><ele>2032.3</ele></trkpt>
    <trkpt lat="46.660865" lon="8.670301"><ele>2032.5</ele></trkpt>
    <trkpt lat="46.660824" lon="8.670363"><ele>2032.6</ele></trkpt>
    <trkpt lat="46.660782" lon="8.670422"><ele>2032.8</ele></trkpt>
    <trkpt lat="46.660741" lon="8.670479"><ele>2032.9</ele></trkpt>
    <trkpt lat="46.660699" lon="8.670536"><ele>2033.1</ele></trkpt>
    <trkpt lat="46.660658" lon="8.670589"><ele>2033.3</ele></trkpt>
    <trkpt lat="46.660615" lon="8.670636"><ele>2033.4</ele></trkpt>
    <trkpt lat="46.660572" lon="8.670685"><ele>2033.6</ele></trkpt>
    <trkpt lat="46.660533" lon="8.670734"><ele>2033.7</ele></trkpt>
    <trkpt lat="46.660494" lon="8.670780"><ele>2033.9</ele></trkpt>
    <trkpt lat="46.660456" lon="8.670823"><ele>2034.0</ele></trkpt>
    <trkpt lat="46.660416" lon="8.670863"><ele>2034.1</ele></trkpt>
    <trkpt lat="46.660376" lon="8.670904"><ele>2034.3</ele></trkpt>
    <trkpt lat="46.660339" lon="8.670941"><ele>2034.4</ele></trkpt>
    <trkpt lat="46.660303" lon="8.670977"><ele>2034.5</ele></trkpt>
    <trkpt lat="46.660266" lon="8.671014"><ele>2034.7</ele></trkpt>
    <trkpt lat="46.660229" lon="8.671051"><ele>2034.8</ele></trkpt>
    <trkpt lat="46.660193" lon="8.671086"><ele>2034.9</ele></trkpt>
    <trkpt lat="46.660154" lon="8.671120"><ele>2035.1</ele></trkpt>
    <trkpt lat="46.660117" lon="8.671151"><ele>2035.3</ele></trkpt>
    <trkpt lat="46.660082" lon="8.671178"><ele>2035.4</ele></trkpt>
    <trkpt lat="46.660051" lon="8.671199"><ele>2035.5</ele></trkpt>
    <trkpt lat="46.660019" lon="8.671218"><ele>2035.7</ele></trkpt>
    <trkpt lat="46.659986" lon="8.671230"><ele>2035.8</ele></trkpt>
    <trkpt lat="46.659952" lon="8.671242"><ele>2035.9</ele></trkpt>
    <trkpt lat="46.659918" lon="8.671255"><ele>2036.1</ele></trkpt>
    <trkpt lat="46.659885" lon="8.671267"><ele>2036.2</ele></trkpt>
    <trkpt lat="46.659851" lon="8.671276"><ele>2036.3</ele></trkpt>
    <trkpt lat="46.659818" lon="8.671283"><ele>2036.4</ele></trkpt>
    <trkpt lat="46.659782" lon="8.671287"><ele>2036.6</ele></trkpt>
    <trkpt lat="46.659748" lon="8.671290"><ele>2036.7</ele></trkpt>
    <trkpt lat="46.659714" lon="8.671289"><ele>2036.8</ele></trkpt>
    <trkpt lat="46.659684" lon="8.671291"><ele>2036.9</ele></trkpt>
    <trkpt lat="46.659657" lon="8.671289"><ele>2037.0</ele></trkpt>
    <trkpt lat="46.659633" lon="8.671283"><ele>2037.1</ele></trkpt>
    <trkpt lat="46.659606" lon="8.671277"><ele>2037.2</ele></trkpt>
    <trkpt lat="46.659576" lon="8.671271"><ele>2037.3</ele></trkpt>
    <trkpt lat="46.659549" lon="8.671268"><ele>2037.4</ele></trkpt>
    <trkpt lat="46.659524" lon="8.671262"><ele>2037.5</ele></trkpt>
    <trkpt lat="46.659499" lon="8.671251"><ele>2037.6</ele></trkpt>
    <trkpt lat="46.659470" lon="8.671238"><ele>2037.8</ele></trkpt>
    <trkpt lat="46.659444" lon="8.671227"><ele>2037.9</ele></trkpt>
    <trkpt lat="46.659419" lon="8.671218"><ele>2038.0</ele></trkpt>
    <trkpt lat="46.659392" lon="8.671208"><ele>2038.1</ele></trkpt>
    <trkpt lat="46.659367" lon="8.671197"><ele>2038.2</ele></trkpt>
    <trkpt lat="46.659342" lon="8.671187"><ele>2038.3</ele></trkpt>
    <trkpt lat="46.659315" lon="8.671175"><ele>2038.4</ele></trkpt>
    <trkpt lat="46.659285" lon="8.671161"><ele>2038.5</ele></trkpt>
    <trkpt lat="46.659221" lon="8.671132"><ele>2038.7</ele></trkpt>
    <trkpt lat="46.659189" lon="8.671115"><ele>2038.9</ele></trkpt>
    <trkpt lat="46.659158" lon="8.671103"><ele>2039.0</ele></trkpt>
    <trkpt lat="46.659125" lon="8.671093"><ele>2039.1</ele></trkpt>
    <trkpt lat="46.659094" lon="8.671082"><ele>2039.2</ele></trkpt>
    <trkpt lat="46.659063" lon="8.671069"><ele>2039.3</ele></trkpt>
    <trkpt lat="46.659035" lon="8.671063"><ele>2039.4</ele></trkpt>
    <trkpt lat="46.659002" lon="8.671063"><ele>2039.6</ele></trkpt>
    <trkpt lat="46.658972" lon="8.671066"><ele>2039.7</ele></trkpt>
    <trkpt lat="46.658945" lon="8.671076"><ele>2039.8</ele></trkpt>
    <trkpt lat="46.658920" lon="8.671080"><ele>2039.9</ele></trkpt>
    <trkpt lat="46.658894" lon="8.671081"><ele>2040.0</ele></trkpt>
    <trkpt lat="46.658870" lon="8.671083"><ele>2040.1</ele></trkpt>
    <trkpt lat="46.658843" lon="8.671093"><ele>2040.2</ele></trkpt>
    <trkpt lat="46.658812" lon="8.671105"><ele>2040.3</ele></trkpt>
    <trkpt lat="46.658783" lon="8.671119"><ele>2040.4</ele></trkpt>
    <trkpt lat="46.658755" lon="8.671136"><ele>2040.5</ele></trkpt>
    <trkpt lat="46.658729" lon="8.671156"><ele>2040.6</ele></trkpt>
    <trkpt lat="46.658707" lon="8.671176"><ele>2040.7</ele></trkpt>
    <trkpt lat="46.658687" lon="8.671182"><ele>2040.8</ele></trkpt>
    <trkpt lat="46.658671" lon="8.671172"><ele>2040.9</ele></trkpt>
    <trkpt lat="46.658671" lon="8.671157"><ele>2040.9</ele></trkpt>
    <trkpt lat="46.658670" lon="8.671151"><ele>2040.9</ele></trkpt>
    <trkpt lat="46.658667" lon="8.671151"><ele>2040.9</ele></trkpt>
    <trkpt lat="46.658672" lon="8.671019"><ele>2041.3</ele></trkpt>
    <trkpt lat="46.658676" lon="8.671002"><ele>2041.3</ele></trkpt>
    <trkpt lat="46.658682" lon="8.670984"><ele>2041.4</ele></trkpt>
    <trkpt lat="46.658684" lon="8.670960"><ele>2041.4</ele></trkpt>
    <trkpt lat="46.658684" lon="8.670953"><ele>2041.5</ele></trkpt>
    <trkpt lat="46.658684" lon="8.670952"><ele>2041.5</ele></trkpt>
    <trkpt lat="46.658651" lon="8.671005"><ele>2041.5</ele></trkpt>
    <trkpt lat="46.658653" lon="8.671005"><ele>2041.5</ele></trkpt>
    <trkpt lat="46.658653" lon="8.671005"><ele>2041.5</ele></trkpt>
    <trkpt lat="46.658552" lon="8.671368"><ele>2040.0</ele></trkpt>
    <trkpt lat="46.658542" lon="8.671396"><ele>2039.8</ele></trkpt>
    <trkpt lat="46.658538" lon="8.671432"><ele>2039.7</ele></trkpt>
    <trkpt lat="46.658534" lon="8.671474"><ele>2039.5</ele></trkpt>
    <trkpt lat="46.658530" lon="8.671527"><ele>2039.3</ele></trkpt>
    <trkpt lat="46.658527" lon="8.671591"><ele>2039.1</ele></trkpt>
    <trkpt lat="46.658521" lon="8.671664"><ele>2038.8</ele></trkpt>
    <trkpt lat="46.658515" lon="8.671745"><ele>2038.5</ele></trkpt>
    <trkpt lat="46.658509" lon="8.671836"><ele>2038.2</ele></trkpt>
    <trkpt lat="46.658501" lon="8.671937"><ele>2037.8</ele></trkpt>
    <trkpt lat="46.658489" lon="8.672049"><ele>2037.3</ele></trkpt>
    <trkpt lat="46.658477" lon="8.672171"><ele>2036.9</ele></trkpt>
    <trkpt lat="46.658468" lon="8.672301"><ele>2036.4</ele></trkpt>
    <trkpt lat="46.658457" lon="8.672430"><ele>2035.9</ele></trkpt>
    <trkpt lat="46.658447" lon="8.672559"><ele>2035.4</ele></trkpt>
    <trkpt lat="46.658441" lon="8.672696"><ele>2034.8</ele></trkpt>
    <trkpt lat="46.658431" lon="8.672841"><ele>2034.3</ele></trkpt>
    <trkpt lat="46.658409" lon="8.672990"><ele>2033.7</ele></trkpt>
    <trkpt lat="46.658368" lon="8.673138"><ele>2033.1</ele></trkpt>
    <trkpt lat="46.658303" lon="8.673273"><ele>2032.5</ele></trkpt>
    <trkpt lat="46.658215" lon="8.673387"><ele>2031.8</ele></trkpt>
    <trkpt lat="46.658110" lon="8.673468"><ele>2030.9</ele></trkpt>
    <trkpt lat="46.657992" lon="8.673540"><ele>2029.9</ele></trkpt>
    <trkpt lat="46.657873" lon="8.673614"><ele>2028.8</ele></trkpt>
    <trkpt lat="46.657751" lon="8.673685"><ele>2027.6</ele></trkpt>
    <trkpt lat="46.657629" lon="8.673757"><ele>2026.5</ele></trkpt>
    <trkpt lat="46.657507" lon="8.673832"><ele>2025.4</ele></trkpt>
    <trkpt lat="46.657388" lon="8.673904"><ele>2024.3</ele></trkpt>
    <trkpt lat="46.657278" lon="8.673990"><ele>2023.3</ele></trkpt>
    <trkpt lat="46.657189" lon="8.674110"><ele>2022.2</ele></trkpt>
    <trkpt lat="46.657127" lon="8.674264"><ele>2021.2</ele></trkpt>
    <trkpt lat="46.657090" lon="8.674438"><ele>2020.1</ele></trkpt>
    <trkpt lat="46.657050" lon="8.674615"><ele>2019.0</ele></trkpt>
    <trkpt lat="46.657002" lon="8.674797"><ele>2017.9</ele></trkpt>
    <trkpt lat="46.656938" lon="8.674966"><ele>2016.8</ele></trkpt>
    <trkpt lat="46.656865" lon="8.675124"><ele>2015.7</ele></trkpt>
    <trkpt lat="46.656791" lon="8.675274"><ele>2014.6</ele></trkpt>
    <trkpt lat="46.656717" lon="8.675423"><ele>2013.5</ele></trkpt>
    <trkpt lat="46.656646" lon="8.675578"><ele>2012.4</ele></trkpt>
    <trkpt lat="46.656582" lon="8.675748"><ele>2011.2</ele></trkpt>
    <trkpt lat="46.656524" lon="8.675928"><ele>2010.0</ele></trkpt>
    <trkpt lat="46.656467" lon="8.676113"><ele>2008.8</ele></trkpt>
    <trkpt lat="46.656403" lon="8.676298"><ele>2007.6</ele></trkpt>
    <trkpt lat="46.656318" lon="8.676467"><ele>2006.3</ele></trkpt>
    <trkpt lat="46.656216" lon="8.676619"><ele>2005.1</ele></trkpt>
    <trkpt lat="46.656121" lon="8.676763"><ele>2003.9</ele></trkpt>
    <trkpt lat="46.656032" lon="8.676895"><ele>2002.8</ele></trkpt>
    <trkpt lat="46.655942" lon="8.677008"><ele>2001.7</ele></trkpt>
    <trkpt lat="46.655840" lon="8.677081"><ele>2000.8</ele></trkpt>
    <trkpt lat="46.655727" lon="8.677113"><ele>1999.9</ele></trkpt>
    <trkpt lat="46.655610" lon="8.677100"><ele>1999.0</ele></trkpt>
    <trkpt lat="46.655498" lon="8.677033"><ele>1998.0</ele></trkpt>
    <trkpt lat="46.655396" lon="8.676932"><ele>1997.1</ele></trkpt>
    <trkpt lat="46.655292" lon="8.676829"><ele>1996.1</ele></trkpt>
    <trkpt lat="46.655188" lon="8.676728"><ele>1995.1</ele></trkpt>
    <trkpt lat="46.655085" lon="8.676634"><ele>1994.2</ele></trkpt>
    <trkpt lat="46.654983" lon="8.676568"><ele>1993.3</ele></trkpt>
    <trkpt lat="46.654881" lon="8.676550"><ele>1992.5</ele></trkpt>
    <trkpt lat="46.654783" lon="8.676582"><ele>1991.8</ele></trkpt>
    <trkpt lat="46.654703" lon="8.676667"><ele>1991.0</ele></trkpt>
    <trkpt lat="46.654659" lon="8.676800"><ele>1990.2</ele></trkpt>
    <trkpt lat="46.654643" lon="8.676959"><ele>1989.4</ele></trkpt>
    <trkpt lat="46.654632" lon="8.677120"><ele>1988.5</ele></trkpt>
    <trkpt lat="46.654608" lon="8.677297"><ele>1987.5</ele></trkpt>
    <trkpt lat="46.654564" lon="8.677478"><ele>1986.4</ele></trkpt>
    <trkpt lat="46.654501" lon="8.677645"><ele>1985.2</ele></trkpt>
    <trkpt lat="46.654425" lon="8.677814"><ele>1983.8</ele></trkpt>
    <trkpt lat="46.654343" lon="8.677985"><ele>1982.4</ele></trkpt>
    <trkpt lat="46.654258" lon="8.678151"><ele>1981.0</ele></trkpt>
    <trkpt lat="46.654169" lon="8.678316"><ele>1979.6</ele></trkpt>
    <trkpt lat="46.654079" lon="8.678474"><ele>1978.2</ele></trkpt>
    <trkpt lat="46.653989" lon="8.678624"><ele>1976.8</ele></trkpt>
    <trkpt lat="46.653891" lon="8.678759"><ele>1975.5</ele></trkpt>
    <trkpt lat="46.653795" lon="8.678874"><ele>1974.3</ele></trkpt>
    <trkpt lat="46.653705" lon="8.678979"><ele>1973.1</ele></trkpt>
    <trkpt lat="46.653626" lon="8.679073"><ele>1972.1</ele></trkpt>
    <trkpt lat="46.653559" lon="8.679158"><ele>1971.3</ele></trkpt>
    <trkpt lat="46.653499" lon="8.679238"><ele>1970.5</ele></trkpt>
    <trkpt lat="46.653443" lon="8.679303"><ele>1969.8</ele></trkpt>
    <trkpt lat="46.653385" lon="8.679330"><ele>1969.2</ele></trkpt>
    <trkpt lat="46.653334" lon="8.679307"><ele>1968.7</ele></trkpt>
    <trkpt lat="46.653329" lon="8.679237"><ele>1968.3</ele></trkpt>
    <trkpt lat="46.653351" lon="8.679164"><ele>1967.9</ele></trkpt>
    <trkpt lat="46.653400" lon="8.679105"><ele>1967.4</ele></trkpt>
    <trkpt lat="46.653457" lon="8.679043"><ele>1966.8</ele></trkpt>
    <trkpt lat="46.653519" lon="8.678966"><ele>1966.1</ele></trkpt>
    <trkpt lat="46.653579" lon="8.678868"><ele>1965.4</ele></trkpt>
    <trkpt lat="46.653635" lon="8.678759"><ele>1964.6</ele></trkpt>
    <trkpt lat="46.653689" lon="8.678639"><ele>1963.8</ele></trkpt>
    <trkpt lat="46.653739" lon="8.678510"><ele>1963.0</ele></trkpt>
    <trkpt lat="46.653790" lon="8.678382"><ele>1962.2</ele></trkpt>
    <trkpt lat="46.653837" lon="8.678265"><ele>1961.4</ele></trkpt>
    <trkpt lat="46.653876" lon="8.678160"><ele>1960.7</ele></trkpt>
    <trkpt lat="46.653882" lon="8.678046"><ele>1960.1</ele></trkpt>
    <trkpt lat="46.653841" lon="8.677958"><ele>1959.5</ele></trkpt>
    <trkpt lat="46.653769" lon="8.677944"><ele>1958.9</ele></trkpt>
    <trkpt lat="46.653708" lon="8.677997"><ele>1958.3</ele></trkpt>
    <trkpt lat="46.653660" lon="8.678075"><ele>1957.7</ele></trkpt>
    <trkpt lat="46.653612" lon="8.678175"><ele>1957.1</ele></trkpt>
    <trkpt lat="46.653558" lon="8.678280"><ele>1956.3</ele></trkpt>
    <trkpt lat="46.653497" lon="8.678392"><ele>1955.5</ele></trkpt>
    <trkpt lat="46.653433" lon="8.678513"><ele>1954.7</ele></trkpt>
    <trkpt lat="46.653364" lon="8.678643"><ele>1953.7</ele></trkpt>
    <trkpt lat="46.653289" lon="8.678776"><ele>1952.7</ele></trkpt>
    <trkpt lat="46.653213" lon="8.678912"><ele>1951.7</ele></trkpt>
    <trkpt lat="46.653136" lon="8.679049"><ele>1950.7</ele></trkpt>
    <trkpt lat="46.653063" lon="8.679193"><ele>1949.7</ele></trkpt>
    <trkpt lat="46.652993" lon="8.679346"><ele>1948.6</ele></trkpt>
    <trkpt lat="46.652926" lon="8.679503"><ele>1947.6</ele></trkpt>
    <trkpt lat="46.652857" lon="8.679650"><ele>1946.5</ele></trkpt>
    <trkpt lat="46.652792" lon="8.679794"><ele>1945.5</ele></trkpt>
    <trkpt lat="46.652735" lon="8.679944"><ele>1944.5</ele></trkpt>
    <trkpt lat="46.652694" lon="8.680109"><ele>1943.5</ele></trkpt>
    <trkpt lat="46.652663" lon="8.680282"><ele>1942.5</ele></trkpt>
    <trkpt lat="46.652627" lon="8.680454"><ele>1941.5</ele></trkpt>
    <trkpt lat="46.652583" lon="8.680632"><ele>1940.4</ele></trkpt>
    <trkpt lat="46.652539" lon="8.680804"><ele>1939.3</ele></trkpt>
    <trkpt lat="46.652497" lon="8.680963"><ele>1938.4</ele></trkpt>
    <trkpt lat="46.652459" lon="8.681107"><ele>1937.6</ele></trkpt>
    <trkpt lat="46.652425" lon="8.681239"><ele>1936.8</ele></trkpt>
    <trkpt lat="46.652394" lon="8.681363"><ele>1936.1</ele></trkpt>
    <trkpt lat="46.652371" lon="8.681475"><ele>1935.4</ele></trkpt>
    <trkpt lat="46.652348" lon="8.681573"><ele>1934.9</ele></trkpt>
    <trkpt lat="46.652314" lon="8.681649"><ele>1934.4</ele></trkpt>
    <trkpt lat="46.652263" lon="8.681678"><ele>1933.9</ele></trkpt>
    <trkpt lat="46.652216" lon="8.681637"><ele>1933.5</ele></trkpt>
    <trkpt lat="46.652210" lon="8.681562"><ele>1933.1</ele></trkpt>
    <trkpt lat="46.652231" lon="8.681482"><ele>1932.6</ele></trkpt>
    <trkpt lat="46.652263" lon="8.681397"><ele>1932.1</ele></trkpt>
    <trkpt lat="46.652296" lon="8.681301"><ele>1931.5</ele></trkpt>
    <trkpt lat="46.652318" lon="8.681185"><ele>1930.9</ele></trkpt>
    <trkpt lat="46.652334" lon="8.681064"><ele>1930.2</ele></trkpt>
    <trkpt lat="46.652342" lon="8.680930"><ele>1929.5</ele></trkpt>
    <trkpt lat="46.652335" lon="8.680790"><ele>1928.7</ele></trkpt>
    <trkpt lat="46.652315" lon="8.680650"><ele>1927.9</ele></trkpt>
    <trkpt lat="46.652280" lon="8.680515"><ele>1927.1</ele></trkpt>
    <trkpt lat="46.652250" lon="8.680368"><ele>1926.3</ele></trkpt>
    <trkpt lat="46.652235" lon="8.680216"><ele>1925.5</ele></trkpt>
    <trkpt lat="46.652229" lon="8.680066"><ele>1924.7</ele></trkpt>
    <trkpt lat="46.652227" lon="8.679925"><ele>1924.0</ele></trkpt>
    <trkpt lat="46.652230" lon="8.679791"><ele>1923.4</ele></trkpt>
    <trkpt lat="46.652232" lon="8.679671"><ele>1922.9</ele></trkpt>
    <trkpt lat="46.652235" lon="8.679570"><ele>1922.4</ele></trkpt>
    <trkpt lat="46.652223" lon="8.679479"><ele>1922.0</ele></trkpt>
    <trkpt lat="46.652183" lon="8.679407"><ele>1921.5</ele></trkpt>
    <trkpt lat="46.652114" lon="8.679388"><ele>1921.0</ele></trkpt>
    <trkpt lat="46.652064" lon="8.679431"><ele>1920.7</ele></trkpt>
    <trkpt lat="46.652038" lon="8.679511"><ele>1920.2</ele></trkpt>
    <trkpt lat="46.652020" lon="8.679616"><ele>1919.7</ele></trkpt>
    <trkpt lat="46.652003" lon="8.679737"><ele>1919.2</ele></trkpt>
    <trkpt lat="46.651985" lon="8.679861"><ele>1918.6</ele></trkpt>
    <trkpt lat="46.651964" lon="8.679993"><ele>1917.9</ele></trkpt>
    <trkpt lat="46.651946" lon="8.680132"><ele>1917.3</ele></trkpt>
    <trkpt lat="46.651935" lon="8.680285"><ele>1916.6</ele></trkpt>
    <trkpt lat="46.651933" lon="8.680440"><ele>1915.8</ele></trkpt>
    <trkpt lat="46.651937" lon="8.680604"><ele>1915.1</ele></trkpt>
    <trkpt lat="46.651940" lon="8.680778"><ele>1914.3</ele></trkpt>
    <trkpt lat="46.651918" lon="8.680954"><ele>1913.4</ele></trkpt>
    <trkpt lat="46.651877" lon="8.681130"><ele>1912.5</ele></trkpt>
    <trkpt lat="46.651827" lon="8.681305"><ele>1911.4</ele></trkpt>
    <trkpt lat="46.651776" lon="8.681483"><ele>1910.3</ele></trkpt>
    <trkpt lat="46.651729" lon="8.681663"><ele>1909.2</ele></trkpt>
    <trkpt lat="46.651684" lon="8.681844"><ele>1908.1</ele></trkpt>
    <trkpt lat="46.651642" lon="8.682020"><ele>1907.0</ele></trkpt>
    <trkpt lat="46.651597" lon="8.682190"><ele>1906.0</ele></trkpt>
    <trkpt lat="46.651552" lon="8.682359"><ele>1904.9</ele></trkpt>
    <trkpt lat="46.651504" lon="8.682525"><ele>1903.9</ele></trkpt>
    <trkpt lat="46.651455" lon="8.682686"><ele>1902.9</ele></trkpt>
    <trkpt lat="46.651409" lon="8.682835"><ele>1901.9</ele></trkpt>
    <trkpt lat="46.651363" lon="8.682976"><ele>1901.0</ele></trkpt>
    <trkpt lat="46.651321" lon="8.683107"><ele>1900.2</ele></trkpt>
    <trkpt lat="46.651287" lon="8.683238"><ele>1899.4</ele></trkpt>
    <trkpt lat="46.651263" lon="8.683373"><ele>1898.6</ele></trkpt>
    <trkpt lat="46.651263" lon="8.683373"><ele>1898.6</ele></trkpt>
    <trkpt lat="46.651234" lon="8.683637"><ele>1897.1</ele></trkpt>
    <trkpt lat="46.651224" lon="8.683752"><ele>1896.4</ele></trkpt>
    <trkpt lat="46.651220" lon="8.683861"><ele>1895.8</ele></trkpt>
    <trkpt lat="46.651210" lon="8.683966"><ele>1895.2</ele></trkpt>
    <trkpt lat="46.651167" lon="8.684034"><ele>1894.7</ele></trkpt>
    <trkpt lat="46.651107" lon="8.684041"><ele>1894.2</ele></trkpt>
    <trkpt lat="46.651064" lon="8.683980"><ele>1893.7</ele></trkpt>
    <trkpt lat="46.651048" lon="8.683889"><ele>1893.2</ele></trkpt>
    <trkpt lat="46.651035" lon="8.683781"><ele>1892.6</ele></trkpt>
    <trkpt lat="46.651020" lon="8.683661"><ele>1891.9</ele></trkpt>
    <trkpt lat="46.651003" lon="8.683534"><ele>1891.2</ele></trkpt>
    <trkpt lat="46.650979" lon="8.683402"><ele>1890.4</ele></trkpt>
    <trkpt lat="46.650957" lon="8.683267"><ele>1889.7</ele></trkpt>
    <trkpt lat="46.650937" lon="8.683125"><ele>1888.8</ele></trkpt>
    <trkpt lat="46.650923" lon="8.682980"><ele>1888.0</ele></trkpt>
    <trkpt lat="46.650918" lon="8.682832"><ele>1887.2</ele></trkpt>
    <trkpt lat="46.650922" lon="8.682677"><ele>1886.3</ele></trkpt>
    <trkpt lat="46.650934" lon="8.682521"><ele>1885.5</ele></trkpt>
    <trkpt lat="46.650952" lon="8.682360"><ele>1884.5</ele></trkpt>
    <trkpt lat="46.650969" lon="8.682196"><ele>1883.6</ele></trkpt>
    <trkpt lat="46.650982" lon="8.682034"><ele>1882.8</ele></trkpt>
    <trkpt lat="46.650997" lon="8.681876"><ele>1882.0</ele></trkpt>
    <trkpt lat="46.651014" lon="8.681731"><ele>1881.3</ele></trkpt>
    <trkpt lat="46.651030" lon="8.681596"><ele>1880.7</ele></trkpt>
    <trkpt lat="46.651044" lon="8.681468"><ele>1880.1</ele></trkpt>
    <trkpt lat="46.651059" lon="8.681354"><ele>1879.5</ele></trkpt>
    <trkpt lat="46.651075" lon="8.681256"><ele>1879.0</ele></trkpt>
    <trkpt lat="46.651089" lon="8.681162"><ele>1878.6</ele></trkpt>
    <trkpt lat="46.651075" lon="8.681070"><ele>1878.1</ele></trkpt>
    <trkpt lat="46.651031" lon="8.681004"><ele>1877.7</ele></trkpt>
    <trkpt lat="46.650960" lon="8.680993"><ele>1877.2</ele></trkpt>
    <trkpt lat="46.650915" lon="8.681049"><ele>1876.8</ele></trkpt>
    <trkpt lat="46.650895" lon="8.681139"><ele>1876.4</ele></trkpt>
    <trkpt lat="46.650882" lon="8.681250"><ele>1875.8</ele></trkpt>
    <trkpt lat="46.650866" lon="8.681366"><ele>1875.3</ele></trkpt>
    <trkpt lat="46.650848" lon="8.681495"><ele>1874.6</ele></trkpt>
    <trkpt lat="46.650821" lon="8.681627"><ele>1874.0</ele></trkpt>
    <trkpt lat="46.650785" lon="8.681762"><ele>1873.3</ele></trkpt>
    <trkpt lat="46.650741" lon="8.681900"><ele>1872.6</ele></trkpt>
    <trkpt lat="46.650690" lon="8.682042"><ele>1871.8</ele></trkpt>
    <trkpt lat="46.650639" lon="8.682193"><ele>1871.0</ele></trkpt>
    <trkpt lat="46.650589" lon="8.682352"><ele>1870.1</ele></trkpt>
    <trkpt lat="46.650536" lon="8.682511"><ele>1869.1</ele></trkpt>
    <trkpt lat="46.650482" lon="8.682662"><ele>1868.1</ele></trkpt>
    <trkpt lat="46.650429" lon="8.682814"><ele>1867.2</ele></trkpt>
    <trkpt lat="46.650378" lon="8.682969"><ele>1866.2</ele></trkpt>
    <trkpt lat="46.650335" lon="8.683128"><ele>1865.3</ele></trkpt>
    <trkpt lat="46.650298" lon="8.683288"><ele>1864.3</ele></trkpt>
    <trkpt lat="46.650264" lon="8.683441"><ele>1863.4</ele></trkpt>
    <trkpt lat="46.650230" lon="8.683584"><ele>1862.6</ele></trkpt>
    <trkpt lat="46.650194" lon="8.683726"><ele>1861.7</ele></trkpt>
    <trkpt lat="46.650163" lon="8.683867"><ele>1860.9</ele></trkpt>
    <trkpt lat="46.650149" lon="8.684011"><ele>1860.1</ele></trkpt>
    <trkpt lat="46.650157" lon="8.684162"><ele>1859.3</ele></trkpt>
    <trkpt lat="46.650181" lon="8.684312"><ele>1858.4</ele></trkpt>
    <trkpt lat="46.650202" lon="8.684458"><ele>1857.6</ele></trkpt>
    <trkpt lat="46.650220" lon="8.684604"><ele>1856.7</ele></trkpt>
    <trkpt lat="46.650234" lon="8.684751"><ele>1855.9</ele></trkpt>
    <trkpt lat="46.650243" lon="8.684892"><ele>1855.1</ele></trkpt>
    <trkpt lat="46.650253" lon="8.685024"><ele>1854.4</ele></trkpt>
    <trkpt lat="46.650262" lon="8.685144"><ele>1853.7</ele></trkpt>
    <trkpt lat="46.650274" lon="8.685257"><ele>1853.1</ele></trkpt>
    <trkpt lat="46.650284" lon="8.685366"><ele>1852.5</ele></trkpt>
    <trkpt lat="46.650291" lon="8.685467"><ele>1852.0</ele></trkpt>
    <trkpt lat="46.650273" lon="8.685553"><ele>1851.5</ele></trkpt>
    <trkpt lat="46.650232" lon="8.685605"><ele>1851.0</ele></trkpt>
    <trkpt lat="46.650185" lon="8.685589"><ele>1850.7</ele></trkpt>
    <trkpt lat="46.650166" lon="8.685526"><ele>1850.3</ele></trkpt>
    <trkpt lat="46.650163" lon="8.685443"><ele>1849.8</ele></trkpt>
    <trkpt lat="46.650166" lon="8.685348"><ele>1849.3</ele></trkpt>
    <trkpt lat="46.650171" lon="8.685240"><ele>1848.7</ele></trkpt>
    <trkpt lat="46.650172" lon="8.685123"><ele>1848.1</ele></trkpt>
    <trkpt lat="46.650165" lon="8.685000"><ele>1847.4</ele></trkpt>
    <trkpt lat="46.650147" lon="8.684870"><ele>1846.7</ele></trkpt>
    <trkpt lat="46.650111" lon="8.684736"><ele>1845.9</ele></trkpt>
    <trkpt lat="46.650069" lon="8.684600"><ele>1845.1</ele></trkpt>
    <trkpt lat="46.650029" lon="8.684458"><ele>1844.2</ele></trkpt>
    <trkpt lat="46.649990" lon="8.684310"><ele>1843.4</ele></trkpt>
    <trkpt lat="46.649961" lon="8.684161"><ele>1842.5</ele></trkpt>
    <trkpt lat="46.649944" lon="8.684014"><ele>1841.7</ele></trkpt>
    <trkpt lat="46.649931" lon="8.683873"><ele>1841.0</ele></trkpt>
    <trkpt lat="46.649923" lon="8.683751"><ele>1840.5</ele></trkpt>
    <trkpt lat="46.649916" lon="8.683647"><ele>1840.0</ele></trkpt>
    <trkpt lat="46.649908" lon="8.683550"><ele>1839.5</ele></trkpt>
    <trkpt lat="46.649878" lon="8.683465"><ele>1839.1</ele></trkpt>
    <trkpt lat="46.649820" lon="8.683409"><ele>1838.6</ele></trkpt>
    <trkpt lat="46.649751" lon="8.683404"><ele>1838.1</ele></trkpt>
    <trkpt lat="46.649689" lon="8.683453"><ele>1837.6</ele></trkpt>
    <trkpt lat="46.649668" lon="8.683538"><ele>1837.2</ele></trkpt>
    <trkpt lat="46.649672" lon="8.683649"><ele>1836.7</ele></trkpt>
    <trkpt lat="46.649700" lon="8.683752"><ele>1836.2</ele></trkpt>
    <trkpt lat="46.649735" lon="8.683859"><ele>1835.6</ele></trkpt>
    <trkpt lat="46.649768" lon="8.683977"><ele>1835.0</ele></trkpt>
    <trkpt lat="46.649797" lon="8.684107"><ele>1834.4</ele></trkpt>
    <trkpt lat="46.649809" lon="8.684251"><ele>1833.7</ele></trkpt>
    <trkpt lat="46.649806" lon="8.684400"><ele>1833.0</ele></trkpt>
    <trkpt lat="46.649798" lon="8.684554"><ele>1832.3</ele></trkpt>
    <trkpt lat="46.649788" lon="8.684716"><ele>1831.5</ele></trkpt>
    <trkpt lat="46.649784" lon="8.684886"><ele>1830.7</ele></trkpt>
    <trkpt lat="46.649774" lon="8.685061"><ele>1829.9</ele></trkpt>
    <trkpt lat="46.649763" lon="8.685241"><ele>1828.9</ele></trkpt>
    <trkpt lat="46.649756" lon="8.685423"><ele>1827.8</ele></trkpt>
    <trkpt lat="46.649754" lon="8.685605"><ele>1826.7</ele></trkpt>
    <trkpt lat="46.649759" lon="8.685785"><ele>1825.7</ele></trkpt>
    <trkpt lat="46.649764" lon="8.685957"><ele>1824.6</ele></trkpt>
    <trkpt lat="46.649773" lon="8.686134"><ele>1823.6</ele></trkpt>
    <trkpt lat="46.649786" lon="8.686307"><ele>1822.5</ele></trkpt>
    <trkpt lat="46.649802" lon="8.686472"><ele>1821.6</ele></trkpt>
    <trkpt lat="46.649824" lon="8.686628"><ele>1820.6</ele></trkpt>
    <trkpt lat="46.649853" lon="8.686779"><ele>1819.7</ele></trkpt>
    <trkpt lat="46.649881" lon="8.686921"><ele>1818.8</ele></trkpt>
    <trkpt lat="46.649905" lon="8.687047"><ele>1818.0</ele></trkpt>
    <trkpt lat="46.649932" lon="8.687162"><ele>1817.3</ele></trkpt>
    <trkpt lat="46.649961" lon="8.687263"><ele>1816.6</ele></trkpt>
    <trkpt lat="46.649984" lon="8.687343"><ele>1816.1</ele></trkpt>
    <trkpt lat="46.649996" lon="8.687420"><ele>1815.6</ele></trkpt>
    <trkpt lat="46.649971" lon="8.687486"><ele>1815.2</ele></trkpt>
    <trkpt lat="46.649923" lon="8.687503"><ele>1814.8</ele></trkpt>
    <trkpt lat="46.649882" lon="8.687474"><ele>1814.4</ele></trkpt>
    <trkpt lat="46.649862" lon="8.687406"><ele>1813.9</ele></trkpt>
    <trkpt lat="46.649849" lon="8.687322"><ele>1813.4</ele></trkpt>
    <trkpt lat="46.649838" lon="8.687225"><ele>1812.9</ele></trkpt>
    <trkpt lat="46.649822" lon="8.687117"><ele>1812.3</ele></trkpt>
    <trkpt lat="46.649800" lon="8.687000"><ele>1811.6</ele></trkpt>
    <trkpt lat="46.649770" lon="8.686879"><ele>1810.9</ele></trkpt>
    <trkpt lat="46.649731" lon="8.686760"><ele>1810.1</ele></trkpt>
    <trkpt lat="46.649691" lon="8.686627"><ele>1809.3</ele></trkpt>
    <trkpt lat="46.649652" lon="8.686490"><ele>1808.5</ele></trkpt>
    <trkpt lat="46.649605" lon="8.686359"><ele>1807.7</ele></trkpt>
    <trkpt lat="46.649538" lon="8.686249"><ele>1806.8</ele></trkpt>
    <trkpt lat="46.649456" lon="8.686173"><ele>1806.0</ele></trkpt>
    <trkpt lat="46.649362" lon="8.686134"><ele>1805.2</ele></trkpt>
    <trkpt lat="46.649259" lon="8.686132"><ele>1804.4</ele></trkpt>
    <trkpt lat="46.649159" lon="8.686164"><ele>1803.6</ele></trkpt>
    <trkpt lat="46.649062" lon="8.686211"><ele>1802.7</ele></trkpt>
    <trkpt lat="46.648967" lon="8.686250"><ele>1801.9</ele></trkpt>
    <trkpt lat="46.648875" lon="8.686288"><ele>1801.1</ele></trkpt>
    <trkpt lat="46.648783" lon="8.686328"><ele>1800.4</ele></trkpt>
    <trkpt lat="46.648700" lon="8.686389"><ele>1799.6</ele></trkpt>
    <trkpt lat="46.648635" lon="8.686486"><ele>1798.8</ele></trkpt>
    <trkpt lat="46.648592" lon="8.686606"><ele>1797.9</ele></trkpt>
    <trkpt lat="46.648576" lon="8.686744"><ele>1796.9</ele></trkpt>
    <trkpt lat="46.648593" lon="8.686882"><ele>1796.0</ele></trkpt>
    <trkpt lat="46.648641" lon="8.687008"><ele>1795.0</ele></trkpt>
    <trkpt lat="46.648718" lon="8.687117"><ele>1794.0</ele></trkpt>
    <trkpt lat="46.648809" lon="8.687219"><ele>1792.9</ele></trkpt>
    <trkpt lat="46.648901" lon="8.687331"><ele>1791.7</ele></trkpt>
    <trkpt lat="46.648998" lon="8.687445"><ele>1790.5</ele></trkpt>
    <trkpt lat="46.649089" lon="8.687569"><ele>1789.2</ele></trkpt>
    <trkpt lat="46.649152" lon="8.687726"><ele>1788.0</ele></trkpt>
    <trkpt lat="46.649189" lon="8.687909"><ele>1786.8</ele></trkpt>
    <trkpt lat="46.649197" lon="8.688100"><ele>1785.5</ele></trkpt>
    <trkpt lat="46.649197" lon="8.688296"><ele>1784.2</ele></trkpt>
    <trkpt lat="46.649192" lon="8.688499"><ele>1782.8</ele></trkpt>
    <trkpt lat="46.649187" lon="8.688708"><ele>1781.4</ele></trkpt>
    <trkpt lat="46.649183" lon="8.688920"><ele>1780.0</ele></trkpt>
    <trkpt lat="46.649176" lon="8.689138"><ele>1778.6</ele></trkpt>
    <trkpt lat="46.649170" lon="8.689357"><ele>1777.2</ele></trkpt>
    <trkpt lat="46.649159" lon="8.689572"><ele>1775.9</ele></trkpt>
    <trkpt lat="46.649142" lon="8.689784"><ele>1774.5</ele></trkpt>
    <trkpt lat="46.649123" lon="8.689987"><ele>1773.2</ele></trkpt>
    <trkpt lat="46.649104" lon="8.690181"><ele>1771.9</ele></trkpt>
    <trkpt lat="46.649084" lon="8.690368"><ele>1770.7</ele></trkpt>
    <trkpt lat="46.649064" lon="8.690547"><ele>1769.6</ele></trkpt>
    <trkpt lat="46.649041" lon="8.690717"><ele>1768.4</ele></trkpt>
    <trkpt lat="46.649023" lon="8.690881"><ele>1767.4</ele></trkpt>
    <trkpt lat="46.649013" lon="8.691051"><ele>1766.3</ele></trkpt>
    <trkpt lat="46.649015" lon="8.691226"><ele>1765.2</ele></trkpt>
    <trkpt lat="46.649031" lon="8.691395"><ele>1764.1</ele></trkpt>
    <trkpt lat="46.649062" lon="8.691559"><ele>1763.1</ele></trkpt>
    <trkpt lat="46.649098" lon="8.691727"><ele>1762.1</ele></trkpt>
    <trkpt lat="46.649129" lon="8.691904"><ele>1761.0</ele></trkpt>
    <trkpt lat="46.649155" lon="8.692077"><ele>1759.9</ele></trkpt>
    <trkpt lat="46.649179" lon="8.692249"><ele>1758.9</ele></trkpt>
    <trkpt lat="46.649200" lon="8.692411"><ele>1757.9</ele></trkpt>
    <trkpt lat="46.649223" lon="8.692567"><ele>1757.0</ele></trkpt>
    <trkpt lat="46.649242" lon="8.692708"><ele>1756.1</ele></trkpt>
    <trkpt lat="46.649257" lon="8.692837"><ele>1755.3</ele></trkpt>
    <trkpt lat="46.649270" lon="8.692957"><ele>1754.6</ele></trkpt>
    <trkpt lat="46.649296" lon="8.693072"><ele>1753.9</ele></trkpt>
    <trkpt lat="46.649346" lon="8.693170"><ele>1753.2</ele></trkpt>
    <trkpt lat="46.649415" lon="8.693235"><ele>1752.4</ele></trkpt>
    <trkpt lat="46.649504" lon="8.693261"><ele>1751.7</ele></trkpt>
    <trkpt lat="46.649592" lon="8.693252"><ele>1750.9</ele></trkpt>
    <trkpt lat="46.649678" lon="8.693223"><ele>1750.1</ele></trkpt>
    <trkpt lat="46.649766" lon="8.693189"><ele>1749.3</ele></trkpt>
    <trkpt lat="46.649862" lon="8.693158"><ele>1748.5</ele></trkpt>
    <trkpt lat="46.649955" lon="8.693155"><ele>1747.7</ele></trkpt>
    <trkpt lat="46.650041" lon="8.693189"><ele>1747.0</ele></trkpt>
    <trkpt lat="46.650111" lon="8.693272"><ele>1746.2</ele></trkpt>
    <trkpt lat="46.650167" lon="8.693386"><ele>1745.4</ele></trkpt>
    <trkpt lat="46.650217" lon="8.693509"><ele>1744.6</ele></trkpt>
    <trkpt lat="46.650267" lon="8.693638"><ele>1743.8</ele></trkpt>
    <trkpt lat="46.650317" lon="8.693775"><ele>1742.9</ele></trkpt>
    <trkpt lat="46.650368" lon="8.693922"><ele>1741.9</ele></trkpt>
    <trkpt lat="46.650421" lon="8.694078"><ele>1740.9</ele></trkpt>
    <trkpt lat="46.650471" lon="8.694238"><ele>1739.9</ele></trkpt>
    <trkpt lat="46.650518" lon="8.694403"><ele>1738.9</ele></trkpt>
    <trkpt lat="46.650563" lon="8.694577"><ele>1737.8</ele></trkpt>
    <trkpt lat="46.650605" lon="8.694756"><ele>1736.7</ele></trkpt>
    <trkpt lat="46.650647" lon="8.694934"><ele>1735.6</ele></trkpt>
    <trkpt lat="46.650686" lon="8.695108"><ele>1734.6</ele></trkpt>
    <trkpt lat="46.650721" lon="8.695267"><ele>1733.6</ele></trkpt>
    <trkpt lat="46.650753" lon="8.695421"><ele>1732.8</ele></trkpt>
    <trkpt lat="46.650790" lon="8.695565"><ele>1731.9</ele></trkpt>
    <trkpt lat="46.650837" lon="8.695701"><ele>1731.1</ele></trkpt>
    <trkpt lat="46.650906" lon="8.695818"><ele>1730.3</ele></trkpt>
    <trkpt lat="46.650995" lon="8.695902"><ele>1729.4</ele></trkpt>
    <trkpt lat="46.651099" lon="8.695948"><ele>1728.6</ele></trkpt>
    <trkpt lat="46.651208" lon="8.695969"><ele>1727.7</ele></trkpt>
    <trkpt lat="46.651324" lon="8.695973"><ele>1726.8</ele></trkpt>
    <trkpt lat="46.651439" lon="8.695977"><ele>1725.9</ele></trkpt>
    <trkpt lat="46.651553" lon="8.695989"><ele>1725.0</ele></trkpt>
    <trkpt lat="46.651671" lon="8.696024"><ele>1724.0</ele></trkpt>
    <trkpt lat="46.651789" lon="8.696075"><ele>1723.1</ele></trkpt>
    <trkpt lat="46.651904" lon="8.696153"><ele>1722.1</ele></trkpt>
    <trkpt lat="46.652012" lon="8.696252"><ele>1721.1</ele></trkpt>
    <trkpt lat="46.652108" lon="8.696374"><ele>1720.1</ele></trkpt>
    <trkpt lat="46.652199" lon="8.696510"><ele>1719.1</ele></trkpt>
    <trkpt lat="46.652288" lon="8.696650"><ele>1718.1</ele></trkpt>
    <trkpt lat="46.652379" lon="8.696793"><ele>1717.1</ele></trkpt>
    <trkpt lat="46.652469" lon="8.696934"><ele>1716.1</ele></trkpt>
    <trkpt lat="46.652558" lon="8.697077"><ele>1715.1</ele></trkpt>
    <trkpt lat="46.652649" lon="8.697220"><ele>1714.1</ele></trkpt>
    <trkpt lat="46.652737" lon="8.697364"><ele>1713.1</ele></trkpt>
    <trkpt lat="46.652826" lon="8.697504"><ele>1712.1</ele></trkpt>
    <trkpt lat="46.652919" lon="8.697634"><ele>1711.1</ele></trkpt>
    <trkpt lat="46.653016" lon="8.697757"><ele>1710.2</ele></trkpt>
    <trkpt lat="46.653111" lon="8.697876"><ele>1709.2</ele></trkpt>
    <trkpt lat="46.653203" lon="8.697999"><ele>1708.3</ele></trkpt>
    <trkpt lat="46.653292" lon="8.698126"><ele>1707.4</ele></trkpt>
    <trkpt lat="46.653375" lon="8.698269"><ele>1706.4</ele></trkpt>
    <trkpt lat="46.653448" lon="8.698428"><ele>1705.4</ele></trkpt>
    <trkpt lat="46.653513" lon="8.698603"><ele>1704.3</ele></trkpt>
    <trkpt lat="46.653568" lon="8.698782"><ele>1703.3</ele></trkpt>
    <trkpt lat="46.653621" lon="8.698958"><ele>1702.2</ele></trkpt>
    <trkpt lat="46.653670" lon="8.699128"><ele>1701.2</ele></trkpt>
    <trkpt lat="46.653717" lon="8.699287"><ele>1700.3</ele></trkpt>
    <trkpt lat="46.653764" lon="8.699440"><ele>1699.4</ele></trkpt>
    <trkpt lat="46.653805" lon="8.699594"><ele>1698.5</ele></trkpt>
    <trkpt lat="46.653829" lon="8.699757"><ele>1697.7</ele></trkpt>
    <trkpt lat="46.653839" lon="8.699929"><ele>1696.7</ele></trkpt>
    <trkpt lat="46.653832" lon="8.700097"><ele>1695.8</ele></trkpt>
    <trkpt lat="46.653821" lon="8.700255"><ele>1695.0</ele></trkpt>
    <trkpt lat="46.653809" lon="8.700399"><ele>1694.2</ele></trkpt>
    <trkpt lat="46.653798" lon="8.700534"><ele>1693.5</ele></trkpt>
    <trkpt lat="46.653797" lon="8.700669"><ele>1692.8</ele></trkpt>
    <trkpt lat="46.653816" lon="8.700806"><ele>1692.0</ele></trkpt>
    <trkpt lat="46.653853" lon="8.700939"><ele>1691.3</ele></trkpt>
    <trkpt lat="46.653899" lon="8.701065"><ele>1690.5</ele></trkpt>
    <trkpt lat="46.653950" lon="8.701187"><ele>1689.8</ele></trkpt>
    <trkpt lat="46.654012" lon="8.701305"><ele>1689.0</ele></trkpt>
    <trkpt lat="46.654092" lon="8.701406"><ele>1688.2</ele></trkpt>
    <trkpt lat="46.654179" lon="8.701495"><ele>1687.4</ele></trkpt>
    <trkpt lat="46.654272" lon="8.701574"><ele>1686.5</ele></trkpt>
    <trkpt lat="46.654369" lon="8.701647"><ele>1685.7</ele></trkpt>
    <trkpt lat="46.654457" lon="8.701733"><ele>1684.9</ele></trkpt>
    <trkpt lat="46.654534" lon="8.701840"><ele>1684.1</ele></trkpt>
    <trkpt lat="46.654588" lon="8.701968"><ele>1683.3</ele></trkpt>
    <trkpt lat="46.654633" lon="8.702126"><ele>1682.4</ele></trkpt>
    <trkpt lat="46.654666" lon="8.702290"><ele>1681.5</ele></trkpt>
    <trkpt lat="46.654685" lon="8.702460"><ele>1680.6</ele></trkpt>
    <trkpt lat="46.654706" lon="8.702633"><ele>1679.7</ele></trkpt>
    <trkpt lat="46.654725" lon="8.702807"><ele>1678.7</ele></trkpt>
    <trkpt lat="46.654746" lon="8.702982"><ele>1677.9</ele></trkpt>
    <trkpt lat="46.654767" lon="8.703161"><ele>1677.1</ele></trkpt>
    <trkpt lat="46.654787" lon="8.703341"><ele>1676.2</ele></trkpt>
    <trkpt lat="46.654804" lon="8.703519"><ele>1675.4</ele></trkpt>
    <trkpt lat="46.654820" lon="8.703693"><ele>1674.6</ele></trkpt>
    <trkpt lat="46.654832" lon="8.703864"><ele>1673.8</ele></trkpt>
    <trkpt lat="46.654839" lon="8.704034"><ele>1673.0</ele></trkpt>
    <trkpt lat="46.654845" lon="8.704211"><ele>1672.2</ele></trkpt>
    <trkpt lat="46.654849" lon="8.704386"><ele>1671.4</ele></trkpt>
    <trkpt lat="46.654853" lon="8.704560"><ele>1670.6</ele></trkpt>
    <trkpt lat="46.654857" lon="8.704733"><ele>1669.8</ele></trkpt>
    <trkpt lat="46.654859" lon="8.704905"><ele>1669.0</ele></trkpt>
    <trkpt lat="46.654862" lon="8.705081"><ele>1668.2</ele></trkpt>
    <trkpt lat="46.654864" lon="8.705261"><ele>1667.4</ele></trkpt>
    <trkpt lat="46.654866" lon="8.705437"><ele>1666.5</ele></trkpt>
    <trkpt lat="46.654868" lon="8.705613"><ele>1665.9</ele></trkpt>
    <trkpt lat="46.654870" lon="8.705790"><ele>1665.2</ele></trkpt>
    <trkpt lat="46.654874" lon="8.705966"><ele>1664.5</ele></trkpt>
    <trkpt lat="46.654880" lon="8.706144"><ele>1663.8</ele></trkpt>
    <trkpt lat="46.654890" lon="8.706315"><ele>1663.1</ele></trkpt>
    <trkpt lat="46.654905" lon="8.706477"><ele>1662.4</ele></trkpt>
    <trkpt lat="46.654921" lon="8.706637"><ele>1661.8</ele></trkpt>
    <trkpt lat="46.654940" lon="8.706797"><ele>1661.2</ele></trkpt>
    <trkpt lat="46.654963" lon="8.706960"><ele>1660.5</ele></trkpt>
    <trkpt lat="46.654986" lon="8.707117"><ele>1659.9</ele></trkpt>
    <trkpt lat="46.655005" lon="8.707266"><ele>1659.3</ele></trkpt>
    <trkpt lat="46.655018" lon="8.707416"><ele>1658.7</ele></trkpt>
    <trkpt lat="46.655025" lon="8.707572"><ele>1658.1</ele></trkpt>
    <trkpt lat="46.655038" lon="8.707729"><ele>1657.5</ele></trkpt>
    <trkpt lat="46.655063" lon="8.707883"><ele>1656.8</ele></trkpt>
    <trkpt lat="46.655094" lon="8.708030"><ele>1656.2</ele></trkpt>
    <trkpt lat="46.655118" lon="8.708173"><ele>1655.7</ele></trkpt>
    <trkpt lat="46.655135" lon="8.708319"><ele>1655.2</ele></trkpt>
    <trkpt lat="46.655155" lon="8.708459"><ele>1654.7</ele></trkpt>
    <trkpt lat="46.655185" lon="8.708597"><ele>1654.2</ele></trkpt>
    <trkpt lat="46.655224" lon="8.708729"><ele>1653.7</ele></trkpt>
    <trkpt lat="46.655276" lon="8.708853"><ele>1653.2</ele></trkpt>
    <trkpt lat="46.655339" lon="8.708960"><ele>1652.7</ele></trkpt>
    <trkpt lat="46.655411" lon="8.709062"><ele>1652.1</ele></trkpt>
    <trkpt lat="46.655486" lon="8.709168"><ele>1651.6</ele></trkpt>
    <trkpt lat="46.655559" lon="8.709277"><ele>1651.1</ele></trkpt>
    <trkpt lat="46.655623" lon="8.709400"><ele>1650.5</ele></trkpt>
    <trkpt lat="46.655678" lon="8.709539"><ele>1649.9</ele></trkpt>
    <trkpt lat="46.655721" lon="8.709683"><ele>1649.4</ele></trkpt>
    <trkpt lat="46.655759" lon="8.709816"><ele>1648.9</ele></trkpt>
    <trkpt lat="46.655799" lon="8.709943"><ele>1648.4</ele></trkpt>
    <trkpt lat="46.655853" lon="8.710058"><ele>1647.9</ele></trkpt>
    <trkpt lat="46.655925" lon="8.710162"><ele>1647.4</ele></trkpt>
    <trkpt lat="46.656009" lon="8.710256"><ele>1646.7</ele></trkpt>
    <trkpt lat="46.656102" lon="8.710357"><ele>1645.9</ele></trkpt>
    <trkpt lat="46.656194" lon="8.710470"><ele>1645.1</ele></trkpt>
    <trkpt lat="46.656288" lon="8.710587"><ele>1644.2</ele></trkpt>
    <trkpt lat="46.656384" lon="8.710709"><ele>1643.3</ele></trkpt>
    <trkpt lat="46.656477" lon="8.710837"><ele>1642.4</ele></trkpt>
    <trkpt lat="46.656568" lon="8.710973"><ele>1641.5</ele></trkpt>
    <trkpt lat="46.656655" lon="8.711121"><ele>1640.6</ele></trkpt>
    <trkpt lat="46.656739" lon="8.711272"><ele>1639.6</ele></trkpt>
    <trkpt lat="46.656815" lon="8.711429"><ele>1638.7</ele></trkpt>
    <trkpt lat="46.656883" lon="8.711588"><ele>1637.8</ele></trkpt>
    <trkpt lat="46.656945" lon="8.711751"><ele>1636.9</ele></trkpt>
    <trkpt lat="46.657001" lon="8.711915"><ele>1636.0</ele></trkpt>
    <trkpt lat="46.657058" lon="8.712080"><ele>1635.1</ele></trkpt>
    <trkpt lat="46.657113" lon="8.712240"><ele>1634.3</ele></trkpt>
    <trkpt lat="46.657163" lon="8.712391"><ele>1633.5</ele></trkpt>
    <trkpt lat="46.657209" lon="8.712534"><ele>1632.7</ele></trkpt>
    <trkpt lat="46.657258" lon="8.712674"><ele>1631.9</ele></trkpt>
    <trkpt lat="46.657313" lon="8.712813"><ele>1631.1</ele></trkpt>
    <trkpt lat="46.657379" lon="8.712948"><ele>1630.3</ele></trkpt>
    <trkpt lat="46.657459" lon="8.713069"><ele>1629.5</ele></trkpt>
    <trkpt lat="46.657542" lon="8.713191"><ele>1628.7</ele></trkpt>
    <trkpt lat="46.657631" lon="8.713315"><ele>1627.8</ele></trkpt>
    <trkpt lat="46.657722" lon="8.713444"><ele>1626.9</ele></trkpt>
    <trkpt lat="46.657816" lon="8.713579"><ele>1626.0</ele></trkpt>
    <trkpt lat="46.657908" lon="8.713715"><ele>1625.1</ele></trkpt>
    <trkpt lat="46.658002" lon="8.713850"><ele>1624.1</ele></trkpt>
    <trkpt lat="46.658100" lon="8.713986"><ele>1623.2</ele></trkpt>
    <trkpt lat="46.658197" lon="8.714122"><ele>1622.2</ele></trkpt>
    <trkpt lat="46.658294" lon="8.714257"><ele>1621.3</ele></trkpt>
    <trkpt lat="46.658387" lon="8.714393"><ele>1620.3</ele></trkpt>
    <trkpt lat="46.658474" lon="8.714535"><ele>1619.4</ele></trkpt>
    <trkpt lat="46.658551" lon="8.714691"><ele>1618.5</ele></trkpt>
    <trkpt lat="46.658623" lon="8.714854"><ele>1617.5</ele></trkpt>
    <trkpt lat="46.658693" lon="8.715015"><ele>1616.6</ele></trkpt>
    <trkpt lat="46.658765" lon="8.715180"><ele>1615.6</ele></trkpt>
    <trkpt lat="46.658840" lon="8.715343"><ele>1614.7</ele></trkpt>
    <trkpt lat="46.658917" lon="8.715509"><ele>1613.7</ele></trkpt>
    <trkpt lat="46.658998" lon="8.715676"><ele>1612.7</ele></trkpt>
    <trkpt lat="46.659085" lon="8.715838"><ele>1611.7</ele></trkpt>
    <trkpt lat="46.659174" lon="8.715999"><ele>1610.7</ele></trkpt>
    <trkpt lat="46.659264" lon="8.716161"><ele>1609.7</ele></trkpt>
    <trkpt lat="46.659357" lon="8.716327"><ele>1608.7</ele></trkpt>
    <trkpt lat="46.659450" lon="8.716494"><ele>1607.6</ele></trkpt>
    <trkpt lat="46.659544" lon="8.716662"><ele>1606.6</ele></trkpt>
    <trkpt lat="46.659640" lon="8.716832"><ele>1605.5</ele></trkpt>
    <trkpt lat="46.659729" lon="8.717005"><ele>1604.4</ele></trkpt>
    <trkpt lat="46.659812" lon="8.717181"><ele>1603.4</ele></trkpt>
    <trkpt lat="46.659887" lon="8.717364"><ele>1602.4</ele></trkpt>
    <trkpt lat="46.659958" lon="8.717553"><ele>1601.3</ele></trkpt>
    <trkpt lat="46.660023" lon="8.717741"><ele>1600.3</ele></trkpt>
    <trkpt lat="46.660086" lon="8.717923"><ele>1599.3</ele></trkpt>
    <trkpt lat="46.660146" lon="8.718100"><ele>1598.3</ele></trkpt>
    <trkpt lat="46.660207" lon="8.718279"><ele>1597.4</ele></trkpt>
    <trkpt lat="46.660270" lon="8.718456"><ele>1596.4</ele></trkpt>
    <trkpt lat="46.660339" lon="8.718634"><ele>1595.4</ele></trkpt>
    <trkpt lat="46.660416" lon="8.718804"><ele>1594.4</ele></trkpt>
    <trkpt lat="46.660493" lon="8.718977"><ele>1593.4</ele></trkpt>
    <trkpt lat="46.660575" lon="8.719150"><ele>1592.4</ele></trkpt>
    <trkpt lat="46.660661" lon="8.719326"><ele>1591.4</ele></trkpt>
    <trkpt lat="46.660748" lon="8.719500"><ele>1590.3</ele></trkpt>
    <trkpt lat="46.660831" lon="8.719669"><ele>1589.3</ele></trkpt>
    <trkpt lat="46.660910" lon="8.719839"><ele>1588.3</ele></trkpt>
    <trkpt lat="46.660982" lon="8.720017"><ele>1587.3</ele></trkpt>
    <trkpt lat="46.661050" lon="8.720202"><ele>1586.3</ele></trkpt>
    <trkpt lat="46.661112" lon="8.720388"><ele>1585.3</ele></trkpt>
    <trkpt lat="46.661112" lon="8.720388"><ele>1585.3</ele></trkpt>
    <trkpt lat="46.661237" lon="8.720749"><ele>1583.4</ele></trkpt>
    <trkpt lat="46.661298" lon="8.720927"><ele>1582.4</ele></trkpt>
    <trkpt lat="46.661359" lon="8.721109"><ele>1581.5</ele></trkpt>
    <trkpt lat="46.661420" lon="8.721294"><ele>1580.5</ele></trkpt>
    <trkpt lat="46.661482" lon="8.721479"><ele>1579.5</ele></trkpt>
    <trkpt lat="46.661544" lon="8.721663"><ele>1578.5</ele></trkpt>
    <trkpt lat="46.661607" lon="8.721848"><ele>1577.6</ele></trkpt>
    <trkpt lat="46.661668" lon="8.722035"><ele>1576.6</ele></trkpt>
    <trkpt lat="46.661729" lon="8.722219"><ele>1575.6</ele></trkpt>
    <trkpt lat="46.661788" lon="8.722398"><ele>1574.7</ele></trkpt>
    <trkpt lat="46.661845" lon="8.722573"><ele>1573.7</ele></trkpt>
    <trkpt lat="46.661902" lon="8.722743"><ele>1572.8</ele></trkpt>
    <trkpt lat="46.661955" lon="8.722901"><ele>1572.0</ele></trkpt>
    <trkpt lat="46.662005" lon="8.723058"><ele>1571.2</ele></trkpt>
    <trkpt lat="46.662050" lon="8.723209"><ele>1570.4</ele></trkpt>
    <trkpt lat="46.662086" lon="8.723366"><ele>1569.6</ele></trkpt>
    <trkpt lat="46.662112" lon="8.723526"><ele>1568.9</ele></trkpt>
    <trkpt lat="46.662127" lon="8.723690"><ele>1568.1</ele></trkpt>
    <trkpt lat="46.662136" lon="8.723857"><ele>1567.3</ele></trkpt>
    <trkpt lat="46.662139" lon="8.724030"><ele>1566.5</ele></trkpt>
    <trkpt lat="46.662136" lon="8.724202"><ele>1565.7</ele></trkpt>
    <trkpt lat="46.662135" lon="8.724377"><ele>1564.8</ele></trkpt>
    <trkpt lat="46.662138" lon="8.724550"><ele>1564.0</ele></trkpt>
    <trkpt lat="46.662143" lon="8.724722"><ele>1563.2</ele></trkpt>
    <trkpt lat="46.662159" lon="8.724900"><ele>1562.4</ele></trkpt>
    <trkpt lat="46.662178" lon="8.725074"><ele>1561.5</ele></trkpt>
    <trkpt lat="46.662203" lon="8.725251"><ele>1560.7</ele></trkpt>
    <trkpt lat="46.662229" lon="8.725424"><ele>1559.9</ele></trkpt>
    <trkpt lat="46.662258" lon="8.725597"><ele>1559.0</ele></trkpt>
    <trkpt lat="46.662287" lon="8.725771"><ele>1558.2</ele></trkpt>
    <trkpt lat="46.662318" lon="8.725946"><ele>1557.3</ele></trkpt>
    <trkpt lat="46.662359" lon="8.726115"><ele>1556.4</ele></trkpt>
    <trkpt lat="46.662408" lon="8.726282"><ele>1555.5</ele></trkpt>
    <trkpt lat="46.662460" lon="8.726448"><ele>1554.6</ele></trkpt>
    <trkpt lat="46.662511" lon="8.726613"><ele>1553.7</ele></trkpt>
    <trkpt lat="46.662552" lon="8.726778"><ele>1552.9</ele></trkpt>
    <trkpt lat="46.662576" lon="8.726949"><ele>1552.0</ele></trkpt>
    <trkpt lat="46.662580" lon="8.727112"><ele>1551.2</ele></trkpt>
    <trkpt lat="46.662575" lon="8.727276"><ele>1550.4</ele></trkpt>
    <trkpt lat="46.662578" lon="8.727444"><ele>1549.6</ele></trkpt>
    <trkpt lat="46.662590" lon="8.727607"><ele>1548.8</ele></trkpt>
    <trkpt lat="46.662614" lon="8.727766"><ele>1548.0</ele></trkpt>
    <trkpt lat="46.662641" lon="8.727924"><ele>1547.2</ele></trkpt>
    <trkpt lat="46.662668" lon="8.728085"><ele>1546.4</ele></trkpt>
    <trkpt lat="46.662694" lon="8.728251"><ele>1545.5</ele></trkpt>
    <trkpt lat="46.662726" lon="8.728415"><ele>1544.7</ele></trkpt>
    <trkpt lat="46.662761" lon="8.728581"><ele>1543.9</ele></trkpt>
    <trkpt lat="46.662810" lon="8.728749"><ele>1543.0</ele></trkpt>
    <trkpt lat="46.662870" lon="8.728918"><ele>1542.1</ele></trkpt>
    <trkpt lat="46.662939" lon="8.729091"><ele>1541.1</ele></trkpt>
    <trkpt lat="46.663005" lon="8.729266"><ele>1540.1</ele></trkpt>
    <trkpt lat="46.663051" lon="8.729454"><ele>1539.2</ele></trkpt>
    <trkpt lat="46.663077" lon="8.729650"><ele>1538.2</ele></trkpt>
    <trkpt lat="46.663089" lon="8.729844"><ele>1537.3</ele></trkpt>
    <trkpt lat="46.663103" lon="8.730045"><ele>1536.3</ele></trkpt>
    <trkpt lat="46.663132" lon="8.730248"><ele>1535.3</ele></trkpt>
    <trkpt lat="46.663176" lon="8.730444"><ele>1534.3</ele></trkpt>
    <trkpt lat="46.663223" lon="8.730638"><ele>1533.3</ele></trkpt>
    <trkpt lat="46.663273" lon="8.730833"><ele>1532.3</ele></trkpt>
    <trkpt lat="46.663324" lon="8.731033"><ele>1531.3</ele></trkpt>
    <trkpt lat="46.663373" lon="8.731234"><ele>1530.3</ele></trkpt>
    <trkpt lat="46.663423" lon="8.731434"><ele>1529.3</ele></trkpt>
    <trkpt lat="46.663472" lon="8.731638"><ele>1528.3</ele></trkpt>
    <trkpt lat="46.663521" lon="8.731842"><ele>1527.2</ele></trkpt>
    <trkpt lat="46.663574" lon="8.732049"><ele>1526.2</ele></trkpt>
    <trkpt lat="46.663623" lon="8.732253"><ele>1525.1</ele></trkpt>
    <trkpt lat="46.663676" lon="8.732464"><ele>1524.1</ele></trkpt>
    <trkpt lat="46.663726" lon="8.732675"><ele>1523.0</ele></trkpt>
    <trkpt lat="46.663773" lon="8.732892"><ele>1521.9</ele></trkpt>
    <trkpt lat="46.663812" lon="8.733110"><ele>1520.9</ele></trkpt>
    <trkpt lat="46.663850" lon="8.733335"><ele>1519.7</ele></trkpt>
    <trkpt lat="46.663885" lon="8.733562"><ele>1518.6</ele></trkpt>
    <trkpt lat="46.663911" lon="8.733793"><ele>1517.5</ele></trkpt>
    <trkpt lat="46.663925" lon="8.734025"><ele>1516.4</ele></trkpt>
    <trkpt lat="46.663933" lon="8.734258"><ele>1515.2</ele></trkpt>
    <trkpt lat="46.663942" lon="8.734492"><ele>1514.1</ele></trkpt>
    <trkpt lat="46.663959" lon="8.734726"><ele>1513.0</ele></trkpt>
    <trkpt lat="46.663986" lon="8.734961"><ele>1511.8</ele></trkpt>
    <trkpt lat="46.664020" lon="8.735193"><ele>1510.7</ele></trkpt>
    <trkpt lat="46.664061" lon="8.735427"><ele>1509.5</ele></trkpt>
    <trkpt lat="46.664098" lon="8.735660"><ele>1508.4</ele></trkpt>
    <trkpt lat="46.664138" lon="8.735895"><ele>1507.2</ele></trkpt>
    <trkpt lat="46.664178" lon="8.736131"><ele>1506.1</ele></trkpt>
    <trkpt lat="46.664220" lon="8.736369"><ele>1504.9</ele></trkpt>
    <trkpt lat="46.664265" lon="8.736607"><ele>1503.7</ele></trkpt>
    <trkpt lat="46.664300" lon="8.736846"><ele>1502.5</ele></trkpt>
    <trkpt lat="46.664321" lon="8.737087"><ele>1501.4</ele></trkpt>
    <trkpt lat="46.664334" lon="8.737328"><ele>1500.2</ele></trkpt>
    <trkpt lat="46.664350" lon="8.737569"><ele>1499.0</ele></trkpt>
    <trkpt lat="46.664361" lon="8.737810"><ele>1497.9</ele></trkpt>
    <trkpt lat="46.664372" lon="8.738052"><ele>1496.7</ele></trkpt>
    <trkpt lat="46.664385" lon="8.738300"><ele>1495.5</ele></trkpt>
    <trkpt lat="46.664395" lon="8.738552"><ele>1494.4</ele></trkpt>
    <trkpt lat="46.664404" lon="8.738804"><ele>1493.3</ele></trkpt>
    <trkpt lat="46.664418" lon="8.739053"><ele>1492.1</ele></trkpt>
    <trkpt lat="46.664446" lon="8.739299"><ele>1491.0</ele></trkpt>
    <trkpt lat="46.664494" lon="8.739539"><ele>1489.9</ele></trkpt>
    <trkpt lat="46.664563" lon="8.739767"><ele>1488.8</ele></trkpt>
    <trkpt lat="46.664649" lon="8.739984"><ele>1487.6</ele></trkpt>
    <trkpt lat="46.664735" lon="8.740194"><ele>1486.5</ele></trkpt>
    <trkpt lat="46.664821" lon="8.740408"><ele>1485.4</ele></trkpt>
    <trkpt lat="46.664906" lon="8.740618"><ele>1484.3</ele></trkpt>
    <trkpt lat="46.664990" lon="8.740827"><ele>1483.4</ele></trkpt>
    <trkpt lat="46.665073" lon="8.741037"><ele>1482.7</ele></trkpt>
    <trkpt lat="46.665156" lon="8.741246"><ele>1482.0</ele></trkpt>
    <trkpt lat="46.665237" lon="8.741452"><ele>1481.3</ele></trkpt>
    <trkpt lat="46.665317" lon="8.741657"><ele>1480.6</ele></trkpt>
    <trkpt lat="46.665395" lon="8.741859"><ele>1480.0</ele></trkpt>
    <trkpt lat="46.665476" lon="8.742062"><ele>1479.3</ele></trkpt>
    <trkpt lat="46.665558" lon="8.742264"><ele>1478.6</ele></trkpt>
    <trkpt lat="46.665638" lon="8.742464"><ele>1477.9</ele></trkpt>
    <trkpt lat="46.665721" lon="8.742659"><ele>1477.2</ele></trkpt>
    <trkpt lat="46.665809" lon="8.742848"><ele>1476.6</ele></trkpt>
    <trkpt lat="46.665902" lon="8.743030"><ele>1476.0</ele></trkpt>
    <trkpt lat="46.666004" lon="8.743209"><ele>1475.4</ele></trkpt>
    <trkpt lat="46.666106" lon="8.743380"><ele>1474.8</ele></trkpt>
    <trkpt lat="46.666209" lon="8.743549"><ele>1474.3</ele></trkpt>
    <trkpt lat="46.666310" lon="8.743717"><ele>1473.7</ele></trkpt>
    <trkpt lat="46.666407" lon="8.743893"><ele>1473.2</ele></trkpt>
    <trkpt lat="46.666502" lon="8.744074"><ele>1472.6</ele></trkpt>
    <trkpt lat="46.666595" lon="8.744255"><ele>1472.1</ele></trkpt>
    <trkpt lat="46.666685" lon="8.744436"><ele>1471.5</ele></trkpt>
    <trkpt lat="46.666776" lon="8.744622"><ele>1470.9</ele></trkpt>
    <trkpt lat="46.666864" lon="8.744808"><ele>1470.4</ele></trkpt>
    <trkpt lat="46.666948" lon="8.744992"><ele>1469.8</ele></trkpt>
    <trkpt lat="46.667028" lon="8.745172"><ele>1469.3</ele></trkpt>
    <trkpt lat="46.667116" lon="8.745336"><ele>1468.8</ele></trkpt>
    <trkpt lat="46.667224" lon="8.745467"><ele>1468.3</ele></trkpt>
    <trkpt lat="46.667347" lon="8.745556"><ele>1467.8</ele></trkpt>
    <trkpt lat="46.667479" lon="8.745617"><ele>1467.2</ele></trkpt>
    <trkpt lat="46.667612" lon="8.745673"><ele>1466.7</ele></trkpt>
    <trkpt lat="46.667741" lon="8.745734"><ele>1466.2</ele></trkpt>
    <trkpt lat="46.667866" lon="8.745790"><ele>1465.8</ele></trkpt>
    <trkpt lat="46.667987" lon="8.745824"><ele>1465.3</ele></trkpt>
    <trkpt lat="46.668105" lon="8.745813"><ele>1464.9</ele></trkpt>
    <trkpt lat="46.668214" lon="8.745768"><ele>1464.4</ele></trkpt>
    <trkpt lat="46.668308" lon="8.745685"><ele>1464.0</ele></trkpt>
    <trkpt lat="46.668384" lon="8.745568"><ele>1463.6</ele></trkpt>
    <trkpt lat="46.668438" lon="8.745428"><ele>1463.2</ele></trkpt>
    <trkpt lat="46.668464" lon="8.745273"><ele>1462.8</ele></trkpt>
    <trkpt lat="46.668471" lon="8.745108"><ele>1462.2</ele></trkpt>
    <trkpt lat="46.668488" lon="8.744944"><ele>1461.7</ele></trkpt>
    <trkpt lat="46.668523" lon="8.744777"><ele>1461.1</ele></trkpt>
    <trkpt lat="46.668575" lon="8.744620"><ele>1460.6</ele></trkpt>
    <trkpt lat="46.668640" lon="8.744470"><ele>1460.0</ele></trkpt>
    <trkpt lat="46.668720" lon="8.744345"><ele>1459.5</ele></trkpt>
    <trkpt lat="46.668810" lon="8.744234"><ele>1458.9</ele></trkpt>
    <trkpt lat="46.668916" lon="8.744142"><ele>1458.3</ele></trkpt>
    <trkpt lat="46.669029" lon="8.744081"><ele>1457.8</ele></trkpt>
    <trkpt lat="46.669142" lon="8.744042"><ele>1457.2</ele></trkpt>
    <trkpt lat="46.669259" lon="8.744014"><ele>1456.7</ele></trkpt>
    <trkpt lat="46.669376" lon="8.743990"><ele>1456.1</ele></trkpt>
    <trkpt lat="46.669495" lon="8.743969"><ele>1455.5</ele></trkpt>
    <trkpt lat="46.669612" lon="8.743944"><ele>1455.0</ele></trkpt>
    <trkpt lat="46.669733" lon="8.743925"><ele>1454.4</ele></trkpt>
    <trkpt lat="46.669857" lon="8.743914"><ele>1453.9</ele></trkpt>
    <trkpt lat="46.669979" lon="8.743927"><ele>1453.3</ele></trkpt>
    <trkpt lat="46.670100" lon="8.743955"><ele>1452.8</ele></trkpt>
    <trkpt lat="46.670217" lon="8.743999"><ele>1452.2</ele></trkpt>
    <trkpt lat="46.670334" lon="8.744048"><ele>1451.7</ele></trkpt>
    <trkpt lat="46.670452" lon="8.744101"><ele>1451.1</ele></trkpt>
    <trkpt lat="46.670572" lon="8.744152"><ele>1450.6</ele></trkpt>
    <trkpt lat="46.670694" lon="8.744208"><ele>1450.0</ele></trkpt>
    <trkpt lat="46.670818" lon="8.744261"><ele>1449.4</ele></trkpt>
    <trkpt lat="46.670944" lon="8.744314"><ele>1448.8</ele></trkpt>
    <trkpt lat="46.671072" lon="8.744369"><ele>1448.2</ele></trkpt>
    <trkpt lat="46.671202" lon="8.744427"><ele>1447.6</ele></trkpt>
    <trkpt lat="46.671332" lon="8.744482"><ele>1447.0</ele></trkpt>
    <trkpt lat="46.671461" lon="8.744541"><ele>1446.4</ele></trkpt>
    <trkpt lat="46.671587" lon="8.744598"><ele>1445.8</ele></trkpt>
    <trkpt lat="46.671709" lon="8.744653"><ele>1445.3</ele></trkpt>
    <trkpt lat="46.671826" lon="8.744702"><ele>1444.8</ele></trkpt>
    <trkpt lat="46.671941" lon="8.744754"><ele>1444.3</ele></trkpt>
    <trkpt lat="46.672045" lon="8.744823"><ele>1443.8</ele></trkpt>
    <trkpt lat="46.672135" lon="8.744925"><ele>1443.4</ele></trkpt>
    <trkpt lat="46.672198" lon="8.745061"><ele>1442.9</ele></trkpt>
    <trkpt lat="46.672240" lon="8.745214"><ele>1442.4</ele></trkpt>
    <trkpt lat="46.672270" lon="8.745377"><ele>1441.9</ele></trkpt>
    <trkpt lat="46.672297" lon="8.745550"><ele>1441.4</ele></trkpt>
    <trkpt lat="46.672324" lon="8.745727"><ele>1440.9</ele></trkpt>
    <trkpt lat="46.672352" lon="8.745907"><ele>1440.4</ele></trkpt>
    <trkpt lat="46.672381" lon="8.746089"><ele>1439.8</ele></trkpt>
    <trkpt lat="46.672415" lon="8.746266"><ele>1439.3</ele></trkpt>
    <trkpt lat="46.672462" lon="8.746441"><ele>1438.8</ele></trkpt>
    <trkpt lat="46.672513" lon="8.746613"><ele>1438.3</ele></trkpt>
    <trkpt lat="46.672566" lon="8.746781"><ele>1437.8</ele></trkpt>
    <trkpt lat="46.672626" lon="8.746946"><ele>1437.3</ele></trkpt>
    <trkpt lat="46.672692" lon="8.747105"><ele>1436.8</ele></trkpt>
    <trkpt lat="46.672761" lon="8.747259"><ele>1436.2</ele></trkpt>
    <trkpt lat="46.672836" lon="8.747410"><ele>1435.7</ele></trkpt>
    <trkpt lat="46.672915" lon="8.747553"><ele>1435.2</ele></trkpt>
    <trkpt lat="46.672999" lon="8.747692"><ele>1434.7</ele></trkpt>
    <trkpt lat="46.673087" lon="8.747829"><ele>1434.2</ele></trkpt>
    <trkpt lat="46.673178" lon="8.747961"><ele>1433.7</ele></trkpt>
    <trkpt lat="46.673276" lon="8.748090"><ele>1433.2</ele></trkpt>
    <trkpt lat="46.673377" lon="8.748210"><ele>1432.7</ele></trkpt>
    <trkpt lat="46.673481" lon="8.748326"><ele>1432.1</ele></trkpt>
    <trkpt lat="46.673587" lon="8.748442"><ele>1431.6</ele></trkpt>
    <trkpt lat="46.673692" lon="8.748558"><ele>1431.0</ele></trkpt>
    <trkpt lat="46.673799" lon="8.748677"><ele>1430.5</ele></trkpt>
    <trkpt lat="46.673905" lon="8.748795"><ele>1429.9</ele></trkpt>
    <trkpt lat="46.674010" lon="8.748911"><ele>1429.4</ele></trkpt>
    <trkpt lat="46.674115" lon="8.749025"><ele>1428.9</ele></trkpt>
    <trkpt lat="46.674218" lon="8.749141"><ele>1428.3</ele></trkpt>
    <trkpt lat="46.674321" lon="8.749259"><ele>1427.8</ele></trkpt>
    <trkpt lat="46.674424" lon="8.749383"><ele>1427.2</ele></trkpt>
    <trkpt lat="46.674526" lon="8.749507"><ele>1426.7</ele></trkpt>
    <trkpt lat="46.674627" lon="8.749632"><ele>1426.1</ele></trkpt>
    <trkpt lat="46.674728" lon="8.749754"><ele>1425.6</ele></trkpt>
    <trkpt lat="46.674827" lon="8.749874"><ele>1425.1</ele></trkpt>
    <trkpt lat="46.674922" lon="8.749992"><ele>1424.6</ele></trkpt>
    <trkpt lat="46.675019" lon="8.750111"><ele>1424.1</ele></trkpt>
    <trkpt lat="46.675118" lon="8.750226"><ele>1423.6</ele></trkpt>
    <trkpt lat="46.675217" lon="8.750341"><ele>1423.1</ele></trkpt>
    <trkpt lat="46.675319" lon="8.750458"><ele>1422.6</ele></trkpt>
    <trkpt lat="46.675418" lon="8.750572"><ele>1422.1</ele></trkpt>
    <trkpt lat="46.675513" lon="8.750695"><ele>1421.6</ele></trkpt>
    <trkpt lat="46.675600" lon="8.750830"><ele>1421.1</ele></trkpt>
    <trkpt lat="46.675672" lon="8.750974"><ele>1420.6</ele></trkpt>
    <trkpt lat="46.675734" lon="8.751127"><ele>1420.1</ele></trkpt>
    <trkpt lat="46.675789" lon="8.751284"><ele>1419.6</ele></trkpt>
    <trkpt lat="46.675841" lon="8.751445"><ele>1419.1</ele></trkpt>
    <trkpt lat="46.675889" lon="8.751603"><ele>1418.7</ele></trkpt>
    <trkpt lat="46.675936" lon="8.751760"><ele>1418.2</ele></trkpt>
    <trkpt lat="46.675982" lon="8.751915"><ele>1417.8</ele></trkpt>
    <trkpt lat="46.676027" lon="8.752074"><ele>1417.4</ele></trkpt>
    <trkpt lat="46.676063" lon="8.752231"><ele>1417.4</ele></trkpt>
    <trkpt lat="46.676088" lon="8.752392"><ele>1417.4</ele></trkpt>
    <trkpt lat="46.676098" lon="8.752553"><ele>1417.3</ele></trkpt>
    <trkpt lat="46.676092" lon="8.752712"><ele>1417.3</ele></trkpt>
    <trkpt lat="46.676074" lon="8.752869"><ele>1417.3</ele></trkpt>
    <trkpt lat="46.676050" lon="8.753020"><ele>1417.3</ele></trkpt>
    <trkpt lat="46.676019" lon="8.753164"><ele>1417.3</ele></trkpt>
    <trkpt lat="46.675990" lon="8.753305"><ele>1417.3</ele></trkpt>
    <trkpt lat="46.675961" lon="8.753441"><ele>1417.2</ele></trkpt>
    <trkpt lat="46.675936" lon="8.753575"><ele>1417.2</ele></trkpt>
    <trkpt lat="46.675912" lon="8.753709"><ele>1417.2</ele></trkpt>
    <trkpt lat="46.675886" lon="8.753843"><ele>1417.2</ele></trkpt>
    <trkpt lat="46.675858" lon="8.753977"><ele>1417.2</ele></trkpt>
    <trkpt lat="46.675836" lon="8.754110"><ele>1417.2</ele></trkpt>
    <trkpt lat="46.675819" lon="8.754242"><ele>1417.1</ele></trkpt>
    <trkpt lat="46.675807" lon="8.754376"><ele>1417.1</ele></trkpt>
    <trkpt lat="46.675800" lon="8.754511"><ele>1417.1</ele></trkpt>
    <trkpt lat="46.675796" lon="8.754644"><ele>1417.1</ele></trkpt>
    <trkpt lat="46.675798" lon="8.754776"><ele>1417.2</ele></trkpt>
    <trkpt lat="46.675801" lon="8.754905"><ele>1417.3</ele></trkpt>
    <trkpt lat="46.675808" lon="8.755032"><ele>1417.4</ele></trkpt>
    <trkpt lat="46.675821" lon="8.755155"><ele>1417.5</ele></trkpt>
    <trkpt lat="46.675838" lon="8.755284"><ele>1417.6</ele></trkpt>
    <trkpt lat="46.675855" lon="8.755417"><ele>1417.7</ele></trkpt>
    <trkpt lat="46.675873" lon="8.755550"><ele>1417.8</ele></trkpt>
    <trkpt lat="46.675890" lon="8.755688"><ele>1417.9</ele></trkpt>
    <trkpt lat="46.675903" lon="8.755825"><ele>1418.0</ele></trkpt>
    <trkpt lat="46.675915" lon="8.755964"><ele>1418.1</ele></trkpt>
    <trkpt lat="46.675928" lon="8.756099"><ele>1418.2</ele></trkpt>
    <trkpt lat="46.675945" lon="8.756232"><ele>1418.3</ele></trkpt>
    <trkpt lat="46.675964" lon="8.756362"><ele>1418.4</ele></trkpt>
    <trkpt lat="46.675980" lon="8.756493"><ele>1418.5</ele></trkpt>
    <trkpt lat="46.675996" lon="8.756624"><ele>1418.6</ele></trkpt>
    <trkpt lat="46.676013" lon="8.756750"><ele>1418.7</ele></trkpt>
    <trkpt lat="46.676031" lon="8.756876"><ele>1418.7</ele></trkpt>
    <trkpt lat="46.676052" lon="8.757002"><ele>1418.8</ele></trkpt>
    <trkpt lat="46.676076" lon="8.757128"><ele>1418.9</ele></trkpt>
    <trkpt lat="46.676101" lon="8.757250"><ele>1419.0</ele></trkpt>
    <trkpt lat="46.676130" lon="8.757371"><ele>1419.1</ele></trkpt>
    <trkpt lat="46.676162" lon="8.757489"><ele>1419.2</ele></trkpt>
    <trkpt lat="46.676195" lon="8.757604"><ele>1419.3</ele></trkpt>
    <trkpt lat="46.676230" lon="8.757717"><ele>1419.4</ele></trkpt>
    <trkpt lat="46.676268" lon="8.757826"><ele>1419.5</ele></trkpt>
    <trkpt lat="46.676308" lon="8.757931"><ele>1419.6</ele></trkpt>
    <trkpt lat="46.676352" lon="8.758035"><ele>1419.7</ele></trkpt>
    <trkpt lat="46.676396" lon="8.758135"><ele>1419.8</ele></trkpt>
    <trkpt lat="46.676441" lon="8.758233"><ele>1419.9</ele></trkpt>
    <trkpt lat="46.676488" lon="8.758327"><ele>1420.0</ele></trkpt>
    <trkpt lat="46.676533" lon="8.758422"><ele>1420.0</ele></trkpt>
    <trkpt lat="46.676577" lon="8.758520"><ele>1420.1</ele></trkpt>
    <trkpt lat="46.676622" lon="8.758618"><ele>1420.2</ele></trkpt>
    <trkpt lat="46.676666" lon="8.758715"><ele>1420.3</ele></trkpt>
    <trkpt lat="46.676710" lon="8.758813"><ele>1420.4</ele></trkpt>
    <trkpt lat="46.676756" lon="8.758909"><ele>1420.5</ele></trkpt>
    <trkpt lat="46.676801" lon="8.759006"><ele>1420.6</ele></trkpt>
    <trkpt lat="46.676846" lon="8.759104"><ele>1420.7</ele></trkpt>
    <trkpt lat="46.676890" lon="8.759201"><ele>1420.8</ele></trkpt>
    <trkpt lat="46.676932" lon="8.759297"><ele>1420.8</ele></trkpt>
    <trkpt lat="46.676974" lon="8.759391"><ele>1420.9</ele></trkpt>
    <trkpt lat="46.677015" lon="8.759488"><ele>1421.0</ele></trkpt>
    <trkpt lat="46.677057" lon="8.759581"><ele>1421.1</ele></trkpt>
    <trkpt lat="46.677101" lon="8.759673"><ele>1421.2</ele></trkpt>
    <trkpt lat="46.677148" lon="8.759760"><ele>1421.2</ele></trkpt>
    <trkpt lat="46.677196" lon="8.759846"><ele>1421.3</ele></trkpt>
    <trkpt lat="46.677243" lon="8.759934"><ele>1421.4</ele></trkpt>
    <trkpt lat="46.677292" lon="8.760019"><ele>1421.4</ele></trkpt>
    <trkpt lat="46.677344" lon="8.760101"><ele>1421.5</ele></trkpt>
    <trkpt lat="46.677451" lon="8.760256"><ele>1421.7</ele></trkpt>
    <trkpt lat="46.677508" lon="8.760330"><ele>1421.7</ele></trkpt>
    <trkpt lat="46.677565" lon="8.760402"><ele>1421.8</ele></trkpt>
    <trkpt lat="46.677625" lon="8.760470"><ele>1421.9</ele></trkpt>
    <trkpt lat="46.677686" lon="8.760537"><ele>1422.0</ele></trkpt>
    <trkpt lat="46.677748" lon="8.760602"><ele>1422.0</ele></trkpt>
    <trkpt lat="46.677808" lon="8.760668"><ele>1422.1</ele></trkpt>
    <trkpt lat="46.677868" lon="8.760734"><ele>1422.2</ele></trkpt>
    <trkpt lat="46.677930" lon="8.760798"><ele>1422.2</ele></trkpt>
    <trkpt lat="46.677994" lon="8.760862"><ele>1422.3</ele></trkpt>
    <trkpt lat="46.678058" lon="8.760925"><ele>1422.4</ele></trkpt>
    <trkpt lat="46.678121" lon="8.760985"><ele>1422.5</ele></trkpt>
    <trkpt lat="46.678185" lon="8.761043"><ele>1422.5</ele></trkpt>
    <trkpt lat="46.678250" lon="8.761098"><ele>1422.6</ele></trkpt>
    <trkpt lat="46.678314" lon="8.761152"><ele>1422.7</ele></trkpt>
    <trkpt lat="46.678379" lon="8.761205"><ele>1422.8</ele></trkpt>
    <trkpt lat="46.678446" lon="8.761259"><ele>1422.8</ele></trkpt>
    <trkpt lat="46.678511" lon="8.761312"><ele>1422.9</ele></trkpt>
    <trkpt lat="46.678580" lon="8.761361"><ele>1423.0</ele></trkpt>
    <trkpt lat="46.678650" lon="8.761411"><ele>1423.1</ele></trkpt>
    <trkpt lat="46.678720" lon="8.761458"><ele>1423.1</ele></trkpt>
    <trkpt lat="46.678788" lon="8.761504"><ele>1423.2</ele></trkpt>
    <trkpt lat="46.678856" lon="8.761548"><ele>1423.3</ele></trkpt>
    <trkpt lat="46.678925" lon="8.761594"><ele>1423.4</ele></trkpt>
    <trkpt lat="46.678993" lon="8.761642"><ele>1423.5</ele></trkpt>
    <trkpt lat="46.679059" lon="8.761686"><ele>1423.5</ele></trkpt>
    <trkpt lat="46.679127" lon="8.761729"><ele>1423.6</ele></trkpt>
    <trkpt lat="46.679197" lon="8.761774"><ele>1423.7</ele></trkpt>
    <trkpt lat="46.679266" lon="8.761818"><ele>1423.8</ele></trkpt>
    <trkpt lat="46.679333" lon="8.761856"><ele>1423.8</ele></trkpt>
    <trkpt lat="46.679405" lon="8.761886"><ele>1423.9</ele></trkpt>
    <trkpt lat="46.679481" lon="8.761905"><ele>1424.0</ele></trkpt>
    <trkpt lat="46.679555" lon="8.761910"><ele>1424.1</ele></trkpt>
    <trkpt lat="46.679626" lon="8.761903"><ele>1424.2</ele></trkpt>
    <trkpt lat="46.679702" lon="8.761893"><ele>1424.2</ele></trkpt>
    <trkpt lat="46.679777" lon="8.761883"><ele>1424.3</ele></trkpt>
    <trkpt lat="46.679849" lon="8.761870"><ele>1424.4</ele></trkpt>
    <trkpt lat="46.679923" lon="8.761855"><ele>1424.5</ele></trkpt>
    <trkpt lat="46.679998" lon="8.761842"><ele>1424.5</ele></trkpt>
    <trkpt lat="46.680072" lon="8.761834"><ele>1424.6</ele></trkpt>
    <trkpt lat="46.680146" lon="8.761837"><ele>1424.7</ele></trkpt>
    <trkpt lat="46.680220" lon="8.761851"><ele>1424.8</ele></trkpt>
    <trkpt lat="46.680290" lon="8.761887"><ele>1424.9</ele></trkpt>
    <trkpt lat="46.680356" lon="8.761938"><ele>1425.0</ele></trkpt>
    <trkpt lat="46.680411" lon="8.762003"><ele>1425.0</ele></trkpt>
    <trkpt lat="46.680458" lon="8.762083"><ele>1425.1</ele></trkpt>
    <trkpt lat="46.680494" lon="8.762176"><ele>1425.2</ele></trkpt>
    <trkpt lat="46.680517" lon="8.762280"><ele>1425.3</ele></trkpt>
    <trkpt lat="46.680526" lon="8.762390"><ele>1425.4</ele></trkpt>
    <trkpt lat="46.680520" lon="8.762503"><ele>1425.4</ele></trkpt>
    <trkpt lat="46.680500" lon="8.762609"><ele>1425.5</ele></trkpt>
    <trkpt lat="46.680466" lon="8.762707"><ele>1425.6</ele></trkpt>
    <trkpt lat="46.680419" lon="8.762799"><ele>1425.7</ele></trkpt>
    <trkpt lat="46.680366" lon="8.762880"><ele>1425.8</ele></trkpt>
    <trkpt lat="46.680310" lon="8.762959"><ele>1425.9</ele></trkpt>
    <trkpt lat="46.680254" lon="8.763037"><ele>1426.0</ele></trkpt>
    <trkpt lat="46.680199" lon="8.763112"><ele>1426.0</ele></trkpt>
    <trkpt lat="46.680144" lon="8.763186"><ele>1426.1</ele></trkpt>
    <trkpt lat="46.680091" lon="8.763259"><ele>1426.2</ele></trkpt>
    <trkpt lat="46.680038" lon="8.763333"><ele>1426.3</ele></trkpt>
    <trkpt lat="46.679990" lon="8.763415"><ele>1426.4</ele></trkpt>
    <trkpt lat="46.679951" lon="8.763503"><ele>1426.5</ele></trkpt>
    <trkpt lat="46.679913" lon="8.763593"><ele>1426.5</ele></trkpt>
    <trkpt lat="46.679882" lon="8.763685"><ele>1426.5</ele></trkpt>
    <trkpt lat="46.679852" lon="8.763783"><ele>1426.5</ele></trkpt>
    <trkpt lat="46.679825" lon="8.763878"><ele>1426.5</ele></trkpt>
    <trkpt lat="46.679797" lon="8.763974"><ele>1426.5</ele></trkpt>
    <trkpt lat="46.679772" lon="8.764072"><ele>1426.5</ele></trkpt>
    <trkpt lat="46.679754" lon="8.764175"><ele>1426.5</ele></trkpt>
    <trkpt lat="46.679735" lon="8.764277"><ele>1426.5</ele></trkpt>
    <trkpt lat="46.679715" lon="8.764379"><ele>1426.5</ele></trkpt>
    <trkpt lat="46.679700" lon="8.764484"><ele>1426.5</ele></trkpt>
    <trkpt lat="46.679685" lon="8.764590"><ele>1426.5</ele></trkpt>
    <trkpt lat="46.679667" lon="8.764698"><ele>1426.5</ele></trkpt>
    <trkpt lat="46.679650" lon="8.764805"><ele>1426.5</ele></trkpt>
    <trkpt lat="46.679638" lon="8.764910"><ele>1426.5</ele></trkpt>
    <trkpt lat="46.679624" lon="8.765020"><ele>1426.5</ele></trkpt>
    <trkpt lat="46.679611" lon="8.765135"><ele>1426.5</ele></trkpt>
    <trkpt lat="46.679598" lon="8.765252"><ele>1426.5</ele></trkpt>
    <trkpt lat="46.679574" lon="8.765370"><ele>1426.5</ele></trkpt>
    <trkpt lat="46.679542" lon="8.765485"><ele>1426.5</ele></trkpt>
    <trkpt lat="46.679508" lon="8.765600"><ele>1426.5</ele></trkpt>
    <trkpt lat="46.679475" lon="8.765719"><ele>1426.5</ele></trkpt>
    <trkpt lat="46.679441" lon="8.765839"><ele>1426.5</ele></trkpt>
    <trkpt lat="46.679412" lon="8.765965"><ele>1426.5</ele></trkpt>
    <trkpt lat="46.679384" lon="8.766093"><ele>1426.5</ele></trkpt>
    <trkpt lat="46.679355" lon="8.766225"><ele>1426.3</ele></trkpt>
    <trkpt lat="46.679326" lon="8.766356"><ele>1426.0</ele></trkpt>
    <trkpt lat="46.679298" lon="8.766487"><ele>1425.8</ele></trkpt>
    <trkpt lat="46.679275" lon="8.766623"><ele>1425.6</ele></trkpt>
    <trkpt lat="46.679255" lon="8.766765"><ele>1425.4</ele></trkpt>
    <trkpt lat="46.679234" lon="8.766904"><ele>1425.2</ele></trkpt>
    <trkpt lat="46.679212" lon="8.767046"><ele>1425.0</ele></trkpt>
    <trkpt lat="46.679193" lon="8.767186"><ele>1424.7</ele></trkpt>
    <trkpt lat="46.679177" lon="8.767330"><ele>1424.5</ele></trkpt>
    <trkpt lat="46.679160" lon="8.767474"><ele>1424.3</ele></trkpt>
    <trkpt lat="46.679142" lon="8.767615"><ele>1424.1</ele></trkpt>
    <trkpt lat="46.679125" lon="8.767759"><ele>1423.9</ele></trkpt>
    <trkpt lat="46.679107" lon="8.767903"><ele>1423.6</ele></trkpt>
    <trkpt lat="46.679087" lon="8.768048"><ele>1423.4</ele></trkpt>
    <trkpt lat="46.679072" lon="8.768197"><ele>1423.2</ele></trkpt>
    <trkpt lat="46.679063" lon="8.768345"><ele>1423.0</ele></trkpt>
    <trkpt lat="46.679058" lon="8.768494"><ele>1422.7</ele></trkpt>
    <trkpt lat="46.679053" lon="8.768642"><ele>1422.5</ele></trkpt>
    <trkpt lat="46.679046" lon="8.768791"><ele>1422.3</ele></trkpt>
    <trkpt lat="46.679041" lon="8.768941"><ele>1422.0</ele></trkpt>
    <trkpt lat="46.679035" lon="8.769094"><ele>1421.8</ele></trkpt>
    <trkpt lat="46.679029" lon="8.769244"><ele>1421.6</ele></trkpt>
    <trkpt lat="46.679022" lon="8.769393"><ele>1421.3</ele></trkpt>
    <trkpt lat="46.679017" lon="8.769544"><ele>1421.1</ele></trkpt>
    <trkpt lat="46.679013" lon="8.769697"><ele>1420.9</ele></trkpt>
    <trkpt lat="46.679010" lon="8.769849"><ele>1420.6</ele></trkpt>
    <trkpt lat="46.679007" lon="8.770004"><ele>1420.4</ele></trkpt>
    <trkpt lat="46.679007" lon="8.770160"><ele>1420.1</ele></trkpt>
    <trkpt lat="46.679008" lon="8.770319"><ele>1419.9</ele></trkpt>
    <trkpt lat="46.679013" lon="8.770478"><ele>1419.6</ele></trkpt>
    <trkpt lat="46.679021" lon="8.770638"><ele>1419.4</ele></trkpt>
    <trkpt lat="46.679028" lon="8.770799"><ele>1419.1</ele></trkpt>
    <trkpt lat="46.679036" lon="8.770958"><ele>1418.9</ele></trkpt>
    <trkpt lat="46.679046" lon="8.771122"><ele>1418.6</ele></trkpt>
    <trkpt lat="46.679055" lon="8.771284"><ele>1418.4</ele></trkpt>
    <trkpt lat="46.679064" lon="8.771447"><ele>1418.1</ele></trkpt>
    <trkpt lat="46.679073" lon="8.771611"><ele>1417.8</ele></trkpt>
    <trkpt lat="46.679081" lon="8.771774"><ele>1417.5</ele></trkpt>
    <trkpt lat="46.679088" lon="8.771936"><ele>1417.3</ele></trkpt>
    <trkpt lat="46.679096" lon="8.772100"><ele>1417.0</ele></trkpt>
    <trkpt lat="46.679107" lon="8.772261"><ele>1416.7</ele></trkpt>
    <trkpt lat="46.679125" lon="8.772420"><ele>1416.5</ele></trkpt>
    <trkpt lat="46.679151" lon="8.772580"><ele>1416.2</ele></trkpt>
    <trkpt lat="46.679188" lon="8.772736"><ele>1415.9</ele></trkpt>
    <trkpt lat="46.679233" lon="8.772886"><ele>1415.6</ele></trkpt>
    <trkpt lat="46.679287" lon="8.773032"><ele>1415.4</ele></trkpt>
    <trkpt lat="46.679344" lon="8.773173"><ele>1415.1</ele></trkpt>
    <trkpt lat="46.679405" lon="8.773312"><ele>1414.8</ele></trkpt>
    <trkpt lat="46.679464" lon="8.773455"><ele>1414.5</ele></trkpt>
    <trkpt lat="46.679525" lon="8.773597"><ele>1414.3</ele></trkpt>
    <trkpt lat="46.679586" lon="8.773738"><ele>1414.0</ele></trkpt>
    <trkpt lat="46.679644" lon="8.773882"><ele>1413.9</ele></trkpt>
    <trkpt lat="46.679706" lon="8.774021"><ele>1413.7</ele></trkpt>
    <trkpt lat="46.679767" lon="8.774161"><ele>1413.6</ele></trkpt>
    <trkpt lat="46.679824" lon="8.774304"><ele>1413.5</ele></trkpt>
    <trkpt lat="46.679884" lon="8.774445"><ele>1413.3</ele></trkpt>
    <trkpt lat="46.679942" lon="8.774585"><ele>1413.2</ele></trkpt>
    <trkpt lat="46.680001" lon="8.774727"><ele>1413.1</ele></trkpt>
    <trkpt lat="46.680059" lon="8.774866"><ele>1413.0</ele></trkpt>
    <trkpt lat="46.680114" lon="8.775001"><ele>1412.8</ele></trkpt>
    <trkpt lat="46.680178" lon="8.775125"><ele>1412.7</ele></trkpt>
    <trkpt lat="46.680246" lon="8.775244"><ele>1412.6</ele></trkpt>
    <trkpt lat="46.680316" lon="8.775356"><ele>1412.5</ele></trkpt>
    <trkpt lat="46.680385" lon="8.775469"><ele>1412.4</ele></trkpt>
    <trkpt lat="46.680454" lon="8.775574"><ele>1412.2</ele></trkpt>
    <trkpt lat="46.680524" lon="8.775682"><ele>1412.1</ele></trkpt>
    <trkpt lat="46.680592" lon="8.775792"><ele>1412.0</ele></trkpt>
    <trkpt lat="46.680660" lon="8.775898"><ele>1412.0</ele></trkpt>
    <trkpt lat="46.680729" lon="8.776003"><ele>1412.1</ele></trkpt>
    <trkpt lat="46.680797" lon="8.776106"><ele>1412.1</ele></trkpt>
    <trkpt lat="46.680856" lon="8.776218"><ele>1412.2</ele></trkpt>
    <trkpt lat="46.680906" lon="8.776333"><ele>1412.3</ele></trkpt>
    <trkpt lat="46.680951" lon="8.776445"><ele>1412.3</ele></trkpt>
    <trkpt lat="46.680991" lon="8.776544"><ele>1412.4</ele></trkpt>
    <trkpt lat="46.681023" lon="8.776626"><ele>1412.4</ele></trkpt>
    <trkpt lat="46.681060" lon="8.776691"><ele>1412.5</ele></trkpt>
    <trkpt lat="46.681096" lon="8.776726"><ele>1412.5</ele></trkpt>
    <trkpt lat="46.681134" lon="8.776735"><ele>1412.5</ele></trkpt>
    <trkpt lat="46.681164" lon="8.776741"><ele>1412.6</ele></trkpt>
    <trkpt lat="46.681176" lon="8.776770"><ele>1412.6</ele></trkpt>
    <trkpt lat="46.681180" lon="8.776791"><ele>1412.6</ele></trkpt>
    <trkpt lat="46.681183" lon="8.776800"><ele>1412.6</ele></trkpt>
    <trkpt lat="46.681184" lon="8.776798"><ele>1412.6</ele></trkpt>
    <trkpt lat="46.681172" lon="8.776870"><ele>1412.6</ele></trkpt>
    <trkpt lat="46.681167" lon="8.776909"><ele>1412.7</ele></trkpt>
    <trkpt lat="46.681177" lon="8.776961"><ele>1412.7</ele></trkpt>
    <trkpt lat="46.681197" lon="8.777021"><ele>1412.7</ele></trkpt>
    <trkpt lat="46.681222" lon="8.777083"><ele>1412.7</ele></trkpt>
    <trkpt lat="46.681249" lon="8.777147"><ele>1412.8</ele></trkpt>
    <trkpt lat="46.681279" lon="8.777216"><ele>1412.8</ele></trkpt>
    <trkpt lat="46.681308" lon="8.777297"><ele>1412.9</ele></trkpt>
    <trkpt lat="46.681336" lon="8.777379"><ele>1412.9</ele></trkpt>
    <trkpt lat="46.681362" lon="8.777462"><ele>1413.0</ele></trkpt>
    <trkpt lat="46.681388" lon="8.777549"><ele>1413.0</ele></trkpt>
    <trkpt lat="46.681410" lon="8.777640"><ele>1413.1</ele></trkpt>
    <trkpt lat="46.681430" lon="8.777736"><ele>1413.1</ele></trkpt>
    <trkpt lat="46.681447" lon="8.777833"><ele>1413.2</ele></trkpt>
    <trkpt lat="46.681458" lon="8.777933"><ele>1413.2</ele></trkpt>
    <trkpt lat="46.681468" lon="8.778035"><ele>1413.3</ele></trkpt>
    <trkpt lat="46.681475" lon="8.778138"><ele>1413.2</ele></trkpt>
    <trkpt lat="46.681481" lon="8.778243"><ele>1413.2</ele></trkpt>
    <trkpt lat="46.681484" lon="8.778349"><ele>1413.1</ele></trkpt>
    <trkpt lat="46.681491" lon="8.778455"><ele>1413.1</ele></trkpt>
    <trkpt lat="46.681496" lon="8.778560"><ele>1413.0</ele></trkpt>
    <trkpt lat="46.681501" lon="8.778667"><ele>1413.0</ele></trkpt>
    <trkpt lat="46.681508" lon="8.778773"><ele>1412.9</ele></trkpt>
    <trkpt lat="46.681516" lon="8.778881"><ele>1412.9</ele></trkpt>
    <trkpt lat="46.681524" lon="8.778989"><ele>1412.8</ele></trkpt>
    <trkpt lat="46.681530" lon="8.779104"><ele>1412.8</ele></trkpt>
    <trkpt lat="46.681540" lon="8.779217"><ele>1412.7</ele></trkpt>
    <trkpt lat="46.681547" lon="8.779327"><ele>1412.7</ele></trkpt>
    <trkpt lat="46.681559" lon="8.779441"><ele>1412.6</ele></trkpt>
    <trkpt lat="46.681567" lon="8.779555"><ele>1412.5</ele></trkpt>
    <trkpt lat="46.681575" lon="8.779669"><ele>1412.5</ele></trkpt>
    <trkpt lat="46.681581" lon="8.779786"><ele>1412.4</ele></trkpt>
    <trkpt lat="46.681579" lon="8.779904"><ele>1412.4</ele></trkpt>
    <trkpt lat="46.681570" lon="8.780021"><ele>1412.3</ele></trkpt>
    <trkpt lat="46.681558" lon="8.780135"><ele>1412.3</ele></trkpt>
    <trkpt lat="46.681544" lon="8.780252"><ele>1412.2</ele></trkpt>
    <trkpt lat="46.681527" lon="8.780367"><ele>1412.2</ele></trkpt>
    <trkpt lat="46.681504" lon="8.780483"><ele>1412.1</ele></trkpt>
    <trkpt lat="46.681478" lon="8.780594"><ele>1412.0</ele></trkpt>
    <trkpt lat="46.681447" lon="8.780703"><ele>1412.1</ele></trkpt>
    <trkpt lat="46.681413" lon="8.780808"><ele>1412.2</ele></trkpt>
    <trkpt lat="46.681374" lon="8.780910"><ele>1412.2</ele></trkpt>
    <trkpt lat="46.681331" lon="8.781007"><ele>1412.3</ele></trkpt>
    <trkpt lat="46.681286" lon="8.781101"><ele>1412.4</ele></trkpt>
    <trkpt lat="46.681244" lon="8.781193"><ele>1412.4</ele></trkpt>
    <trkpt lat="46.681200" lon="8.781284"><ele>1412.5</ele></trkpt>
    <trkpt lat="46.681158" lon="8.781374"><ele>1412.6</ele></trkpt>
    <trkpt lat="46.681117" lon="8.781465"><ele>1412.6</ele></trkpt>
    <trkpt lat="46.681078" lon="8.781554"><ele>1412.7</ele></trkpt>
    <trkpt lat="46.681039" lon="8.781642"><ele>1412.8</ele></trkpt>
    <trkpt lat="46.681003" lon="8.781731"><ele>1412.8</ele></trkpt>
    <trkpt lat="46.680966" lon="8.781821"><ele>1412.9</ele></trkpt>
    <trkpt lat="46.680931" lon="8.781913"><ele>1413.0</ele></trkpt>
    <trkpt lat="46.680898" lon="8.782005"><ele>1413.0</ele></trkpt>
    <trkpt lat="46.680866" lon="8.782098"><ele>1413.1</ele></trkpt>
    <trkpt lat="46.680835" lon="8.782191"><ele>1413.2</ele></trkpt>
    <trkpt lat="46.680807" lon="8.782282"><ele>1413.2</ele></trkpt>
    <trkpt lat="46.680782" lon="8.782373"><ele>1413.3</ele></trkpt>
    <trkpt lat="46.680761" lon="8.782466"><ele>1413.3</ele></trkpt>
    <trkpt lat="46.680742" lon="8.782560"><ele>1413.4</ele></trkpt>
    <trkpt lat="46.680726" lon="8.782654"><ele>1413.5</ele></trkpt>
    <trkpt lat="46.680716" lon="8.782749"><ele>1413.5</ele></trkpt>
    <trkpt lat="46.680713" lon="8.782843"><ele>1413.6</ele></trkpt>
    <trkpt lat="46.680719" lon="8.782936"><ele>1413.6</ele></trkpt>
    <trkpt lat="46.680735" lon="8.783026"><ele>1413.6</ele></trkpt>
    <trkpt lat="46.680762" lon="8.783110"><ele>1413.6</ele></trkpt>
    <trkpt lat="46.680800" lon="8.783191"><ele>1413.6</ele></trkpt>
    <trkpt lat="46.680849" lon="8.783261"><ele>1413.6</ele></trkpt>
    <trkpt lat="46.680907" lon="8.783319"><ele>1413.5</ele></trkpt>
    <trkpt lat="46.680968" lon="8.783369"><ele>1413.5</ele></trkpt>
    <trkpt lat="46.681031" lon="8.783417"><ele>1413.5</ele></trkpt>
    <trkpt lat="46.681096" lon="8.783458"><ele>1413.5</ele></trkpt>
    <trkpt lat="46.681167" lon="8.783494"><ele>1413.4</ele></trkpt>
    <trkpt lat="46.681238" lon="8.783528"><ele>1413.4</ele></trkpt>
    <trkpt lat="46.681310" lon="8.783550"><ele>1413.4</ele></trkpt>
    <trkpt lat="46.681384" lon="8.783567"><ele>1413.4</ele></trkpt>
    <trkpt lat="46.681459" lon="8.783579"><ele>1413.3</ele></trkpt>
    <trkpt lat="46.681533" lon="8.783581"><ele>1413.3</ele></trkpt>
    <trkpt lat="46.681610" lon="8.783581"><ele>1413.3</ele></trkpt>
    <trkpt lat="46.681687" lon="8.783586"><ele>1413.2</ele></trkpt>
    <trkpt lat="46.681763" lon="8.783596"><ele>1413.2</ele></trkpt>
    <trkpt lat="46.681838" lon="8.783619"><ele>1413.2</ele></trkpt>
    <trkpt lat="46.681911" lon="8.783665"><ele>1413.2</ele></trkpt>
    <trkpt lat="46.681976" lon="8.783726"><ele>1413.1</ele></trkpt>
    <trkpt lat="46.682028" lon="8.783803"><ele>1413.1</ele></trkpt>
    <trkpt lat="46.682067" lon="8.783896"><ele>1413.1</ele></trkpt>
    <trkpt lat="46.682094" lon="8.784006"><ele>1413.0</ele></trkpt>
    <trkpt lat="46.682099" lon="8.784119"><ele>1413.0</ele></trkpt>
    <trkpt lat="46.682083" lon="8.784231"><ele>1413.0</ele></trkpt>
    <trkpt lat="46.682051" lon="8.784338"><ele>1413.1</ele></trkpt>
    <trkpt lat="46.682005" lon="8.784430"><ele>1413.2</ele></trkpt>
    <trkpt lat="46.681946" lon="8.784513"><ele>1413.3</ele></trkpt>
    <trkpt lat="46.681882" lon="8.784588"><ele>1413.3</ele></trkpt>
    <trkpt lat="46.681816" lon="8.784652"><ele>1413.4</ele></trkpt>
    <trkpt lat="46.681753" lon="8.784712"><ele>1413.5</ele></trkpt>
    <trkpt lat="46.681696" lon="8.784769"><ele>1413.6</ele></trkpt>
    <trkpt lat="46.681643" lon="8.784825"><ele>1413.6</ele></trkpt>
    <trkpt lat="46.681590" lon="8.784879"><ele>1413.7</ele></trkpt>
    <trkpt lat="46.681537" lon="8.784929"><ele>1413.8</ele></trkpt>
    <trkpt lat="46.681484" lon="8.784982"><ele>1413.8</ele></trkpt>
    <trkpt lat="46.681432" lon="8.785027"><ele>1413.9</ele></trkpt>
    <trkpt lat="46.681381" lon="8.785074"><ele>1414.0</ele></trkpt>
    <trkpt lat="46.681328" lon="8.785122"><ele>1414.0</ele></trkpt>
    <trkpt lat="46.681277" lon="8.785170"><ele>1414.1</ele></trkpt>
    <trkpt lat="46.681226" lon="8.785220"><ele>1414.2</ele></trkpt>
    <trkpt lat="46.681175" lon="8.785265"><ele>1414.2</ele></trkpt>
    <trkpt lat="46.681124" lon="8.785311"><ele>1414.3</ele></trkpt>
    <trkpt lat="46.681076" lon="8.785359"><ele>1414.3</ele></trkpt>
    <trkpt lat="46.681029" lon="8.785408"><ele>1414.4</ele></trkpt>
    <trkpt lat="46.680981" lon="8.785459"><ele>1414.5</ele></trkpt>
    <trkpt lat="46.680933" lon="8.785521"><ele>1414.5</ele></trkpt>
    <trkpt lat="46.680887" lon="8.785582"><ele>1414.6</ele></trkpt>
    <trkpt lat="46.680847" lon="8.785652"><ele>1414.7</ele></trkpt>
    <trkpt lat="46.680807" lon="8.785725"><ele>1414.7</ele></trkpt>
    <trkpt lat="46.680772" lon="8.785806"><ele>1414.8</ele></trkpt>
    <trkpt lat="46.680742" lon="8.785895"><ele>1414.8</ele></trkpt>
    <trkpt lat="46.680715" lon="8.785989"><ele>1414.6</ele></trkpt>
    <trkpt lat="46.680699" lon="8.786088"><ele>1414.4</ele></trkpt>
    <trkpt lat="46.680685" lon="8.786193"><ele>1414.3</ele></trkpt>
    <trkpt lat="46.680681" lon="8.786301"><ele>1414.1</ele></trkpt>
    <trkpt lat="46.680682" lon="8.786412"><ele>1413.9</ele></trkpt>
    <trkpt lat="46.680690" lon="8.786524"><ele>1413.7</ele></trkpt>
    <trkpt lat="46.680707" lon="8.786640"><ele>1413.5</ele></trkpt>
    <trkpt lat="46.680733" lon="8.786754"><ele>1413.3</ele></trkpt>
    <trkpt lat="46.680768" lon="8.786868"><ele>1413.1</ele></trkpt>
    <trkpt lat="46.680808" lon="8.786980"><ele>1412.8</ele></trkpt>
    <trkpt lat="46.680849" lon="8.787092"><ele>1412.6</ele></trkpt>
    <trkpt lat="46.680892" lon="8.787210"><ele>1412.4</ele></trkpt>
    <trkpt lat="46.680938" lon="8.787329"><ele>1412.2</ele></trkpt>
    <trkpt lat="46.680988" lon="8.787449"><ele>1411.9</ele></trkpt>
    <trkpt lat="46.681035" lon="8.787575"><ele>1411.7</ele></trkpt>
    <trkpt lat="46.681083" lon="8.787705"><ele>1411.4</ele></trkpt>
    <trkpt lat="46.681134" lon="8.787836"><ele>1411.2</ele></trkpt>
    <trkpt lat="46.681182" lon="8.787971"><ele>1410.9</ele></trkpt>
    <trkpt lat="46.681223" lon="8.788109"><ele>1410.6</ele></trkpt>
    <trkpt lat="46.681257" lon="8.788256"><ele>1410.4</ele></trkpt>
    <trkpt lat="46.681281" lon="8.788410"><ele>1410.0</ele></trkpt>
    <trkpt lat="46.681295" lon="8.788564"><ele>1409.5</ele></trkpt>
    <trkpt lat="46.681298" lon="8.788726"><ele>1409.1</ele></trkpt>
    <trkpt lat="46.681287" lon="8.788886"><ele>1408.6</ele></trkpt>
    <trkpt lat="46.681271" lon="8.789045"><ele>1408.2</ele></trkpt>
    <trkpt lat="46.681251" lon="8.789205"><ele>1407.7</ele></trkpt>
    <trkpt lat="46.681231" lon="8.789363"><ele>1407.3</ele></trkpt>
    <trkpt lat="46.681208" lon="8.789522"><ele>1406.9</ele></trkpt>
    <trkpt lat="46.681185" lon="8.789683"><ele>1406.4</ele></trkpt>
    <trkpt lat="46.681161" lon="8.789844"><ele>1406.0</ele></trkpt>
    <trkpt lat="46.681138" lon="8.790002"><ele>1405.5</ele></trkpt>
    <trkpt lat="46.681114" lon="8.790160"><ele>1405.1</ele></trkpt>
    <trkpt lat="46.681090" lon="8.790322"><ele>1404.6</ele></trkpt>
    <trkpt lat="46.681069" lon="8.790486"><ele>1404.1</ele></trkpt>
    <trkpt lat="46.681057" lon="8.790647"><ele>1403.7</ele></trkpt>
    <trkpt lat="46.681052" lon="8.790809"><ele>1403.3</ele></trkpt>
    <trkpt lat="46.681054" lon="8.790974"><ele>1402.8</ele></trkpt>
    <trkpt lat="46.681062" lon="8.791138"><ele>1402.4</ele></trkpt>
    <trkpt lat="46.681079" lon="8.791300"><ele>1402.0</ele></trkpt>
    <trkpt lat="46.681104" lon="8.791463"><ele>1401.5</ele></trkpt>
    <trkpt lat="46.681131" lon="8.791624"><ele>1401.1</ele></trkpt>
    <trkpt lat="46.681155" lon="8.791785"><ele>1400.7</ele></trkpt>
    <trkpt lat="46.681180" lon="8.791947"><ele>1400.2</ele></trkpt>
    <trkpt lat="46.681200" lon="8.792113"><ele>1399.8</ele></trkpt>
    <trkpt lat="46.681206" lon="8.792280"><ele>1399.3</ele></trkpt>
    <trkpt lat="46.681206" lon="8.792280"><ele>1399.3</ele></trkpt>
    <trkpt lat="46.681187" lon="8.792621"><ele>1398.5</ele></trkpt>
    <trkpt lat="46.681164" lon="8.792791"><ele>1398.0</ele></trkpt>
    <trkpt lat="46.681131" lon="8.792958"><ele>1397.6</ele></trkpt>
    <trkpt lat="46.681093" lon="8.793124"><ele>1397.1</ele></trkpt>
    <trkpt lat="46.681055" lon="8.793292"><ele>1396.6</ele></trkpt>
    <trkpt lat="46.681015" lon="8.793455"><ele>1396.2</ele></trkpt>
    <trkpt lat="46.680975" lon="8.793614"><ele>1395.7</ele></trkpt>
    <trkpt lat="46.680936" lon="8.793769"><ele>1395.3</ele></trkpt>
    <trkpt lat="46.680897" lon="8.793919"><ele>1394.9</ele></trkpt>
    <trkpt lat="46.680858" lon="8.794067"><ele>1394.5</ele></trkpt>
    <trkpt lat="46.680820" lon="8.794213"><ele>1394.1</ele></trkpt>
    <trkpt lat="46.680786" lon="8.794358"><ele>1393.7</ele></trkpt>
    <trkpt lat="46.680753" lon="8.794501"><ele>1393.3</ele></trkpt>
    <trkpt lat="46.680725" lon="8.794642"><ele>1392.9</ele></trkpt>
    <trkpt lat="46.680704" lon="8.794790"><ele>1392.5</ele></trkpt>
    <trkpt lat="46.680690" lon="8.794944"><ele>1392.1</ele></trkpt>
    <trkpt lat="46.680684" lon="8.795102"><ele>1391.7</ele></trkpt>
    <trkpt lat="46.680692" lon="8.795266"><ele>1391.3</ele></trkpt>
    <trkpt lat="46.680709" lon="8.795436"><ele>1390.8</ele></trkpt>
    <trkpt lat="46.680728" lon="8.795610"><ele>1390.3</ele></trkpt>
    <trkpt lat="46.680752" lon="8.795788"><ele>1389.9</ele></trkpt>
    <trkpt lat="46.680785" lon="8.795964"><ele>1389.4</ele></trkpt>
    <trkpt lat="46.680824" lon="8.796141"><ele>1388.9</ele></trkpt>
    <trkpt lat="46.680860" lon="8.796322"><ele>1388.3</ele></trkpt>
    <trkpt lat="46.680886" lon="8.796507"><ele>1387.8</ele></trkpt>
    <trkpt lat="46.680906" lon="8.796695"><ele>1387.3</ele></trkpt>
    <trkpt lat="46.680915" lon="8.796882"><ele>1386.7</ele></trkpt>
    <trkpt lat="46.680922" lon="8.797069"><ele>1386.2</ele></trkpt>
    <trkpt lat="46.680929" lon="8.797255"><ele>1385.7</ele></trkpt>
    <trkpt lat="46.680934" lon="8.797444"><ele>1385.2</ele></trkpt>
    <trkpt lat="46.680938" lon="8.797632"><ele>1384.6</ele></trkpt>
    <trkpt lat="46.680941" lon="8.797819"><ele>1384.1</ele></trkpt>
    <trkpt lat="46.680944" lon="8.798005"><ele>1383.6</ele></trkpt>
    <trkpt lat="46.680944" lon="8.798195"><ele>1383.0</ele></trkpt>
    <trkpt lat="46.680943" lon="8.798387"><ele>1382.5</ele></trkpt>
    <trkpt lat="46.680936" lon="8.798579"><ele>1382.0</ele></trkpt>
    <trkpt lat="46.680926" lon="8.798778"><ele>1381.5</ele></trkpt>
    <trkpt lat="46.680914" lon="8.798979"><ele>1381.0</ele></trkpt>
    <trkpt lat="46.680900" lon="8.799179"><ele>1380.5</ele></trkpt>
    <trkpt lat="46.680880" lon="8.799375"><ele>1380.1</ele></trkpt>
    <trkpt lat="46.680854" lon="8.799570"><ele>1379.6</ele></trkpt>
    <trkpt lat="46.680826" lon="8.799762"><ele>1379.1</ele></trkpt>
    <trkpt lat="46.680801" lon="8.799951"><ele>1378.7</ele></trkpt>
    <trkpt lat="46.680776" lon="8.800143"><ele>1378.2</ele></trkpt>
    <trkpt lat="46.680754" lon="8.800335"><ele>1377.8</ele></trkpt>
    <trkpt lat="46.680732" lon="8.800527"><ele>1377.3</ele></trkpt>
    <trkpt lat="46.680714" lon="8.800720"><ele>1376.9</ele></trkpt>
    <trkpt lat="46.680698" lon="8.800914"><ele>1376.4</ele></trkpt>
    <trkpt lat="46.680681" lon="8.801108"><ele>1375.9</ele></trkpt>
    <trkpt lat="46.680666" lon="8.801303"><ele>1375.5</ele></trkpt>
    <trkpt lat="46.680652" lon="8.801497"><ele>1375.0</ele></trkpt>
    <trkpt lat="46.680642" lon="8.801693"><ele>1374.5</ele></trkpt>
    <trkpt lat="46.680637" lon="8.801889"><ele>1374.0</ele></trkpt>
    <trkpt lat="46.680634" lon="8.802086"><ele>1373.6</ele></trkpt>
    <trkpt lat="46.680632" lon="8.802284"><ele>1373.1</ele></trkpt>
    <trkpt lat="46.680630" lon="8.802482"><ele>1372.6</ele></trkpt>
    <trkpt lat="46.680627" lon="8.802681"><ele>1372.1</ele></trkpt>
    <trkpt lat="46.680627" lon="8.802882"><ele>1371.6</ele></trkpt>
    <trkpt lat="46.680626" lon="8.803082"><ele>1371.1</ele></trkpt>
    <trkpt lat="46.680627" lon="8.803287"><ele>1370.6</ele></trkpt>
    <trkpt lat="46.680628" lon="8.803489"><ele>1370.1</ele></trkpt>
    <trkpt lat="46.680630" lon="8.803690"><ele>1369.7</ele></trkpt>
    <trkpt lat="46.680638" lon="8.803889"><ele>1369.1</ele></trkpt>
    <trkpt lat="46.680649" lon="8.804087"><ele>1368.6</ele></trkpt>
    <trkpt lat="46.680664" lon="8.804282"><ele>1368.0</ele></trkpt>
    <trkpt lat="46.680684" lon="8.804475"><ele>1367.5</ele></trkpt>
    <trkpt lat="46.680705" lon="8.804666"><ele>1366.9</ele></trkpt>
    <trkpt lat="46.680728" lon="8.804860"><ele>1366.4</ele></trkpt>
    <trkpt lat="46.680754" lon="8.805058"><ele>1365.8</ele></trkpt>
    <trkpt lat="46.680780" lon="8.805261"><ele>1365.2</ele></trkpt>
    <trkpt lat="46.680808" lon="8.805467"><ele>1364.6</ele></trkpt>
    <trkpt lat="46.680836" lon="8.805675"><ele>1364.0</ele></trkpt>
    <trkpt lat="46.680864" lon="8.805885"><ele>1363.4</ele></trkpt>
    <trkpt lat="46.680893" lon="8.806097"><ele>1362.8</ele></trkpt>
    <trkpt lat="46.680918" lon="8.806308"><ele>1362.2</ele></trkpt>
    <trkpt lat="46.680944" lon="8.806518"><ele>1361.7</ele></trkpt>
    <trkpt lat="46.680971" lon="8.806724"><ele>1361.2</ele></trkpt>
    <trkpt lat="46.680997" lon="8.806927"><ele>1360.7</ele></trkpt>
    <trkpt lat="46.681023" lon="8.807128"><ele>1360.2</ele></trkpt>
    <trkpt lat="46.681051" lon="8.807330"><ele>1359.7</ele></trkpt>
    <trkpt lat="46.681077" lon="8.807531"><ele>1359.3</ele></trkpt>
    <trkpt lat="46.681104" lon="8.807733"><ele>1358.8</ele></trkpt>
    <trkpt lat="46.681128" lon="8.807935"><ele>1358.3</ele></trkpt>
    <trkpt lat="46.681151" lon="8.808132"><ele>1357.8</ele></trkpt>
    <trkpt lat="46.681173" lon="8.808327"><ele>1357.4</ele></trkpt>
    <trkpt lat="46.681197" lon="8.808522"><ele>1356.9</ele></trkpt>
    <trkpt lat="46.681218" lon="8.808716"><ele>1356.4</ele></trkpt>
    <trkpt lat="46.681241" lon="8.808908"><ele>1356.0</ele></trkpt>
    <trkpt lat="46.681264" lon="8.809103"><ele>1355.4</ele></trkpt>
    <trkpt lat="46.681286" lon="8.809294"><ele>1354.8</ele></trkpt>
    <trkpt lat="46.681307" lon="8.809482"><ele>1354.1</ele></trkpt>
    <trkpt lat="46.681329" lon="8.809659"><ele>1353.6</ele></trkpt>
    <trkpt lat="46.681348" lon="8.809832"><ele>1353.0</ele></trkpt>
    <trkpt lat="46.681365" lon="8.809999"><ele>1352.5</ele></trkpt>
    <trkpt lat="46.681381" lon="8.810166"><ele>1351.9</ele></trkpt>
    <trkpt lat="46.681397" lon="8.810346"><ele>1351.4</ele></trkpt>
    <trkpt lat="46.681413" lon="8.810530"><ele>1350.8</ele></trkpt>
    <trkpt lat="46.681429" lon="8.810709"><ele>1350.2</ele></trkpt>
    <trkpt lat="46.681443" lon="8.810864"><ele>1349.7</ele></trkpt>
    <trkpt lat="46.681443" lon="8.810864"><ele>1349.7</ele></trkpt>
    <trkpt lat="46.681443" lon="8.810864"><ele>1349.7</ele></trkpt>
    <trkpt lat="46.681443" lon="8.810864"><ele>1349.7</ele></trkpt>
    <trkpt lat="46.681443" lon="8.810864"><ele>1349.7</ele></trkpt>
    <trkpt lat="46.681443" lon="8.810864"><ele>1349.7</ele></trkpt>
    <trkpt lat="46.681443" lon="8.810864"><ele>1349.7</ele></trkpt>
    <trkpt lat="46.681443" lon="8.810864"><ele>1349.7</ele></trkpt>
    <trkpt lat="46.681443" lon="8.810864"><ele>1349.7</ele></trkpt>
    <trkpt lat="46.681443" lon="8.810864"><ele>1349.7</ele></trkpt>
    <trkpt lat="46.681455" lon="8.812000"><ele>1346.5</ele></trkpt>
    <trkpt lat="46.681454" lon="8.812003"><ele>1346.5</ele></trkpt>
    <trkpt lat="46.681438" lon="8.812121"><ele>1346.2</ele></trkpt>
    <trkpt lat="46.681426" lon="8.812239"><ele>1346.0</ele></trkpt>
    <trkpt lat="46.681420" lon="8.812369"><ele>1345.7</ele></trkpt>
    <trkpt lat="46.681418" lon="8.812494"><ele>1345.4</ele></trkpt>
    <trkpt lat="46.681417" lon="8.812628"><ele>1345.1</ele></trkpt>
    <trkpt lat="46.681414" lon="8.812766"><ele>1344.8</ele></trkpt>
    <trkpt lat="46.681411" lon="8.812905"><ele>1344.5</ele></trkpt>
    <trkpt lat="46.681408" lon="8.813048"><ele>1344.1</ele></trkpt>
    <trkpt lat="46.681406" lon="8.813190"><ele>1343.8</ele></trkpt>
    <trkpt lat="46.681402" lon="8.813331"><ele>1343.5</ele></trkpt>
    <trkpt lat="46.681399" lon="8.813469"><ele>1343.2</ele></trkpt>
    <trkpt lat="46.681394" lon="8.813607"><ele>1342.9</ele></trkpt>
    <trkpt lat="46.681389" lon="8.813747"><ele>1342.6</ele></trkpt>
    <trkpt lat="46.681383" lon="8.813886"><ele>1342.2</ele></trkpt>
    <trkpt lat="46.681373" lon="8.814022"><ele>1341.9</ele></trkpt>
    <trkpt lat="46.681360" lon="8.814162"><ele>1341.6</ele></trkpt>
    <trkpt lat="46.681347" lon="8.814305"><ele>1341.3</ele></trkpt>
    <trkpt lat="46.681334" lon="8.814447"><ele>1341.1</ele></trkpt>
    <trkpt lat="46.681314" lon="8.814588"><ele>1340.8</ele></trkpt>
    <trkpt lat="46.681296" lon="8.814732"><ele>1340.5</ele></trkpt>
    <trkpt lat="46.681275" lon="8.814875"><ele>1340.2</ele></trkpt>
    <trkpt lat="46.681252" lon="8.815017"><ele>1339.9</ele></trkpt>
    <trkpt lat="46.681230" lon="8.815160"><ele>1339.7</ele></trkpt>
    <trkpt lat="46.681208" lon="8.815306"><ele>1339.4</ele></trkpt>
    <trkpt lat="46.681186" lon="8.815453"><ele>1339.1</ele></trkpt>
    <trkpt lat="46.681168" lon="8.815600"><ele>1338.8</ele></trkpt>
    <trkpt lat="46.681150" lon="8.815749"><ele>1338.5</ele></trkpt>
    <trkpt lat="46.681136" lon="8.815898"><ele>1338.2</ele></trkpt>
    <trkpt lat="46.681126" lon="8.816049"><ele>1337.9</ele></trkpt>
    <trkpt lat="46.681121" lon="8.816209"><ele>1337.6</ele></trkpt>
    <trkpt lat="46.681121" lon="8.816373"><ele>1337.3</ele></trkpt>
    <trkpt lat="46.681120" lon="8.816537"><ele>1337.0</ele></trkpt>
    <trkpt lat="46.681119" lon="8.816704"><ele>1336.7</ele></trkpt>
    <trkpt lat="46.681111" lon="8.816871"><ele>1336.3</ele></trkpt>
    <trkpt lat="46.681098" lon="8.817039"><ele>1336.0</ele></trkpt>
    <trkpt lat="46.681079" lon="8.817207"><ele>1335.7</ele></trkpt>
    <trkpt lat="46.681059" lon="8.817373"><ele>1335.3</ele></trkpt>
    <trkpt lat="46.681041" lon="8.817537"><ele>1335.0</ele></trkpt>
    <trkpt lat="46.681027" lon="8.817702"><ele>1334.7</ele></trkpt>
    <trkpt lat="46.681018" lon="8.817867"><ele>1334.4</ele></trkpt>
    <trkpt lat="46.681012" lon="8.818033"><ele>1334.1</ele></trkpt>
    <trkpt lat="46.681010" lon="8.818204"><ele>1333.7</ele></trkpt>
    <trkpt lat="46.681014" lon="8.818376"><ele>1333.4</ele></trkpt>
    <trkpt lat="46.681020" lon="8.818547"><ele>1333.0</ele></trkpt>
    <trkpt lat="46.681029" lon="8.818719"><ele>1332.7</ele></trkpt>
    <trkpt lat="46.681044" lon="8.818893"><ele>1332.4</ele></trkpt>
    <trkpt lat="46.681062" lon="8.819067"><ele>1332.0</ele></trkpt>
    <trkpt lat="46.681083" lon="8.819240"><ele>1331.7</ele></trkpt>
    <trkpt lat="46.681105" lon="8.819418"><ele>1331.3</ele></trkpt>
    <trkpt lat="46.681122" lon="8.819601"><ele>1331.0</ele></trkpt>
    <trkpt lat="46.681133" lon="8.819784"><ele>1330.7</ele></trkpt>
    <trkpt lat="46.681135" lon="8.819966"><ele>1330.3</ele></trkpt>
    <trkpt lat="46.681133" lon="8.820150"><ele>1330.0</ele></trkpt>
    <trkpt lat="46.681127" lon="8.820329"><ele>1329.6</ele></trkpt>
    <trkpt lat="46.681120" lon="8.820505"><ele>1329.3</ele></trkpt>
    <trkpt lat="46.681114" lon="8.820680"><ele>1329.0</ele></trkpt>
    <trkpt lat="46.681106" lon="8.820852"><ele>1328.7</ele></trkpt>
    <trkpt lat="46.681098" lon="8.821023"><ele>1328.3</ele></trkpt>
    <trkpt lat="46.681090" lon="8.821193"><ele>1328.0</ele></trkpt>
    <trkpt lat="46.681084" lon="8.821365"><ele>1327.7</ele></trkpt>
    <trkpt lat="46.681077" lon="8.821535"><ele>1327.4</ele></trkpt>
    <trkpt lat="46.681070" lon="8.821706"><ele>1327.1</ele></trkpt>
    <trkpt lat="46.681069" lon="8.821877"><ele>1326.8</ele></trkpt>
    <trkpt lat="46.681071" lon="8.822050"><ele>1326.4</ele></trkpt>
    <trkpt lat="46.681075" lon="8.822229"><ele>1326.1</ele></trkpt>
    <trkpt lat="46.681081" lon="8.822409"><ele>1325.7</ele></trkpt>
    <trkpt lat="46.681088" lon="8.822589"><ele>1325.3</ele></trkpt>
    <trkpt lat="46.681099" lon="8.822770"><ele>1325.0</ele></trkpt>
    <trkpt lat="46.681111" lon="8.822955"><ele>1324.6</ele></trkpt>
    <trkpt lat="46.681122" lon="8.823140"><ele>1324.2</ele></trkpt>
    <trkpt lat="46.681136" lon="8.823329"><ele>1323.8</ele></trkpt>
    <trkpt lat="46.681151" lon="8.823516"><ele>1323.5</ele></trkpt>
    <trkpt lat="46.681166" lon="8.823702"><ele>1323.1</ele></trkpt>
    <trkpt lat="46.681184" lon="8.823886"><ele>1322.7</ele></trkpt>
    <trkpt lat="46.681202" lon="8.824069"><ele>1322.4</ele></trkpt>
    <trkpt lat="46.681223" lon="8.824253"><ele>1322.0</ele></trkpt>
    <trkpt lat="46.681243" lon="8.824441"><ele>1321.6</ele></trkpt>
    <trkpt lat="46.681263" lon="8.824627"><ele>1321.2</ele></trkpt>
    <trkpt lat="46.681279" lon="8.824812"><ele>1320.9</ele></trkpt>
    <trkpt lat="46.681298" lon="8.824996"><ele>1320.5</ele></trkpt>
    <trkpt lat="46.681319" lon="8.825180"><ele>1320.2</ele></trkpt>
    <trkpt lat="46.681343" lon="8.825363"><ele>1319.8</ele></trkpt>
    <trkpt lat="46.681372" lon="8.825543"><ele>1319.5</ele></trkpt>
    <trkpt lat="46.681404" lon="8.825724"><ele>1319.2</ele></trkpt>
    <trkpt lat="46.681439" lon="8.825900"><ele>1318.8</ele></trkpt>
    <trkpt lat="46.681473" lon="8.826077"><ele>1318.5</ele></trkpt>
    <trkpt lat="46.681504" lon="8.826256"><ele>1318.1</ele></trkpt>
    <trkpt lat="46.681535" lon="8.826436"><ele>1317.8</ele></trkpt>
    <trkpt lat="46.681567" lon="8.826612"><ele>1317.4</ele></trkpt>
    <trkpt lat="46.681596" lon="8.826779"><ele>1317.1</ele></trkpt>
    <trkpt lat="46.681625" lon="8.826944"><ele>1316.8</ele></trkpt>
    <trkpt lat="46.681655" lon="8.827111"><ele>1316.5</ele></trkpt>
    <trkpt lat="46.681687" lon="8.827277"><ele>1316.0</ele></trkpt>
    <trkpt lat="46.681718" lon="8.827444"><ele>1315.6</ele></trkpt>
    <trkpt lat="46.681751" lon="8.827619"><ele>1315.1</ele></trkpt>
    <trkpt lat="46.681784" lon="8.827796"><ele>1314.7</ele></trkpt>
    <trkpt lat="46.681819" lon="8.827972"><ele>1314.2</ele></trkpt>
    <trkpt lat="46.681851" lon="8.828151"><ele>1313.7</ele></trkpt>
    <trkpt lat="46.681876" lon="8.828327"><ele>1313.2</ele></trkpt>
    <trkpt lat="46.681904" lon="8.828500"><ele>1312.8</ele></trkpt>
    <trkpt lat="46.681933" lon="8.828679"><ele>1312.3</ele></trkpt>
    <trkpt lat="46.681965" lon="8.828858"><ele>1311.8</ele></trkpt>
    <trkpt lat="46.682000" lon="8.829041"><ele>1311.4</ele></trkpt>
    <trkpt lat="46.682037" lon="8.829228"><ele>1310.9</ele></trkpt>
    <trkpt lat="46.682076" lon="8.829418"><ele>1310.3</ele></trkpt>
    <trkpt lat="46.682119" lon="8.829609"><ele>1309.8</ele></trkpt>
    <trkpt lat="46.682164" lon="8.829799"><ele>1309.2</ele></trkpt>
    <trkpt lat="46.682210" lon="8.829988"><ele>1308.6</ele></trkpt>
    <trkpt lat="46.682260" lon="8.830174"><ele>1308.0</ele></trkpt>
    <trkpt lat="46.682318" lon="8.830354"><ele>1307.4</ele></trkpt>
    <trkpt lat="46.682388" lon="8.830528"><ele>1306.8</ele></trkpt>
    <trkpt lat="46.682463" lon="8.830696"><ele>1306.1</ele></trkpt>
    <trkpt lat="46.682545" lon="8.830858"><ele>1305.5</ele></trkpt>
    <trkpt lat="46.682632" lon="8.831016"><ele>1304.9</ele></trkpt>
    <trkpt lat="46.682726" lon="8.831169"><ele>1304.3</ele></trkpt>
    <trkpt lat="46.682824" lon="8.831313"><ele>1303.6</ele></trkpt>
    <trkpt lat="46.682926" lon="8.831451"><ele>1303.0</ele></trkpt>
    <trkpt lat="46.683033" lon="8.831580"><ele>1302.4</ele></trkpt>
    <trkpt lat="46.683144" lon="8.831708"><ele>1301.7</ele></trkpt>
    <trkpt lat="46.683259" lon="8.831835"><ele>1301.1</ele></trkpt>
    <trkpt lat="46.683378" lon="8.831958"><ele>1300.4</ele></trkpt>
    <trkpt lat="46.683498" lon="8.832080"><ele>1299.7</ele></trkpt>
    <trkpt lat="46.683614" lon="8.832208"><ele>1299.0</ele></trkpt>
    <trkpt lat="46.683728" lon="8.832343"><ele>1298.3</ele></trkpt>
    <trkpt lat="46.683838" lon="8.832481"><ele>1297.6</ele></trkpt>
    <trkpt lat="46.683946" lon="8.832628"><ele>1296.9</ele></trkpt>
    <trkpt lat="46.684048" lon="8.832784"><ele>1296.2</ele></trkpt>
    <trkpt lat="46.684146" lon="8.832947"><ele>1295.5</ele></trkpt>
    <trkpt lat="46.684242" lon="8.833108"><ele>1294.8</ele></trkpt>
    <trkpt lat="46.684341" lon="8.833269"><ele>1294.1</ele></trkpt>
    <trkpt lat="46.684440" lon="8.833429"><ele>1293.4</ele></trkpt>
    <trkpt lat="46.684535" lon="8.833591"><ele>1292.7</ele></trkpt>
    <trkpt lat="46.684631" lon="8.833756"><ele>1291.9</ele></trkpt>
    <trkpt lat="46.684727" lon="8.833920"><ele>1291.1</ele></trkpt>
    <trkpt lat="46.684825" lon="8.834083"><ele>1290.2</ele></trkpt>
    <trkpt lat="46.684923" lon="8.834248"><ele>1289.4</ele></trkpt>
    <trkpt lat="46.685023" lon="8.834413"><ele>1288.6</ele></trkpt>
    <trkpt lat="46.685121" lon="8.834580"><ele>1287.8</ele></trkpt>
    <trkpt lat="46.685216" lon="8.834743"><ele>1286.9</ele></trkpt>
    <trkpt lat="46.685312" lon="8.834906"><ele>1286.1</ele></trkpt>
    <trkpt lat="46.685416" lon="8.835062"><ele>1285.3</ele></trkpt>
    <trkpt lat="46.685528" lon="8.835203"><ele>1284.5</ele></trkpt>
    <trkpt lat="46.685651" lon="8.835322"><ele>1283.7</ele></trkpt>
    <trkpt lat="46.685777" lon="8.835414"><ele>1282.9</ele></trkpt>
    <trkpt lat="46.685913" lon="8.835471"><ele>1282.1</ele></trkpt>
    <trkpt lat="46.686058" lon="8.835494"><ele>1281.3</ele></trkpt>
    <trkpt lat="46.686203" lon="8.835479"><ele>1280.5</ele></trkpt>
    <trkpt lat="46.686342" lon="8.835433"><ele>1279.7</ele></trkpt>
    <trkpt lat="46.686474" lon="8.835356"><ele>1278.8</ele></trkpt>
    <trkpt lat="46.686592" lon="8.835249"><ele>1278.1</ele></trkpt>
    <trkpt lat="46.686701" lon="8.835121"><ele>1277.3</ele></trkpt>
    <trkpt lat="46.686792" lon="8.834969"><ele>1276.5</ele></trkpt>
    <trkpt lat="46.686873" lon="8.834803"><ele>1275.7</ele></trkpt>
    <trkpt lat="46.686945" lon="8.834623"><ele>1274.9</ele></trkpt>
    <trkpt lat="46.687011" lon="8.834436"><ele>1274.1</ele></trkpt>
    <trkpt lat="46.687068" lon="8.834242"><ele>1273.2</ele></trkpt>
    <trkpt lat="46.687111" lon="8.834044"><ele>1272.5</ele></trkpt>
    <trkpt lat="46.687139" lon="8.833839"><ele>1271.7</ele></trkpt>
    <trkpt lat="46.687157" lon="8.833630"><ele>1271.0</ele></trkpt>
    <trkpt lat="46.687166" lon="8.833423"><ele>1270.2</ele></trkpt>
    <trkpt lat="46.687168" lon="8.833211"><ele>1269.5</ele></trkpt>
    <trkpt lat="46.687164" lon="8.833000"><ele>1268.7</ele></trkpt>
    <trkpt lat="46.687160" lon="8.832790"><ele>1267.9</ele></trkpt>
    <trkpt lat="46.687164" lon="8.832576"><ele>1267.2</ele></trkpt>
    <trkpt lat="46.687182" lon="8.832361"><ele>1266.4</ele></trkpt>
    <trkpt lat="46.687214" lon="8.832148"><ele>1265.6</ele></trkpt>
    <trkpt lat="46.687260" lon="8.831942"><ele>1264.8</ele></trkpt>
    <trkpt lat="46.687327" lon="8.831753"><ele>1264.1</ele></trkpt>
    <trkpt lat="46.687418" lon="8.831591"><ele>1263.5</ele></trkpt>
    <trkpt lat="46.687538" lon="8.831479"><ele>1263.1</ele></trkpt>
    <trkpt lat="46.687677" lon="8.831421"><ele>1262.8</ele></trkpt>
    <trkpt lat="46.687820" lon="8.831421"><ele>1262.4</ele></trkpt>
    <trkpt lat="46.687957" lon="8.831468"><ele>1262.1</ele></trkpt>
    <trkpt lat="46.688078" lon="8.831562"><ele>1261.7</ele></trkpt>
    <trkpt lat="46.688173" lon="8.831696"><ele>1261.4</ele></trkpt>
    <trkpt lat="46.688250" lon="8.831857"><ele>1261.0</ele></trkpt>
    <trkpt lat="46.688310" lon="8.832029"><ele>1260.7</ele></trkpt>
    <trkpt lat="46.688362" lon="8.832206"><ele>1260.4</ele></trkpt>
    <trkpt lat="46.688413" lon="8.832383"><ele>1260.0</ele></trkpt>
    <trkpt lat="46.688462" lon="8.832559"><ele>1259.7</ele></trkpt>
    <trkpt lat="46.688512" lon="8.832732"><ele>1259.4</ele></trkpt>
    <trkpt lat="46.688563" lon="8.832910"><ele>1259.1</ele></trkpt>
    <trkpt lat="46.688616" lon="8.833087"><ele>1258.9</ele></trkpt>
    <trkpt lat="46.688670" lon="8.833259"><ele>1258.7</ele></trkpt>
    <trkpt lat="46.688724" lon="8.833429"><ele>1258.6</ele></trkpt>
    <trkpt lat="46.688781" lon="8.833598"><ele>1258.4</ele></trkpt>
    <trkpt lat="46.688841" lon="8.833768"><ele>1258.2</ele></trkpt>
    <trkpt lat="46.688902" lon="8.833933"><ele>1258.1</ele></trkpt>
    <trkpt lat="46.688966" lon="8.834096"><ele>1257.9</ele></trkpt>
    <trkpt lat="46.689032" lon="8.834257"><ele>1257.7</ele></trkpt>
    <trkpt lat="46.689101" lon="8.834418"><ele>1257.6</ele></trkpt>
    <trkpt lat="46.689172" lon="8.834575"><ele>1257.4</ele></trkpt>
    <trkpt lat="46.689244" lon="8.834731"><ele>1257.2</ele></trkpt>
    <trkpt lat="46.689317" lon="8.834883"><ele>1257.1</ele></trkpt>
    <trkpt lat="46.689394" lon="8.835033"><ele>1256.9</ele></trkpt>
    <trkpt lat="46.689471" lon="8.835182"><ele>1256.7</ele></trkpt>
    <trkpt lat="46.689550" lon="8.835332"><ele>1256.5</ele></trkpt>
    <trkpt lat="46.689630" lon="8.835478"><ele>1256.3</ele></trkpt>
    <trkpt lat="46.689711" lon="8.835621"><ele>1256.1</ele></trkpt>
    <trkpt lat="46.689794" lon="8.835762"><ele>1255.9</ele></trkpt>
    <trkpt lat="46.689879" lon="8.835899"><ele>1255.7</ele></trkpt>
    <trkpt lat="46.689965" lon="8.836031"><ele>1255.5</ele></trkpt>
    <trkpt lat="46.690051" lon="8.836160"><ele>1255.3</ele></trkpt>
    <trkpt lat="46.690138" lon="8.836286"><ele>1255.0</ele></trkpt>
    <trkpt lat="46.690226" lon="8.836408"><ele>1254.8</ele></trkpt>
    <trkpt lat="46.690311" lon="8.836527"><ele>1254.7</ele></trkpt>
    <trkpt lat="46.690399" lon="8.836639"><ele>1254.5</ele></trkpt>
    <trkpt lat="46.690488" lon="8.836744"><ele>1254.3</ele></trkpt>
    <trkpt lat="46.690577" lon="8.836850"><ele>1254.1</ele></trkpt>
    <trkpt lat="46.690665" lon="8.836957"><ele>1253.9</ele></trkpt>
    <trkpt lat="46.690754" lon="8.837061"><ele>1253.7</ele></trkpt>
    <trkpt lat="46.690844" lon="8.837161"><ele>1253.6</ele></trkpt>
    <trkpt lat="46.690935" lon="8.837259"><ele>1253.5</ele></trkpt>
    <trkpt lat="46.691024" lon="8.837360"><ele>1253.4</ele></trkpt>
    <trkpt lat="46.691113" lon="8.837462"><ele>1253.3</ele></trkpt>
    <trkpt lat="46.691203" lon="8.837560"><ele>1253.1</ele></trkpt>
    <trkpt lat="46.691292" lon="8.837660"><ele>1253.0</ele></trkpt>
    <trkpt lat="46.691382" lon="8.837760"><ele>1252.9</ele></trkpt>
    <trkpt lat="46.691470" lon="8.837860"><ele>1252.8</ele></trkpt>
    <trkpt lat="46.691559" lon="8.837959"><ele>1252.7</ele></trkpt>
    <trkpt lat="46.691648" lon="8.838058"><ele>1252.5</ele></trkpt>
    <trkpt lat="46.691737" lon="8.838155"><ele>1252.4</ele></trkpt>
    <trkpt lat="46.691829" lon="8.838247"><ele>1252.3</ele></trkpt>
    <trkpt lat="46.691924" lon="8.838330"><ele>1252.2</ele></trkpt>
    <trkpt lat="46.692020" lon="8.838405"><ele>1252.1</ele></trkpt>
    <trkpt lat="46.692119" lon="8.838469"><ele>1251.9</ele></trkpt>
    <trkpt lat="46.692220" lon="8.838531"><ele>1251.7</ele></trkpt>
    <trkpt lat="46.692322" lon="8.838582"><ele>1251.4</ele></trkpt>
    <trkpt lat="46.692427" lon="8.838622"><ele>1251.0</ele></trkpt>
    <trkpt lat="46.692534" lon="8.838655"><ele>1250.7</ele></trkpt>
    <trkpt lat="46.692643" lon="8.838680"><ele>1250.3</ele></trkpt>
    <trkpt lat="46.692751" lon="8.838700"><ele>1250.0</ele></trkpt>
    <trkpt lat="46.692859" lon="8.838710"><ele>1249.6</ele></trkpt>
    <trkpt lat="46.692968" lon="8.838707"><ele>1249.3</ele></trkpt>
    <trkpt lat="46.693076" lon="8.838695"><ele>1248.9</ele></trkpt>
    <trkpt lat="46.693184" lon="8.838672"><ele>1248.6</ele></trkpt>
    <trkpt lat="46.693293" lon="8.838644"><ele>1248.2</ele></trkpt>
    <trkpt lat="46.693402" lon="8.838607"><ele>1247.8</ele></trkpt>
    <trkpt lat="46.693511" lon="8.838558"><ele>1247.5</ele></trkpt>
    <trkpt lat="46.693620" lon="8.838501"><ele>1247.1</ele></trkpt>
    <trkpt lat="46.693726" lon="8.838439"><ele>1246.7</ele></trkpt>
    <trkpt lat="46.693831" lon="8.838368"><ele>1246.3</ele></trkpt>
    <trkpt lat="46.693936" lon="8.838287"><ele>1245.9</ele></trkpt>
    <trkpt lat="46.694043" lon="8.838207"><ele>1245.4</ele></trkpt>
    <trkpt lat="46.694148" lon="8.838122"><ele>1244.8</ele></trkpt>
    <trkpt lat="46.694253" lon="8.838035"><ele>1244.2</ele></trkpt>
    <trkpt lat="46.694364" lon="8.837953"><ele>1243.7</ele></trkpt>
    <trkpt lat="46.694481" lon="8.837908"><ele>1243.1</ele></trkpt>
    <trkpt lat="46.694599" lon="8.837912"><ele>1242.6</ele></trkpt>
    <trkpt lat="46.694700" lon="8.837971"><ele>1242.1</ele></trkpt>
    <trkpt lat="46.694772" lon="8.838073"><ele>1241.6</ele></trkpt>
    <trkpt lat="46.694816" lon="8.838214"><ele>1241.1</ele></trkpt>
    <trkpt lat="46.694839" lon="8.838364"><ele>1240.6</ele></trkpt>
    <trkpt lat="46.694852" lon="8.838516"><ele>1240.1</ele></trkpt>
    <trkpt lat="46.694864" lon="8.838670"><ele>1239.6</ele></trkpt>
    <trkpt lat="46.694879" lon="8.838826"><ele>1239.1</ele></trkpt>
    <trkpt lat="46.694894" lon="8.838987"><ele>1238.6</ele></trkpt>
    <trkpt lat="46.694911" lon="8.839149"><ele>1238.1</ele></trkpt>
    <trkpt lat="46.694925" lon="8.839312"><ele>1237.7</ele></trkpt>
    <trkpt lat="46.694940" lon="8.839477"><ele>1237.5</ele></trkpt>
    <trkpt lat="46.694957" lon="8.839643"><ele>1237.3</ele></trkpt>
    <trkpt lat="46.694973" lon="8.839811"><ele>1237.0</ele></trkpt>
    <trkpt lat="46.694991" lon="8.839977"><ele>1236.8</ele></trkpt>
    <trkpt lat="46.695007" lon="8.840141"><ele>1236.6</ele></trkpt>
    <trkpt lat="46.695025" lon="8.840306"><ele>1236.4</ele></trkpt>
    <trkpt lat="46.695040" lon="8.840470"><ele>1236.2</ele></trkpt>
    <trkpt lat="46.695053" lon="8.840634"><ele>1236.0</ele></trkpt>
    <trkpt lat="46.695069" lon="8.840798"><ele>1235.8</ele></trkpt>
    <trkpt lat="46.695092" lon="8.840960"><ele>1235.6</ele></trkpt>
    <trkpt lat="46.695117" lon="8.841122"><ele>1235.4</ele></trkpt>
    <trkpt lat="46.695143" lon="8.841284"><ele>1235.2</ele></trkpt>
    <trkpt lat="46.695167" lon="8.841446"><ele>1234.9</ele></trkpt>
    <trkpt lat="46.695184" lon="8.841610"><ele>1234.7</ele></trkpt>
    <trkpt lat="46.695178" lon="8.841775"><ele>1234.5</ele></trkpt>
    <trkpt lat="46.695155" lon="8.841932"><ele>1234.3</ele></trkpt>
    <trkpt lat="46.695134" lon="8.842086"><ele>1233.9</ele></trkpt>
    <trkpt lat="46.695142" lon="8.842232"><ele>1233.6</ele></trkpt>
    <trkpt lat="46.695180" lon="8.842366"><ele>1233.3</ele></trkpt>
    <trkpt lat="46.695245" lon="8.842472"><ele>1233.0</ele></trkpt>
    <trkpt lat="46.695327" lon="8.842539"><ele>1232.7</ele></trkpt>
    <trkpt lat="46.695424" lon="8.842561"><ele>1232.4</ele></trkpt>
    <trkpt lat="46.695523" lon="8.842542"><ele>1232.1</ele></trkpt>
    <trkpt lat="46.695621" lon="8.842508"><ele>1231.8</ele></trkpt>
    <trkpt lat="46.695723" lon="8.842483"><ele>1231.5</ele></trkpt>
    <trkpt lat="46.695824" lon="8.842481"><ele>1231.2</ele></trkpt>
    <trkpt lat="46.695927" lon="8.842504"><ele>1230.9</ele></trkpt>
    <trkpt lat="46.696026" lon="8.842553"><ele>1230.6</ele></trkpt>
    <trkpt lat="46.696123" lon="8.842626"><ele>1230.3</ele></trkpt>
    <trkpt lat="46.696223" lon="8.842712"><ele>1229.9</ele></trkpt>
    <trkpt lat="46.696323" lon="8.842799"><ele>1229.5</ele></trkpt>
    <trkpt lat="46.696424" lon="8.842886"><ele>1229.2</ele></trkpt>
    <trkpt lat="46.696525" lon="8.842975"><ele>1228.7</ele></trkpt>
    <trkpt lat="46.696626" lon="8.843063"><ele>1228.1</ele></trkpt>
    <trkpt lat="46.696728" lon="8.843152"><ele>1227.4</ele></trkpt>
    <trkpt lat="46.696830" lon="8.843245"><ele>1226.7</ele></trkpt>
    <trkpt lat="46.696932" lon="8.843339"><ele>1226.1</ele></trkpt>
    <trkpt lat="46.697036" lon="8.843434"><ele>1225.4</ele></trkpt>
    <trkpt lat="46.697140" lon="8.843528"><ele>1224.7</ele></trkpt>
    <trkpt lat="46.697244" lon="8.843622"><ele>1224.1</ele></trkpt>
    <trkpt lat="46.697350" lon="8.843716"><ele>1223.4</ele></trkpt>
    <trkpt lat="46.697458" lon="8.843810"><ele>1222.7</ele></trkpt>
    <trkpt lat="46.697565" lon="8.843905"><ele>1222.0</ele></trkpt>
    <trkpt lat="46.697671" lon="8.844002"><ele>1221.3</ele></trkpt>
    <trkpt lat="46.697777" lon="8.844098"><ele>1220.6</ele></trkpt>
    <trkpt lat="46.697883" lon="8.844193"><ele>1220.0</ele></trkpt>
    <trkpt lat="46.697989" lon="8.844286"><ele>1219.3</ele></trkpt>
    <trkpt lat="46.698096" lon="8.844380"><ele>1218.6</ele></trkpt>
    <trkpt lat="46.698202" lon="8.844476"><ele>1217.9</ele></trkpt>
    <trkpt lat="46.698308" lon="8.844574"><ele>1217.3</ele></trkpt>
    <trkpt lat="46.698418" lon="8.844667"><ele>1216.6</ele></trkpt>
    <trkpt lat="46.698535" lon="8.844738"><ele>1215.9</ele></trkpt>
    <trkpt lat="46.698660" lon="8.844781"><ele>1215.2</ele></trkpt>
    <trkpt lat="46.698788" lon="8.844803"><ele>1214.6</ele></trkpt>
    <trkpt lat="46.698916" lon="8.844798"><ele>1213.9</ele></trkpt>
    <trkpt lat="46.699039" lon="8.844770"><ele>1213.2</ele></trkpt>
    <trkpt lat="46.699164" lon="8.844741"><ele>1212.5</ele></trkpt>
    <trkpt lat="46.699291" lon="8.844711"><ele>1211.8</ele></trkpt>
    <trkpt lat="46.699417" lon="8.844680"><ele>1211.2</ele></trkpt>
    <trkpt lat="46.699541" lon="8.844648"><ele>1210.5</ele></trkpt>
    <trkpt lat="46.699662" lon="8.844615"><ele>1209.8</ele></trkpt>
    <trkpt lat="46.699780" lon="8.844583"><ele>1209.2</ele></trkpt>
    <trkpt lat="46.699896" lon="8.844554"><ele>1208.5</ele></trkpt>
    <trkpt lat="46.700009" lon="8.844526"><ele>1207.9</ele></trkpt>
    <trkpt lat="46.700120" lon="8.844496"><ele>1207.3</ele></trkpt>
    <trkpt lat="46.700229" lon="8.844466"><ele>1206.6</ele></trkpt>
    <trkpt lat="46.700335" lon="8.844436"><ele>1206.0</ele></trkpt>
    <trkpt lat="46.700433" lon="8.844403"><ele>1205.5</ele></trkpt>
    <trkpt lat="46.700528" lon="8.844369"><ele>1204.9</ele></trkpt>
    <trkpt lat="46.700624" lon="8.844350"><ele>1204.4</ele></trkpt>
    <trkpt lat="46.700722" lon="8.844367"><ele>1203.8</ele></trkpt>
    <trkpt lat="46.700815" lon="8.844419"><ele>1203.3</ele></trkpt>
    <trkpt lat="46.700889" lon="8.844508"><ele>1202.7</ele></trkpt>
    <trkpt lat="46.700945" lon="8.844627"><ele>1202.2</ele></trkpt>
    <trkpt lat="46.700981" lon="8.844773"><ele>1201.6</ele></trkpt>
    <trkpt lat="46.700992" lon="8.844926"><ele>1201.0</ele></trkpt>
    <trkpt lat="46.700995" lon="8.845082"><ele>1200.4</ele></trkpt>
    <trkpt lat="46.700998" lon="8.845241"><ele>1199.8</ele></trkpt>
    <trkpt lat="46.701000" lon="8.845401"><ele>1199.1</ele></trkpt>
    <trkpt lat="46.700999" lon="8.845561"><ele>1198.5</ele></trkpt>
    <trkpt lat="46.701004" lon="8.845727"><ele>1197.8</ele></trkpt>
    <trkpt lat="46.701016" lon="8.845894"><ele>1197.1</ele></trkpt>
    <trkpt lat="46.701040" lon="8.846060"><ele>1196.4</ele></trkpt>
    <trkpt lat="46.701074" lon="8.846227"><ele>1195.7</ele></trkpt>
    <trkpt lat="46.701120" lon="8.846390"><ele>1195.0</ele></trkpt>
    <trkpt lat="46.701179" lon="8.846547"><ele>1194.3</ele></trkpt>
    <trkpt lat="46.701247" lon="8.846701"><ele>1193.5</ele></trkpt>
    <trkpt lat="46.701316" lon="8.846852"><ele>1192.8</ele></trkpt>
    <trkpt lat="46.701389" lon="8.847005"><ele>1192.0</ele></trkpt>
    <trkpt lat="46.701463" lon="8.847157"><ele>1191.3</ele></trkpt>
    <trkpt lat="46.701537" lon="8.847310"><ele>1190.5</ele></trkpt>
    <trkpt lat="46.701611" lon="8.847463"><ele>1189.7</ele></trkpt>
    <trkpt lat="46.701683" lon="8.847617"><ele>1189.0</ele></trkpt>
    <trkpt lat="46.701757" lon="8.847773"><ele>1188.2</ele></trkpt>
    <trkpt lat="46.701829" lon="8.847930"><ele>1187.5</ele></trkpt>
    <trkpt lat="46.701903" lon="8.848086"><ele>1186.8</ele></trkpt>
    <trkpt lat="46.701977" lon="8.848237"><ele>1186.1</ele></trkpt>
    <trkpt lat="46.702059" lon="8.848372"><ele>1185.4</ele></trkpt>
    <trkpt lat="46.702147" lon="8.848491"><ele>1184.8</ele></trkpt>
    <trkpt lat="46.702241" lon="8.848603"><ele>1184.1</ele></trkpt>
    <trkpt lat="46.702342" lon="8.848703"><ele>1183.4</ele></trkpt>
    <trkpt lat="46.702451" lon="8.848792"><ele>1182.8</ele></trkpt>
    <trkpt lat="46.702564" lon="8.848869"><ele>1182.1</ele></trkpt>
    <trkpt lat="46.702679" lon="8.848945"><ele>1181.4</ele></trkpt>
    <trkpt lat="46.702795" lon="8.849021"><ele>1180.7</ele></trkpt>
    <trkpt lat="46.702912" lon="8.849101"><ele>1180.0</ele></trkpt>
    <trkpt lat="46.703028" lon="8.849174"><ele>1179.3</ele></trkpt>
    <trkpt lat="46.703141" lon="8.849248"><ele>1178.6</ele></trkpt>
    <trkpt lat="46.703253" lon="8.849320"><ele>1177.9</ele></trkpt>
    <trkpt lat="46.703362" lon="8.849391"><ele>1177.3</ele></trkpt>
    <trkpt lat="46.703466" lon="8.849461"><ele>1176.6</ele></trkpt>
    <trkpt lat="46.703568" lon="8.849527"><ele>1176.0</ele></trkpt>
    <trkpt lat="46.703670" lon="8.849595"><ele>1175.4</ele></trkpt>
    <trkpt lat="46.703775" lon="8.849662"><ele>1174.8</ele></trkpt>
    <trkpt lat="46.703877" lon="8.849724"><ele>1174.2</ele></trkpt>
    <trkpt lat="46.703978" lon="8.849790"><ele>1173.6</ele></trkpt>
    <trkpt lat="46.704082" lon="8.849855"><ele>1173.0</ele></trkpt>
    <trkpt lat="46.704185" lon="8.849932"><ele>1172.3</ele></trkpt>
    <trkpt lat="46.704278" lon="8.850022"><ele>1171.7</ele></trkpt>
    <trkpt lat="46.704278" lon="8.850022"><ele>1171.7</ele></trkpt>
    <trkpt lat="46.704439" lon="8.850258"><ele>1170.5</ele></trkpt>
    <trkpt lat="46.704502" lon="8.850400"><ele>1169.8</ele></trkpt>
    <trkpt lat="46.704549" lon="8.850554"><ele>1169.2</ele></trkpt>
    <trkpt lat="46.704595" lon="8.850711"><ele>1168.5</ele></trkpt>
    <trkpt lat="46.704641" lon="8.850868"><ele>1167.9</ele></trkpt>
    <trkpt lat="46.704689" lon="8.851025"><ele>1167.2</ele></trkpt>
    <trkpt lat="46.704736" lon="8.851177"><ele>1166.5</ele></trkpt>
    <trkpt lat="46.704780" lon="8.851317"><ele>1165.9</ele></trkpt>
    <trkpt lat="46.704823" lon="8.851456"><ele>1165.4</ele></trkpt>
    <trkpt lat="46.704862" lon="8.851588"><ele>1164.8</ele></trkpt>
    <trkpt lat="46.704901" lon="8.851722"><ele>1164.2</ele></trkpt>
    <trkpt lat="46.704947" lon="8.851864"><ele>1163.6</ele></trkpt>
    <trkpt lat="46.704988" lon="8.851999"><ele>1163.0</ele></trkpt>
    <trkpt lat="46.705026" lon="8.852122"><ele>1162.5</ele></trkpt>
    <trkpt lat="46.705061" lon="8.852238"><ele>1162.0</ele></trkpt>
    <trkpt lat="46.705096" lon="8.852351"><ele>1161.5</ele></trkpt>
    <trkpt lat="46.705127" lon="8.852456"><ele>1161.1</ele></trkpt>
    <trkpt lat="46.705155" lon="8.852557"><ele>1160.7</ele></trkpt>
    <trkpt lat="46.705182" lon="8.852650"><ele>1160.3</ele></trkpt>
    <trkpt lat="46.705211" lon="8.852741"><ele>1159.9</ele></trkpt>
    <trkpt lat="46.705238" lon="8.852833"><ele>1159.5</ele></trkpt>
    <trkpt lat="46.705261" lon="8.852914"><ele>1159.2</ele></trkpt>
    <trkpt lat="46.705283" lon="8.852991"><ele>1158.8</ele></trkpt>
    <trkpt lat="46.705305" lon="8.853073"><ele>1158.5</ele></trkpt>
    <trkpt lat="46.705326" lon="8.853155"><ele>1158.1</ele></trkpt>
    <trkpt lat="46.705349" lon="8.853238"><ele>1157.7</ele></trkpt>
    <trkpt lat="46.705374" lon="8.853321"><ele>1157.3</ele></trkpt>
    <trkpt lat="46.705401" lon="8.853403"><ele>1156.9</ele></trkpt>
    <trkpt lat="46.705431" lon="8.853494"><ele>1156.5</ele></trkpt>
    <trkpt lat="46.705460" lon="8.853585"><ele>1156.1</ele></trkpt>
    <trkpt lat="46.705494" lon="8.853688"><ele>1155.6</ele></trkpt>
    <trkpt lat="46.705523" lon="8.853785"><ele>1155.2</ele></trkpt>
    <trkpt lat="46.705548" lon="8.853870"><ele>1154.8</ele></trkpt>
    <trkpt lat="46.705570" lon="8.853945"><ele>1154.4</ele></trkpt>
    <trkpt lat="46.705589" lon="8.854020"><ele>1154.1</ele></trkpt>
    <trkpt lat="46.705594" lon="8.854097"><ele>1153.8</ele></trkpt>
    <trkpt lat="46.705595" lon="8.854162"><ele>1153.5</ele></trkpt>
    <trkpt lat="46.705588" lon="8.854214"><ele>1153.3</ele></trkpt>
    <trkpt lat="46.705577" lon="8.854261"><ele>1153.1</ele></trkpt>
    <trkpt lat="46.705565" lon="8.854310"><ele>1152.8</ele></trkpt>
    <trkpt lat="46.705549" lon="8.854357"><ele>1152.6</ele></trkpt>
    <trkpt lat="46.705530" lon="8.854406"><ele>1152.4</ele></trkpt>
    <trkpt lat="46.705503" lon="8.854449"><ele>1152.1</ele></trkpt>
    <trkpt lat="46.705463" lon="8.854467"><ele>1151.9</ele></trkpt>
    <trkpt lat="46.705418" lon="8.854449"><ele>1151.6</ele></trkpt>
    <trkpt lat="46.705385" lon="8.854391"><ele>1151.3</ele></trkpt>
    <trkpt lat="46.705368" lon="8.854310"><ele>1150.9</ele></trkpt>
    <trkpt lat="46.705359" lon="8.854219"><ele>1150.5</ele></trkpt>
    <trkpt lat="46.705342" lon="8.854119"><ele>1150.1</ele></trkpt>
    <trkpt lat="46.705319" lon="8.854015"><ele>1149.6</ele></trkpt>
    <trkpt lat="46.705296" lon="8.853900"><ele>1149.1</ele></trkpt>
    <trkpt lat="46.705272" lon="8.853782"><ele>1148.6</ele></trkpt>
    <trkpt lat="46.705239" lon="8.853661"><ele>1148.0</ele></trkpt>
    <trkpt lat="46.705197" lon="8.853550"><ele>1147.6</ele></trkpt>
    <trkpt lat="46.705144" lon="8.853456"><ele>1147.1</ele></trkpt>
    <trkpt lat="46.705084" lon="8.853378"><ele>1146.7</ele></trkpt>
    <trkpt lat="46.705014" lon="8.853319"><ele>1146.3</ele></trkpt>
    <trkpt lat="46.704936" lon="8.853279"><ele>1145.9</ele></trkpt>
    <trkpt lat="46.704862" lon="8.853263"><ele>1145.5</ele></trkpt>
    <trkpt lat="46.704795" lon="8.853265"><ele>1145.2</ele></trkpt>
    <trkpt lat="46.704725" lon="8.853266"><ele>1144.8</ele></trkpt>
    <trkpt lat="46.704653" lon="8.853266"><ele>1144.5</ele></trkpt>
    <trkpt lat="46.704579" lon="8.853265"><ele>1144.1</ele></trkpt>
    <trkpt lat="46.704506" lon="8.853263"><ele>1143.7</ele></trkpt>
    <trkpt lat="46.704431" lon="8.853263"><ele>1143.4</ele></trkpt>
    <trkpt lat="46.704354" lon="8.853259"><ele>1143.0</ele></trkpt>
    <trkpt lat="46.704279" lon="8.853261"><ele>1142.6</ele></trkpt>
    <trkpt lat="46.704206" lon="8.853259"><ele>1142.2</ele></trkpt>
    <trkpt lat="46.704140" lon="8.853257"><ele>1141.9</ele></trkpt>
    <trkpt lat="46.704085" lon="8.853255"><ele>1141.6</ele></trkpt>
    <trkpt lat="46.704046" lon="8.853253"><ele>1141.4</ele></trkpt>
    <trkpt lat="46.704016" lon="8.853249"><ele>1141.3</ele></trkpt>
    <trkpt lat="46.703995" lon="8.853243"><ele>1141.2</ele></trkpt>
    <trkpt lat="46.703978" lon="8.853235"><ele>1141.1</ele></trkpt>
    <trkpt lat="46.703962" lon="8.853229"><ele>1141.0</ele></trkpt>
    <trkpt lat="46.703944" lon="8.853222"><ele>1140.9</ele></trkpt>
    <trkpt lat="46.703922" lon="8.853215"><ele>1140.8</ele></trkpt>
    <trkpt lat="46.703902" lon="8.853208"><ele>1140.7</ele></trkpt>
    <trkpt lat="46.703879" lon="8.853198"><ele>1140.6</ele></trkpt>
    <trkpt lat="46.703858" lon="8.853190"><ele>1140.4</ele></trkpt>
    <trkpt lat="46.703833" lon="8.853175"><ele>1140.3</ele></trkpt>
    <trkpt lat="46.703803" lon="8.853154"><ele>1140.1</ele></trkpt>
    <trkpt lat="46.703769" lon="8.853131"><ele>1140.0</ele></trkpt>
    <trkpt lat="46.703730" lon="8.853102"><ele>1139.7</ele></trkpt>
    <trkpt lat="46.703688" lon="8.853071"><ele>1139.5</ele></trkpt>
    <trkpt lat="46.703644" lon="8.853039"><ele>1139.3</ele></trkpt>
    <trkpt lat="46.703595" lon="8.853001"><ele>1139.0</ele></trkpt>
    <trkpt lat="46.703543" lon="8.852963"><ele>1138.7</ele></trkpt>
    <trkpt lat="46.703491" lon="8.852928"><ele>1138.6</ele></trkpt>
    <trkpt lat="46.703435" lon="8.852888"><ele>1138.6</ele></trkpt>
    <trkpt lat="46.703376" lon="8.852846"><ele>1138.5</ele></trkpt>
    <trkpt lat="46.703312" lon="8.852802"><ele>1138.4</ele></trkpt>
    <trkpt lat="46.703242" lon="8.852765"><ele>1138.4</ele></trkpt>
    <trkpt lat="46.703166" lon="8.852743"><ele>1138.3</ele></trkpt>
    <trkpt lat="46.703085" lon="8.852733"><ele>1138.2</ele></trkpt>
    <trkpt lat="46.703001" lon="8.852739"><ele>1138.1</ele></trkpt>
    <trkpt lat="46.702923" lon="8.852772"><ele>1138.0</ele></trkpt>
    <trkpt lat="46.702849" lon="8.852820"><ele>1138.0</ele></trkpt>
    <trkpt lat="46.702782" lon="8.852883"><ele>1137.9</ele></trkpt>
    <trkpt lat="46.702720" lon="8.852950"><ele>1137.8</ele></trkpt>
    <trkpt lat="46.702663" lon="8.853024"><ele>1137.7</ele></trkpt>
    <trkpt lat="46.702615" lon="8.853100"><ele>1137.7</ele></trkpt>
    <trkpt lat="46.702578" lon="8.853186"><ele>1137.6</ele></trkpt>
    <trkpt lat="46.702550" lon="8.853275"><ele>1137.5</ele></trkpt>
    <trkpt lat="46.702540" lon="8.853365"><ele>1137.5</ele></trkpt>
    <trkpt lat="46.702550" lon="8.853461"><ele>1137.4</ele></trkpt>
    <trkpt lat="46.702570" lon="8.853551"><ele>1137.3</ele></trkpt>
    <trkpt lat="46.702601" lon="8.853637"><ele>1137.3</ele></trkpt>
    <trkpt lat="46.702637" lon="8.853716"><ele>1137.2</ele></trkpt>
    <trkpt lat="46.702677" lon="8.853793"><ele>1137.2</ele></trkpt>
    <trkpt lat="46.702718" lon="8.853864"><ele>1137.1</ele></trkpt>
    <trkpt lat="46.702758" lon="8.853937"><ele>1137.0</ele></trkpt>
    <trkpt lat="46.702797" lon="8.854013"><ele>1137.0</ele></trkpt>
    <trkpt lat="46.702830" lon="8.854095"><ele>1136.9</ele></trkpt>
    <trkpt lat="46.702850" lon="8.854177"><ele>1136.8</ele></trkpt>
    <trkpt lat="46.702860" lon="8.854252"><ele>1136.8</ele></trkpt>
    <trkpt lat="46.702861" lon="8.854319"><ele>1136.7</ele></trkpt>
    <trkpt lat="46.702858" lon="8.854378"><ele>1136.7</ele></trkpt>
    <trkpt lat="46.702851" lon="8.854432"><ele>1136.7</ele></trkpt>
    <trkpt lat="46.702838" lon="8.854479"><ele>1136.6</ele></trkpt>
    <trkpt lat="46.702819" lon="8.854527"><ele>1136.6</ele></trkpt>
    <trkpt lat="46.702795" lon="8.854582"><ele>1136.5</ele></trkpt>
    <trkpt lat="46.702771" lon="8.854634"><ele>1136.5</ele></trkpt>
    <trkpt lat="46.702745" lon="8.854683"><ele>1136.4</ele></trkpt>
    <trkpt lat="46.702713" lon="8.854722"><ele>1136.4</ele></trkpt>
    <trkpt lat="46.702677" lon="8.854761"><ele>1136.4</ele></trkpt>
    <trkpt lat="46.702646" lon="8.854810"><ele>1136.3</ele></trkpt>
    <trkpt lat="46.702615" lon="8.854860"><ele>1136.3</ele></trkpt>
    <trkpt lat="46.702582" lon="8.854911"><ele>1136.2</ele></trkpt>
    <trkpt lat="46.702550" lon="8.854965"><ele>1136.2</ele></trkpt>
    <trkpt lat="46.702516" lon="8.855020"><ele>1136.1</ele></trkpt>
    <trkpt lat="46.702480" lon="8.855073"><ele>1136.1</ele></trkpt>
    <trkpt lat="46.702443" lon="8.855123"><ele>1136.0</ele></trkpt>
  </trkseg></trk>
</gpx>
